detector,target_group,alpha_vulnerable,alpha_safe,method,vulnerable_violation,safe_violation,max_relative_violation,singleton_coverage,review_load,pr_auc,brier,f1,mcc
codebert,FreeRDP,0.01,0.05,estimated_weight_no_gate_clip_20,0.0,0.0,0.0,0.055180180180180186,0.9448198198198197,0.12682293810450482,0.1725428080244578,0.20567375886524825,0.0815284598416891
codebert,FreeRDP,0.01,0.05,unweighted_mondrian,0.14957446808510638,0.0,14.957446808510635,0.24211711711711711,0.7578828828828829,0.12682293810450482,0.1725428080244578,0.20567375886524825,0.0815284598416891
codebert,FreeRDP,0.01,0.05,vultriage_full_gate_clip_20,0.0,0.0,0.0,0.055180180180180186,0.9448198198198197,0.12682293810450482,0.1725428080244578,0.20567375886524825,0.0815284598416891
codebert,FreeRDP,0.01,0.1,estimated_weight_no_gate_clip_20,0.0,0.0,0.0,0.09234234234234234,0.9076576576576578,0.12682293810450482,0.1725428080244578,0.20567375886524825,0.0815284598416891
codebert,FreeRDP,0.01,0.1,unweighted_mondrian,0.14957446808510638,0.0,14.957446808510635,0.27815315315315314,0.7218468468468469,0.12682293810450482,0.1725428080244578,0.20567375886524825,0.0815284598416891
codebert,FreeRDP,0.01,0.1,vultriage_full_gate_clip_20,0.0,0.0,0.0,0.09234234234234234,0.9076576576576578,0.12682293810450482,0.1725428080244578,0.20567375886524825,0.0815284598416891
codebert,FreeRDP,0.01,0.2,estimated_weight_no_gate_clip_20,0.0,0.0,0.0,0.1768018018018018,0.8231981981981982,0.12682293810450482,0.1725428080244578,0.20567375886524825,0.0815284598416891
codebert,FreeRDP,0.01,0.2,unweighted_mondrian,0.14957446808510638,0.0,14.957446808510635,0.34459459459459457,0.6554054054054054,0.12682293810450482,0.1725428080244578,0.20567375886524825,0.0815284598416891
codebert,FreeRDP,0.01,0.2,vultriage_full_gate_clip_20,0.0,0.0,0.0,0.1768018018018018,0.8231981981981982,0.12682293810450482,0.1725428080244578,0.20567375886524825,0.0815284598416891
codebert,FreeRDP,0.05,0.05,estimated_weight_no_gate_clip_20,0.3648936170212766,0.0,7.29787234042553,0.5225225225225225,0.4774774774774775,0.12682293810450482,0.1725428080244578,0.20567375886524825,0.0815284598416891
codebert,FreeRDP,0.05,0.05,unweighted_mondrian,0.37553191489361704,0.0,7.51063829787234,0.543918918918919,0.45608108108108103,0.12682293810450482,0.1725428080244578,0.20567375886524825,0.0815284598416891
codebert,FreeRDP,0.05,0.05,vultriage_full_gate_clip_20,0.3648936170212766,0.0,7.29787234042553,0.5225225225225225,0.4774774774774775,0.12682293810450482,0.1725428080244578,0.20567375886524825,0.0815284598416891
codebert,FreeRDP,0.05,0.1,estimated_weight_no_gate_clip_20,0.3648936170212766,0.0,7.29787234042553,0.5596846846846847,0.4403153153153153,0.12682293810450482,0.1725428080244578,0.20567375886524825,0.0815284598416891
codebert,FreeRDP,0.05,0.1,unweighted_mondrian,0.37553191489361704,0.0,7.51063829787234,0.579954954954955,0.42004504504504503,0.12682293810450482,0.1725428080244578,0.20567375886524825,0.0815284598416891
codebert,FreeRDP,0.05,0.1,vultriage_full_gate_clip_20,0.3648936170212766,0.0,7.29787234042553,0.5596846846846847,0.4403153153153153,0.12682293810450482,0.1725428080244578,0.20567375886524825,0.0815284598416891
codebert,FreeRDP,0.05,0.2,estimated_weight_no_gate_clip_20,0.3648936170212766,0.0,7.29787234042553,0.6441441441441441,0.35585585585585583,0.12682293810450482,0.1725428080244578,0.20567375886524825,0.0815284598416891
codebert,FreeRDP,0.05,0.2,unweighted_mondrian,0.37553191489361704,0.0,7.51063829787234,0.6463963963963963,0.3536036036036036,0.12682293810450482,0.1725428080244578,0.20567375886524825,0.0815284598416891
codebert,FreeRDP,0.05,0.2,vultriage_full_gate_clip_20,0.3648936170212766,0.0,7.29787234042553,0.6441441441441441,0.35585585585585583,0.12682293810450482,0.1725428080244578,0.20567375886524825,0.0815284598416891
codebert,FreeRDP,0.1,0.05,estimated_weight_no_gate_clip_20,0.4957446808510638,0.0,4.957446808510638,0.6801801801801802,0.31981981981981983,0.12682293810450482,0.1725428080244578,0.20567375886524825,0.0815284598416891
codebert,FreeRDP,0.1,0.05,unweighted_mondrian,0.5170212765957447,0.0,5.170212765957447,0.7184684684684685,0.28153153153153154,0.12682293810450482,0.1725428080244578,0.20567375886524825,0.0815284598416891
codebert,FreeRDP,0.1,0.05,vultriage_full_gate_clip_20,0.4957446808510638,0.0,4.957446808510638,0.6801801801801802,0.31981981981981983,0.12682293810450482,0.1725428080244578,0.20567375886524825,0.0815284598416891
codebert,FreeRDP,0.1,0.1,estimated_weight_no_gate_clip_20,0.4957446808510638,0.0,4.957446808510638,0.7173423423423423,0.28265765765765766,0.12682293810450482,0.1725428080244578,0.20567375886524825,0.0815284598416891
codebert,FreeRDP,0.1,0.1,unweighted_mondrian,0.5170212765957447,0.0,5.170212765957447,0.7545045045045045,0.24549549549549549,0.12682293810450482,0.1725428080244578,0.20567375886524825,0.0815284598416891
codebert,FreeRDP,0.1,0.1,vultriage_full_gate_clip_20,0.4957446808510638,0.0,4.957446808510638,0.7173423423423423,0.28265765765765766,0.12682293810450482,0.1725428080244578,0.20567375886524825,0.0815284598416891
codebert,FreeRDP,0.1,0.2,estimated_weight_no_gate_clip_20,0.4957446808510638,0.0,4.957446808510638,0.8018018018018018,0.1981981981981982,0.12682293810450482,0.1725428080244578,0.20567375886524825,0.0815284598416891
codebert,FreeRDP,0.1,0.2,unweighted_mondrian,0.5170212765957447,0.0,5.170212765957447,0.8209459459459459,0.17905405405405406,0.12682293810450482,0.1725428080244578,0.20567375886524825,0.0815284598416891
codebert,FreeRDP,0.1,0.2,vultriage_full_gate_clip_20,0.4957446808510638,0.0,4.957446808510638,0.8018018018018018,0.1981981981981982,0.12682293810450482,0.1725428080244578,0.20567375886524825,0.0815284598416891
codebert,envoy,0.01,0.05,estimated_weight_no_gate_clip_20,0.04042016806722689,0.0,4.042016806722689,0.1267928858290304,0.8732071141709696,0.07417094287335807,0.1917780413067091,0.09652928416485901,0.03162923743323539
codebert,envoy,0.01,0.05,unweighted_mondrian,0.08243697478991598,0.0,8.243697478991598,0.18722509083954866,0.8127749091604514,0.07417094287335807,0.1917780413067091,0.09652928416485901,0.03162923743323539
codebert,envoy,0.01,0.05,vultriage_full_gate_clip_20,0.04042016806722689,0.0,4.042016806722689,0.1267928858290304,0.8732071141709696,0.07417094287335807,0.1917780413067091,0.09652928416485901,0.03162923743323539
codebert,envoy,0.01,0.1,estimated_weight_no_gate_clip_20,0.04042016806722689,0.0,4.042016806722689,0.19468349588831516,0.8053165041116849,0.07417094287335807,0.1917780413067091,0.09652928416485901,0.03162923743323539
codebert,envoy,0.01,0.1,unweighted_mondrian,0.08243697478991598,0.0,8.243697478991598,0.23484413845859628,0.7651558615414037,0.07417094287335807,0.1917780413067091,0.09652928416485901,0.03162923743323539
codebert,envoy,0.01,0.1,vultriage_full_gate_clip_20,0.04042016806722689,0.0,4.042016806722689,0.19468349588831516,0.8053165041116849,0.07417094287335807,0.1917780413067091,0.09652928416485901,0.03162923743323539
codebert,envoy,0.01,0.2,estimated_weight_no_gate_clip_20,0.04042016806722689,0.06207172911240233,4.042016806722689,0.36221074775291645,0.6377892522470836,0.07417094287335807,0.1917780413067091,0.09652928416485901,0.03162923743323539
codebert,envoy,0.01,0.2,unweighted_mondrian,0.08243697478991598,0.00997796032859144,8.243697478991598,0.372346528973035,0.627653471026965,0.07417094287335807,0.1917780413067091,0.09652928416485901,0.03162923743323539
codebert,envoy,0.01,0.2,vultriage_full_gate_clip_20,0.04042016806722689,0.06207172911240233,4.042016806722689,0.36221074775291645,0.6377892522470836,0.07417094287335807,0.1917780413067091,0.09652928416485901,0.03162923743323539
codebert,envoy,0.05,0.05,estimated_weight_no_gate_clip_20,0.10546218487394958,0.0,2.1092436974789917,0.2642952763434691,0.7357047236565308,0.07417094287335807,0.1917780413067091,0.09652928416485901,0.03162923743323539
codebert,envoy,0.05,0.05,unweighted_mondrian,0.223109243697479,0.0,4.462184873949579,0.3782750047810289,0.6217249952189712,0.07417094287335807,0.1917780413067091,0.09652928416485901,0.03162923743323539
codebert,envoy,0.05,0.05,vultriage_full_gate_clip_20,0.10546218487394958,0.0,2.1092436974789917,0.2642952763434691,0.7357047236565308,0.07417094287335807,0.1917780413067091,0.09652928416485901,0.03162923743323539
codebert,envoy,0.05,0.1,estimated_weight_no_gate_clip_20,0.10546218487394958,0.0,2.1092436974789917,0.33218588640275387,0.6678141135972461,0.07417094287335807,0.1917780413067091,0.09652928416485901,0.03162923743323539
codebert,envoy,0.05,0.1,unweighted_mondrian,0.223109243697479,0.0,4.462184873949579,0.42589405240007655,0.5741059475999235,0.07417094287335807,0.1917780413067091,0.09652928416485901,0.03162923743323539
codebert,envoy,0.05,0.1,vultriage_full_gate_clip_20,0.10546218487394958,0.0,2.1092436974789917,0.33218588640275387,0.6678141135972461,0.07417094287335807,0.1917780413067091,0.09652928416485901,0.03162923743323539
codebert,envoy,0.05,0.2,estimated_weight_no_gate_clip_20,0.10546218487394958,0.06207172911240233,2.1092436974789917,0.4997131382673551,0.5002868617326449,0.07417094287335807,0.1917780413067091,0.09652928416485901,0.03162923743323539
codebert,envoy,0.05,0.2,unweighted_mondrian,0.223109243697479,0.00997796032859144,4.462184873949579,0.5633964429145152,0.4366035570854848,0.07417094287335807,0.1917780413067091,0.09652928416485901,0.03162923743323539
codebert,envoy,0.05,0.2,vultriage_full_gate_clip_20,0.10546218487394958,0.06207172911240233,2.1092436974789917,0.4997131382673551,0.5002868617326449,0.07417094287335807,0.1917780413067091,0.09652928416485901,0.03162923743323539
codebert,envoy,0.1,0.05,estimated_weight_no_gate_clip_20,0.17310924369747896,0.0,1.7310924369747895,0.3757888697647734,0.6242111302352267,0.07417094287335807,0.1917780413067091,0.09652928416485901,0.03162923743323539
codebert,envoy,0.1,0.05,unweighted_mondrian,0.31596638655462184,0.0,3.1596638655462184,0.5396825396825397,0.4603174603174603,0.07417094287335807,0.1917780413067091,0.09652928416485901,0.03162923743323539
codebert,envoy,0.1,0.05,vultriage_full_gate_clip_20,0.17310924369747896,0.0,1.7310924369747895,0.3757888697647734,0.6242111302352267,0.07417094287335807,0.1917780413067091,0.09652928416485901,0.03162923743323539
codebert,envoy,0.1,0.1,estimated_weight_no_gate_clip_20,0.17310924369747896,0.0,1.7310924369747895,0.4436794798240581,0.5563205201759419,0.07417094287335807,0.1917780413067091,0.09652928416485901,0.03162923743323539
codebert,envoy,0.1,0.1,unweighted_mondrian,0.31596638655462184,0.0,3.1596638655462184,0.5873015873015873,0.4126984126984127,0.07417094287335807,0.1917780413067091,0.09652928416485901,0.03162923743323539
codebert,envoy,0.1,0.1,vultriage_full_gate_clip_20,0.17310924369747896,0.0,1.7310924369747895,0.4436794798240581,0.5563205201759419,0.07417094287335807,0.1917780413067091,0.09652928416485901,0.03162923743323539
codebert,envoy,0.1,0.2,estimated_weight_no_gate_clip_20,0.17310924369747896,0.06207172911240233,1.7310924369747895,0.6112067316886594,0.3887932683113406,0.07417094287335807,0.1917780413067091,0.09652928416485901,0.03162923743323539
codebert,envoy,0.1,0.2,unweighted_mondrian,0.31596638655462184,0.00997796032859144,3.1596638655462184,0.724803977816026,0.275196022183974,0.07417094287335807,0.1917780413067091,0.09652928416485901,0.03162923743323539
codebert,envoy,0.1,0.2,vultriage_full_gate_clip_20,0.17310924369747896,0.06207172911240233,1.7310924369747895,0.6112067316886594,0.3887932683113406,0.07417094287335807,0.1917780413067091,0.09652928416485901,0.03162923743323539
codebert,ffmpeg,0.01,0.05,estimated_weight_no_gate_clip_20,0.011739130434782608,0.0,1.1739130434782608,0.11073825503355705,0.889261744966443,0.17082991401551045,0.2321125886112989,0.24657534246575344,0.21725817079929471
codebert,ffmpeg,0.01,0.05,unweighted_mondrian,0.011739130434782608,0.04636363636363636,1.1739130434782608,0.15604026845637584,0.8439597315436241,0.17082991401551045,0.2321125886112989,0.24657534246575344,0.21725817079929471
codebert,ffmpeg,0.01,0.05,vultriage_full_gate_clip_20,0.011739130434782608,0.0,1.1739130434782608,0.11073825503355705,0.889261744966443,0.17082991401551045,0.2321125886112989,0.24657534246575344,0.21725817079929471
codebert,ffmpeg,0.01,0.1,estimated_weight_no_gate_clip_20,0.011739130434782608,0.018181818181818174,1.1739130434782608,0.19798657718120805,0.8020134228187918,0.17082991401551045,0.2321125886112989,0.24657534246575344,0.21725817079929471
codebert,ffmpeg,0.01,0.1,unweighted_mondrian,0.011739130434782608,0.06363636363636363,1.1739130434782608,0.23657718120805366,0.7634228187919463,0.17082991401551045,0.2321125886112989,0.24657534246575344,0.21725817079929471
codebert,ffmpeg,0.01,0.1,vultriage_full_gate_clip_20,0.011739130434782608,0.018181818181818174,1.1739130434782608,0.19798657718120805,0.8020134228187918,0.17082991401551045,0.2321125886112989,0.24657534246575344,0.21725817079929471
codebert,ffmpeg,0.01,0.2,estimated_weight_no_gate_clip_20,0.011739130434782608,0.005454545454545434,1.1739130434782608,0.2936241610738255,0.7063758389261745,0.17082991401551045,0.2321125886112989,0.24657534246575344,0.21725817079929471
codebert,ffmpeg,0.01,0.2,unweighted_mondrian,0.011739130434782608,0.09272727272727271,1.1739130434782608,0.37416107382550334,0.6258389261744967,0.17082991401551045,0.2321125886112989,0.24657534246575344,0.21725817079929471
codebert,ffmpeg,0.01,0.2,vultriage_full_gate_clip_20,0.011739130434782608,0.005454545454545434,1.1739130434782608,0.2936241610738255,0.7063758389261745,0.17082991401551045,0.2321125886112989,0.24657534246575344,0.21725817079929471
codebert,ffmpeg,0.05,0.05,estimated_weight_no_gate_clip_20,0.0,0.0,0.0,0.348993288590604,0.6510067114093959,0.17082991401551045,0.2321125886112989,0.24657534246575344,0.21725817079929471
codebert,ffmpeg,0.05,0.05,unweighted_mondrian,0.0,0.04636363636363636,0.9272727272727271,0.3724832214765101,0.62751677852349,0.17082991401551045,0.2321125886112989,0.24657534246575344,0.21725817079929471
codebert,ffmpeg,0.05,0.05,vultriage_full_gate_clip_20,0.0,0.0,0.0,0.348993288590604,0.6510067114093959,0.17082991401551045,0.2321125886112989,0.24657534246575344,0.21725817079929471
codebert,ffmpeg,0.05,0.1,estimated_weight_no_gate_clip_20,0.0,0.018181818181818174,0.18181818181818174,0.43624161073825507,0.5637583892617449,0.17082991401551045,0.2321125886112989,0.24657534246575344,0.21725817079929471
codebert,ffmpeg,0.05,0.1,unweighted_mondrian,0.0,0.06363636363636363,0.6363636363636362,0.45302013422818793,0.5469798657718121,0.17082991401551045,0.2321125886112989,0.24657534246575344,0.21725817079929471
codebert,ffmpeg,0.05,0.1,vultriage_full_gate_clip_20,0.0,0.018181818181818174,0.18181818181818174,0.43624161073825507,0.5637583892617449,0.17082991401551045,0.2321125886112989,0.24657534246575344,0.21725817079929471
codebert,ffmpeg,0.05,0.2,estimated_weight_no_gate_clip_20,0.0,0.005454545454545434,0.02727272727272717,0.5318791946308725,0.46812080536912754,0.17082991401551045,0.2321125886112989,0.24657534246575344,0.21725817079929471
codebert,ffmpeg,0.05,0.2,unweighted_mondrian,0.0,0.09272727272727271,0.46363636363636357,0.5906040268456376,0.4093959731543625,0.17082991401551045,0.2321125886112989,0.24657534246575344,0.21725817079929471
codebert,ffmpeg,0.05,0.2,vultriage_full_gate_clip_20,0.0,0.005454545454545434,0.02727272727272717,0.5318791946308725,0.46812080536912754,0.17082991401551045,0.2321125886112989,0.24657534246575344,0.21725817079929471
codebert,ffmpeg,0.1,0.05,estimated_weight_no_gate_clip_20,0.008695652173913035,0.0,0.08695652173913035,0.5453020134228188,0.4546979865771812,0.17082991401551045,0.2321125886112989,0.24657534246575344,0.21725817079929471
codebert,ffmpeg,0.1,0.05,unweighted_mondrian,0.0,0.04636363636363636,0.9272727272727271,0.535234899328859,0.46476510067114096,0.17082991401551045,0.2321125886112989,0.24657534246575344,0.21725817079929471
codebert,ffmpeg,0.1,0.05,vultriage_full_gate_clip_20,0.008695652173913035,0.0,0.08695652173913035,0.5453020134228188,0.4546979865771812,0.17082991401551045,0.2321125886112989,0.24657534246575344,0.21725817079929471
codebert,ffmpeg,0.1,0.1,estimated_weight_no_gate_clip_20,0.008695652173913035,0.018181818181818174,0.18181818181818174,0.6325503355704698,0.3674496644295302,0.17082991401551045,0.2321125886112989,0.24657534246575344,0.21725817079929471
codebert,ffmpeg,0.1,0.1,unweighted_mondrian,0.0,0.06363636363636363,0.6363636363636362,0.6157718120805369,0.38422818791946306,0.17082991401551045,0.2321125886112989,0.24657534246575344,0.21725817079929471
codebert,ffmpeg,0.1,0.1,vultriage_full_gate_clip_20,0.008695652173913035,0.018181818181818174,0.18181818181818174,0.6325503355704698,0.3674496644295302,0.17082991401551045,0.2321125886112989,0.24657534246575344,0.21725817079929471
codebert,ffmpeg,0.1,0.2,estimated_weight_no_gate_clip_20,0.008695652173913035,0.005454545454545434,0.08695652173913035,0.7281879194630873,0.27181208053691275,0.17082991401551045,0.2321125886112989,0.24657534246575344,0.21725817079929471
codebert,ffmpeg,0.1,0.2,unweighted_mondrian,0.0,0.09272727272727271,0.46363636363636357,0.7533557046979866,0.24664429530201343,0.17082991401551045,0.2321125886112989,0.24657534246575344,0.21725817079929471
codebert,ffmpeg,0.1,0.2,vultriage_full_gate_clip_20,0.008695652173913035,0.005454545454545434,0.08695652173913035,0.7281879194630873,0.27181208053691275,0.17082991401551045,0.2321125886112989,0.24657534246575344,0.21725817079929471
codebert,ghostpdl,0.01,0.05,estimated_weight_no_gate_clip_20,0.12414634146341466,0.0,12.414634146341465,0.2396039603960396,0.7603960396039604,0.1623814766440297,0.18863542710183342,0.24000000000000005,0.1731322776607561
codebert,ghostpdl,0.01,0.05,unweighted_mondrian,0.0753658536585366,0.0,7.536585365853659,0.2,0.8,0.1623814766440297,0.18863542710183342,0.24000000000000005,0.1731322776607561
codebert,ghostpdl,0.01,0.05,vultriage_full_gate_clip_20,0.12414634146341466,0.0,12.414634146341465,0.2396039603960396,0.7603960396039604,0.1623814766440297,0.18863542710183342,0.24000000000000005,0.1731322776607561
codebert,ghostpdl,0.01,0.1,estimated_weight_no_gate_clip_20,0.12414634146341466,0.0,12.414634146341465,0.28316831683168314,0.7168316831683168,0.1623814766440297,0.18863542710183342,0.24000000000000005,0.1731322776607561
codebert,ghostpdl,0.01,0.1,unweighted_mondrian,0.0753658536585366,0.0,7.536585365853659,0.2613861386138614,0.7386138613861386,0.1623814766440297,0.18863542710183342,0.24000000000000005,0.1731322776607561
codebert,ghostpdl,0.01,0.1,vultriage_full_gate_clip_20,0.12414634146341466,0.0,12.414634146341465,0.28316831683168314,0.7168316831683168,0.1623814766440297,0.18863542710183342,0.24000000000000005,0.1731322776607561
codebert,ghostpdl,0.01,0.2,estimated_weight_no_gate_clip_20,0.12414634146341466,0.0,12.414634146341465,0.38514851485148516,0.6148514851485148,0.1623814766440297,0.18863542710183342,0.24000000000000005,0.1731322776607561
codebert,ghostpdl,0.01,0.2,unweighted_mondrian,0.0753658536585366,0.004741379310344823,7.536585365853659,0.38613861386138615,0.6138613861386139,0.1623814766440297,0.18863542710183342,0.24000000000000005,0.1731322776607561
codebert,ghostpdl,0.01,0.2,vultriage_full_gate_clip_20,0.12414634146341466,0.0,12.414634146341465,0.38514851485148516,0.6148514851485148,0.1623814766440297,0.18863542710183342,0.24000000000000005,0.1731322776607561
codebert,ghostpdl,0.05,0.05,estimated_weight_no_gate_clip_20,0.1329268292682927,0.0,2.658536585365854,0.45049504950495056,0.5495049504950495,0.1623814766440297,0.18863542710183342,0.24000000000000005,0.1731322776607561
codebert,ghostpdl,0.05,0.05,unweighted_mondrian,0.1207317073170732,0.0,2.4146341463414633,0.40693069306930696,0.593069306930693,0.1623814766440297,0.18863542710183342,0.24000000000000005,0.1731322776607561
codebert,ghostpdl,0.05,0.05,vultriage_full_gate_clip_20,0.1329268292682927,0.0,2.658536585365854,0.45049504950495056,0.5495049504950495,0.1623814766440297,0.18863542710183342,0.24000000000000005,0.1731322776607561
codebert,ghostpdl,0.05,0.1,estimated_weight_no_gate_clip_20,0.1329268292682927,0.0,2.658536585365854,0.49405940594059405,0.505940594059406,0.1623814766440297,0.18863542710183342,0.24000000000000005,0.1731322776607561
codebert,ghostpdl,0.05,0.1,unweighted_mondrian,0.1207317073170732,0.0,2.4146341463414633,0.4683168316831684,0.5316831683168317,0.1623814766440297,0.18863542710183342,0.24000000000000005,0.1731322776607561
codebert,ghostpdl,0.05,0.1,vultriage_full_gate_clip_20,0.1329268292682927,0.0,2.658536585365854,0.49405940594059405,0.505940594059406,0.1623814766440297,0.18863542710183342,0.24000000000000005,0.1731322776607561
codebert,ghostpdl,0.05,0.2,estimated_weight_no_gate_clip_20,0.1329268292682927,0.0,2.658536585365854,0.596039603960396,0.403960396039604,0.1623814766440297,0.18863542710183342,0.24000000000000005,0.1731322776607561
codebert,ghostpdl,0.05,0.2,unweighted_mondrian,0.1207317073170732,0.004741379310344823,2.4146341463414633,0.593069306930693,0.40693069306930696,0.1623814766440297,0.18863542710183342,0.24000000000000005,0.1731322776607561
codebert,ghostpdl,0.05,0.2,vultriage_full_gate_clip_20,0.1329268292682927,0.0,2.658536585365854,0.596039603960396,0.403960396039604,0.1623814766440297,0.18863542710183342,0.24000000000000005,0.1731322776607561
codebert,ghostpdl,0.1,0.05,estimated_weight_no_gate_clip_20,0.21707317073170734,0.0,2.170731707317073,0.5732673267326732,0.4267326732673268,0.1623814766440297,0.18863542710183342,0.24000000000000005,0.1731322776607561
codebert,ghostpdl,0.1,0.05,unweighted_mondrian,0.15609756097560976,0.0,1.5609756097560974,0.5445544554455446,0.4554455445544555,0.1623814766440297,0.18863542710183342,0.24000000000000005,0.1731322776607561
codebert,ghostpdl,0.1,0.05,vultriage_full_gate_clip_20,0.21707317073170734,0.0,2.170731707317073,0.5732673267326732,0.4267326732673268,0.1623814766440297,0.18863542710183342,0.24000000000000005,0.1731322776607561
codebert,ghostpdl,0.1,0.1,estimated_weight_no_gate_clip_20,0.21707317073170734,0.0,2.170731707317073,0.6168316831683168,0.3831683168316832,0.1623814766440297,0.18863542710183342,0.24000000000000005,0.1731322776607561
codebert,ghostpdl,0.1,0.1,unweighted_mondrian,0.15609756097560976,0.0,1.5609756097560974,0.6059405940594059,0.3940594059405941,0.1623814766440297,0.18863542710183342,0.24000000000000005,0.1731322776607561
codebert,ghostpdl,0.1,0.1,vultriage_full_gate_clip_20,0.21707317073170734,0.0,2.170731707317073,0.6168316831683168,0.3831683168316832,0.1623814766440297,0.18863542710183342,0.24000000000000005,0.1731322776607561
codebert,ghostpdl,0.1,0.2,estimated_weight_no_gate_clip_20,0.21707317073170734,0.0,2.170731707317073,0.7188118811881188,0.2811881188118812,0.1623814766440297,0.18863542710183342,0.24000000000000005,0.1731322776607561
codebert,ghostpdl,0.1,0.2,unweighted_mondrian,0.15609756097560976,0.004741379310344823,1.5609756097560974,0.7306930693069307,0.2693069306930693,0.1623814766440297,0.18863542710183342,0.24000000000000005,0.1731322776607561
codebert,ghostpdl,0.1,0.2,vultriage_full_gate_clip_20,0.21707317073170734,0.0,2.170731707317073,0.7188118811881188,0.2811881188118812,0.1623814766440297,0.18863542710183342,0.24000000000000005,0.1731322776607561
codebert,imagemagick,0.01,0.05,estimated_weight_no_gate_clip_20,0.01272727272727273,0.0,1.2727272727272727,0.07650273224043716,0.9234972677595629,0.21549065477524473,0.3040829612553963,0.22000000000000003,-0.06838280788762376
codebert,imagemagick,0.01,0.05,unweighted_mondrian,0.42181818181818176,0.0003597122302158237,42.18181818181818,0.31693989071038253,0.6830601092896175,0.21549065477524473,0.3040829612553963,0.22000000000000003,-0.06838280788762376
codebert,imagemagick,0.01,0.05,vultriage_full_gate_clip_20,0.0,0.0,0.0,0.0,1.0,0.21549065477524473,0.3040829612553963,0.22000000000000003,-0.06838280788762376
codebert,imagemagick,0.01,0.1,estimated_weight_no_gate_clip_20,0.01272727272727273,0.0,1.2727272727272727,0.08196721311475409,0.9180327868852458,0.21549065477524473,0.3040829612553963,0.22000000000000003,-0.06838280788762376
codebert,imagemagick,0.01,0.1,unweighted_mondrian,0.42181818181818176,0.04388489208633092,42.18181818181818,0.40983606557377056,0.5901639344262295,0.21549065477524473,0.3040829612553963,0.22000000000000003,-0.06838280788762376
codebert,imagemagick,0.01,0.1,vultriage_full_gate_clip_20,0.0,0.0,0.0,0.0,1.0,0.21549065477524473,0.3040829612553963,0.22000000000000003,-0.06838280788762376
codebert,imagemagick,0.01,0.2,estimated_weight_no_gate_clip_20,0.01272727272727273,0.0,1.2727272727272727,0.14754098360655737,0.8524590163934425,0.21549065477524473,0.3040829612553963,0.22000000000000003,-0.06838280788762376
codebert,imagemagick,0.01,0.2,unweighted_mondrian,0.42181818181818176,0.051798561151079114,42.18181818181818,0.5136612021857924,0.48633879781420764,0.21549065477524473,0.3040829612553963,0.22000000000000003,-0.06838280788762376
codebert,imagemagick,0.01,0.2,vultriage_full_gate_clip_20,0.0,0.0,0.0,0.0,1.0,0.21549065477524473,0.3040829612553963,0.22000000000000003,-0.06838280788762376
codebert,imagemagick,0.05,0.05,estimated_weight_no_gate_clip_20,0.5181818181818182,0.0,10.363636363636363,0.4644808743169399,0.5355191256830601,0.21549065477524473,0.3040829612553963,0.22000000000000003,-0.06838280788762376
codebert,imagemagick,0.05,0.05,unweighted_mondrian,0.5863636363636363,0.0003597122302158237,11.727272727272725,0.546448087431694,0.453551912568306,0.21549065477524473,0.3040829612553963,0.22000000000000003,-0.06838280788762376
codebert,imagemagick,0.05,0.05,vultriage_full_gate_clip_20,0.0,0.0,0.0,0.0,1.0,0.21549065477524473,0.3040829612553963,0.22000000000000003,-0.06838280788762376
codebert,imagemagick,0.05,0.1,estimated_weight_no_gate_clip_20,0.5181818181818182,0.0,10.363636363636363,0.4699453551912568,0.5300546448087432,0.21549065477524473,0.3040829612553963,0.22000000000000003,-0.06838280788762376
codebert,imagemagick,0.05,0.1,unweighted_mondrian,0.5863636363636363,0.04388489208633092,11.727272727272725,0.639344262295082,0.36065573770491804,0.21549065477524473,0.3040829612553963,0.22000000000000003,-0.06838280788762376
codebert,imagemagick,0.05,0.1,vultriage_full_gate_clip_20,0.0,0.0,0.0,0.0,1.0,0.21549065477524473,0.3040829612553963,0.22000000000000003,-0.06838280788762376
codebert,imagemagick,0.05,0.2,estimated_weight_no_gate_clip_20,0.5181818181818182,0.0,10.363636363636363,0.5355191256830601,0.4644808743169399,0.21549065477524473,0.3040829612553963,0.22000000000000003,-0.06838280788762376
codebert,imagemagick,0.05,0.2,unweighted_mondrian,0.5863636363636363,0.051798561151079114,11.727272727272725,0.7431693989071039,0.2568306010928962,0.21549065477524473,0.3040829612553963,0.22000000000000003,-0.06838280788762376
codebert,imagemagick,0.05,0.2,vultriage_full_gate_clip_20,0.0,0.0,0.0,0.0,1.0,0.21549065477524473,0.3040829612553963,0.22000000000000003,-0.06838280788762376
codebert,imagemagick,0.1,0.05,estimated_weight_no_gate_clip_20,0.65,0.0,6.5,0.7103825136612022,0.2896174863387978,0.21549065477524473,0.3040829612553963,0.22000000000000003,-0.06838280788762376
codebert,imagemagick,0.1,0.05,unweighted_mondrian,0.6045454545454546,0.0003597122302158237,6.045454545454546,0.6666666666666666,0.3333333333333333,0.21549065477524473,0.3040829612553963,0.22000000000000003,-0.06838280788762376
codebert,imagemagick,0.1,0.05,vultriage_full_gate_clip_20,0.0,0.0,0.0,0.0,1.0,0.21549065477524473,0.3040829612553963,0.22000000000000003,-0.06838280788762376
codebert,imagemagick,0.1,0.1,estimated_weight_no_gate_clip_20,0.65,0.0,6.5,0.7158469945355191,0.28415300546448086,0.21549065477524473,0.3040829612553963,0.22000000000000003,-0.06838280788762376
codebert,imagemagick,0.1,0.1,unweighted_mondrian,0.6045454545454546,0.04388489208633092,6.045454545454546,0.7595628415300546,0.24043715846994534,0.21549065477524473,0.3040829612553963,0.22000000000000003,-0.06838280788762376
codebert,imagemagick,0.1,0.1,vultriage_full_gate_clip_20,0.0,0.0,0.0,0.0,1.0,0.21549065477524473,0.3040829612553963,0.22000000000000003,-0.06838280788762376
codebert,imagemagick,0.1,0.2,estimated_weight_no_gate_clip_20,0.65,0.0,6.5,0.7814207650273224,0.21857923497267756,0.21549065477524473,0.3040829612553963,0.22000000000000003,-0.06838280788762376
codebert,imagemagick,0.1,0.2,unweighted_mondrian,0.6045454545454546,0.051798561151079114,6.045454545454546,0.8633879781420765,0.1366120218579235,0.21549065477524473,0.3040829612553963,0.22000000000000003,-0.06838280788762376
codebert,imagemagick,0.1,0.2,vultriage_full_gate_clip_20,0.0,0.0,0.0,0.0,1.0,0.21549065477524473,0.3040829612553963,0.22000000000000003,-0.06838280788762376
codebert,jasper,0.01,0.05,estimated_weight_no_gate_clip_20,0.004285714285714285,0.010483870967741934,0.4285714285714285,0.16981132075471697,0.8301886792452831,0.43288460617197544,0.21037169458102958,0.4433497536945813,0.24192650934433907
codebert,jasper,0.01,0.05,unweighted_mondrian,0.004285714285714285,0.010483870967741934,0.4285714285714285,0.18238993710691823,0.8176100628930818,0.43288460617197544,0.21037169458102958,0.4433497536945813,0.24192650934433907
codebert,jasper,0.01,0.05,vultriage_full_gate_clip_20,0.004285714285714285,0.010483870967741934,0.4285714285714285,0.16981132075471697,0.8301886792452831,0.43288460617197544,0.21037169458102958,0.4433497536945813,0.24192650934433907
codebert,jasper,0.01,0.1,estimated_weight_no_gate_clip_20,0.004285714285714285,0.008870967741935479,0.4285714285714285,0.22955974842767296,0.7704402515723271,0.43288460617197544,0.21037169458102958,0.4433497536945813,0.24192650934433907
codebert,jasper,0.01,0.1,unweighted_mondrian,0.004285714285714285,0.008870967741935479,0.4285714285714285,0.24528301886792453,0.7547169811320755,0.43288460617197544,0.21037169458102958,0.4433497536945813,0.24192650934433907
codebert,jasper,0.01,0.1,vultriage_full_gate_clip_20,0.004285714285714285,0.008870967741935479,0.4285714285714285,0.22955974842767296,0.7704402515723271,0.43288460617197544,0.21037169458102958,0.4433497536945813,0.24192650934433907
codebert,jasper,0.01,0.2,estimated_weight_no_gate_clip_20,0.004285714285714285,0.021774193548387083,0.4285714285714285,0.34591194968553457,0.6540880503144654,0.43288460617197544,0.21037169458102958,0.4433497536945813,0.24192650934433907
codebert,jasper,0.01,0.2,unweighted_mondrian,0.004285714285714285,0.02580645161290321,0.4285714285714285,0.36477987421383645,0.6352201257861635,0.43288460617197544,0.21037169458102958,0.4433497536945813,0.24192650934433907
codebert,jasper,0.01,0.2,vultriage_full_gate_clip_20,0.004285714285714285,0.021774193548387083,0.4285714285714285,0.34591194968553457,0.6540880503144654,0.43288460617197544,0.21037169458102958,0.4433497536945813,0.24192650934433907
codebert,jasper,0.05,0.05,estimated_weight_no_gate_clip_20,0.07857142857142856,0.010483870967741934,1.571428571428571,0.49056603773584906,0.5094339622641509,0.43288460617197544,0.21037169458102958,0.4433497536945813,0.24192650934433907
codebert,jasper,0.05,0.05,unweighted_mondrian,0.03571428571428571,0.010483870967741934,0.7142857142857142,0.4088050314465409,0.5911949685534591,0.43288460617197544,0.21037169458102958,0.4433497536945813,0.24192650934433907
codebert,jasper,0.05,0.05,vultriage_full_gate_clip_20,0.07857142857142856,0.010483870967741934,1.571428571428571,0.49056603773584906,0.5094339622641509,0.43288460617197544,0.21037169458102958,0.4433497536945813,0.24192650934433907
codebert,jasper,0.05,0.1,estimated_weight_no_gate_clip_20,0.07857142857142856,0.008870967741935479,1.571428571428571,0.550314465408805,0.449685534591195,0.43288460617197544,0.21037169458102958,0.4433497536945813,0.24192650934433907
codebert,jasper,0.05,0.1,unweighted_mondrian,0.03571428571428571,0.008870967741935479,0.7142857142857142,0.4716981132075472,0.5283018867924528,0.43288460617197544,0.21037169458102958,0.4433497536945813,0.24192650934433907
codebert,jasper,0.05,0.1,vultriage_full_gate_clip_20,0.07857142857142856,0.008870967741935479,1.571428571428571,0.550314465408805,0.449685534591195,0.43288460617197544,0.21037169458102958,0.4433497536945813,0.24192650934433907
codebert,jasper,0.05,0.2,estimated_weight_no_gate_clip_20,0.07857142857142856,0.021774193548387083,1.571428571428571,0.6666666666666666,0.3333333333333333,0.43288460617197544,0.21037169458102958,0.4433497536945813,0.24192650934433907
codebert,jasper,0.05,0.2,unweighted_mondrian,0.03571428571428571,0.02580645161290321,0.7142857142857142,0.5911949685534591,0.4088050314465409,0.43288460617197544,0.21037169458102958,0.4433497536945813,0.24192650934433907
codebert,jasper,0.05,0.2,vultriage_full_gate_clip_20,0.07857142857142856,0.021774193548387083,1.571428571428571,0.6666666666666666,0.3333333333333333,0.43288460617197544,0.21037169458102958,0.4433497536945813,0.24192650934433907
codebert,jasper,0.1,0.05,estimated_weight_no_gate_clip_20,0.12857142857142856,0.010483870967741934,1.2857142857142856,0.5943396226415094,0.40566037735849053,0.43288460617197544,0.21037169458102958,0.4433497536945813,0.24192650934433907
codebert,jasper,0.1,0.05,unweighted_mondrian,0.1,0.010483870967741934,1.0,0.559748427672956,0.44025157232704404,0.43288460617197544,0.21037169458102958,0.4433497536945813,0.24192650934433907
codebert,jasper,0.1,0.05,vultriage_full_gate_clip_20,0.12857142857142856,0.010483870967741934,1.2857142857142856,0.5943396226415094,0.40566037735849053,0.43288460617197544,0.21037169458102958,0.4433497536945813,0.24192650934433907
codebert,jasper,0.1,0.1,estimated_weight_no_gate_clip_20,0.12857142857142856,0.008870967741935479,1.2857142857142856,0.6540880503144654,0.34591194968553457,0.43288460617197544,0.21037169458102958,0.4433497536945813,0.24192650934433907
codebert,jasper,0.1,0.1,unweighted_mondrian,0.1,0.008870967741935479,1.0,0.6226415094339622,0.37735849056603776,0.43288460617197544,0.21037169458102958,0.4433497536945813,0.24192650934433907
codebert,jasper,0.1,0.1,vultriage_full_gate_clip_20,0.12857142857142856,0.008870967741935479,1.2857142857142856,0.6540880503144654,0.34591194968553457,0.43288460617197544,0.21037169458102958,0.4433497536945813,0.24192650934433907
codebert,jasper,0.1,0.2,estimated_weight_no_gate_clip_20,0.12857142857142856,0.021774193548387083,1.2857142857142856,0.7704402515723271,0.22955974842767296,0.43288460617197544,0.21037169458102958,0.4433497536945813,0.24192650934433907
codebert,jasper,0.1,0.2,unweighted_mondrian,0.1,0.02580645161290321,1.0,0.7421383647798742,0.2578616352201258,0.43288460617197544,0.21037169458102958,0.4433497536945813,0.24192650934433907
codebert,jasper,0.1,0.2,vultriage_full_gate_clip_20,0.12857142857142856,0.021774193548387083,1.2857142857142856,0.7704402515723271,0.22955974842767296,0.43288460617197544,0.21037169458102958,0.4433497536945813,0.24192650934433907
codebert,krb5,0.01,0.05,estimated_weight_no_gate_clip_20,0.005873015873015872,0.0,0.5873015873015872,0.21005917159763313,0.7899408284023669,0.3486069012080734,0.23271723610174083,0.3981481481481482,0.22104693370631176
codebert,krb5,0.01,0.05,unweighted_mondrian,0.0,0.008181818181818179,0.16363636363636358,0.14792899408284024,0.8520710059171599,0.3486069012080734,0.23271723610174083,0.3981481481481482,0.22104693370631176
codebert,krb5,0.01,0.05,vultriage_full_gate_clip_20,0.005873015873015872,0.0,0.5873015873015872,0.21005917159763313,0.7899408284023669,0.3486069012080734,0.23271723610174083,0.3981481481481482,0.22104693370631176
codebert,krb5,0.01,0.1,estimated_weight_no_gate_clip_20,0.005873015873015872,0.0,0.5873015873015872,0.28106508875739644,0.7189349112426036,0.3486069012080734,0.23271723610174083,0.3981481481481482,0.22104693370631176
codebert,krb5,0.01,0.1,unweighted_mondrian,0.0,0.027272727272727254,0.27272727272727254,0.2514792899408284,0.7485207100591716,0.3486069012080734,0.23271723610174083,0.3981481481481482,0.22104693370631176
codebert,krb5,0.01,0.1,vultriage_full_gate_clip_20,0.005873015873015872,0.0,0.5873015873015872,0.28106508875739644,0.7189349112426036,0.3486069012080734,0.23271723610174083,0.3981481481481482,0.22104693370631176
codebert,krb5,0.01,0.2,estimated_weight_no_gate_clip_20,0.005873015873015872,0.0,0.5873015873015872,0.4319526627218934,0.5680473372781065,0.3486069012080734,0.23271723610174083,0.3981481481481482,0.22104693370631176
codebert,krb5,0.01,0.2,unweighted_mondrian,0.0,0.10909090909090909,0.5454545454545453,0.42899408284023666,0.5710059171597633,0.3486069012080734,0.23271723610174083,0.3981481481481482,0.22104693370631176
codebert,krb5,0.01,0.2,vultriage_full_gate_clip_20,0.005873015873015872,0.0,0.5873015873015872,0.4319526627218934,0.5680473372781065,0.3486069012080734,0.23271723610174083,0.3981481481481482,0.22104693370631176
codebert,krb5,0.05,0.05,estimated_weight_no_gate_clip_20,0.04523809523809523,0.0,0.9047619047619045,0.3343195266272189,0.665680473372781,0.3486069012080734,0.23271723610174083,0.3981481481481482,0.22104693370631176
codebert,krb5,0.05,0.05,unweighted_mondrian,0.0,0.008181818181818179,0.16363636363636358,0.3224852071005917,0.6775147928994083,0.3486069012080734,0.23271723610174083,0.3981481481481482,0.22104693370631176
codebert,krb5,0.05,0.05,vultriage_full_gate_clip_20,0.04523809523809523,0.0,0.9047619047619045,0.3343195266272189,0.665680473372781,0.3486069012080734,0.23271723610174083,0.3981481481481482,0.22104693370631176
codebert,krb5,0.05,0.1,estimated_weight_no_gate_clip_20,0.04523809523809523,0.0,0.9047619047619045,0.4053254437869823,0.5946745562130178,0.3486069012080734,0.23271723610174083,0.3981481481481482,0.22104693370631176
codebert,krb5,0.05,0.1,unweighted_mondrian,0.0,0.027272727272727254,0.27272727272727254,0.42603550295857995,0.5739644970414202,0.3486069012080734,0.23271723610174083,0.3981481481481482,0.22104693370631176
codebert,krb5,0.05,0.1,vultriage_full_gate_clip_20,0.04523809523809523,0.0,0.9047619047619045,0.4053254437869823,0.5946745562130178,0.3486069012080734,0.23271723610174083,0.3981481481481482,0.22104693370631176
codebert,krb5,0.05,0.2,estimated_weight_no_gate_clip_20,0.04523809523809523,0.0,0.9047619047619045,0.5562130177514792,0.4437869822485207,0.3486069012080734,0.23271723610174083,0.3981481481481482,0.22104693370631176
codebert,krb5,0.05,0.2,unweighted_mondrian,0.0,0.10909090909090909,0.5454545454545453,0.6035502958579881,0.39644970414201186,0.3486069012080734,0.23271723610174083,0.3981481481481482,0.22104693370631176
codebert,krb5,0.05,0.2,vultriage_full_gate_clip_20,0.04523809523809523,0.0,0.9047619047619045,0.5562130177514792,0.4437869822485207,0.3486069012080734,0.23271723610174083,0.3981481481481482,0.22104693370631176
codebert,krb5,0.1,0.05,estimated_weight_no_gate_clip_20,0.09047619047619046,0.0,0.9047619047619045,0.45857988165680474,0.5414201183431953,0.3486069012080734,0.23271723610174083,0.3981481481481482,0.22104693370631176
codebert,krb5,0.1,0.05,unweighted_mondrian,0.042857142857142844,0.008181818181818179,0.4285714285714285,0.4378698224852071,0.5621301775147929,0.3486069012080734,0.23271723610174083,0.3981481481481482,0.22104693370631176
codebert,krb5,0.1,0.05,vultriage_full_gate_clip_20,0.09047619047619046,0.0,0.9047619047619045,0.45857988165680474,0.5414201183431953,0.3486069012080734,0.23271723610174083,0.3981481481481482,0.22104693370631176
codebert,krb5,0.1,0.1,estimated_weight_no_gate_clip_20,0.09047619047619046,0.0,0.9047619047619045,0.5295857988165681,0.4704142011834319,0.3486069012080734,0.23271723610174083,0.3981481481481482,0.22104693370631176
codebert,krb5,0.1,0.1,unweighted_mondrian,0.042857142857142844,0.027272727272727254,0.4285714285714285,0.5414201183431953,0.45857988165680474,0.3486069012080734,0.23271723610174083,0.3981481481481482,0.22104693370631176
codebert,krb5,0.1,0.1,vultriage_full_gate_clip_20,0.09047619047619046,0.0,0.9047619047619045,0.5295857988165681,0.4704142011834319,0.3486069012080734,0.23271723610174083,0.3981481481481482,0.22104693370631176
codebert,krb5,0.1,0.2,estimated_weight_no_gate_clip_20,0.09047619047619046,0.0,0.9047619047619045,0.6804733727810651,0.31952662721893493,0.3486069012080734,0.23271723610174083,0.3981481481481482,0.22104693370631176
codebert,krb5,0.1,0.2,unweighted_mondrian,0.042857142857142844,0.10909090909090909,0.5454545454545453,0.7189349112426036,0.28106508875739644,0.3486069012080734,0.23271723610174083,0.3981481481481482,0.22104693370631176
codebert,krb5,0.1,0.2,vultriage_full_gate_clip_20,0.09047619047619046,0.0,0.9047619047619045,0.6804733727810651,0.31952662721893493,0.3486069012080734,0.23271723610174083,0.3981481481481482,0.22104693370631176
codebert,librsvg,0.01,0.05,estimated_weight_no_gate_clip_20,0.15483516483516482,0.0,15.483516483516482,0.2740157480314961,0.7259842519685039,0.14398096760151108,0.22015324854814483,0.15037593984962405,-0.05108714499071645
codebert,librsvg,0.01,0.05,unweighted_mondrian,0.07791208791208792,0.0,7.791208791208791,0.2125984251968504,0.7874015748031497,0.14398096760151108,0.22015324854814483,0.15037593984962405,-0.05108714499071645
codebert,librsvg,0.01,0.05,vultriage_full_gate_clip_20,0.15483516483516482,0.0,15.483516483516482,0.2740157480314961,0.7259842519685039,0.14398096760151108,0.22015324854814483,0.15037593984962405,-0.05108714499071645
codebert,librsvg,0.01,0.1,estimated_weight_no_gate_clip_20,0.15483516483516482,0.0,15.483516483516482,0.30551181102362207,0.694488188976378,0.14398096760151108,0.22015324854814483,0.15037593984962405,-0.05108714499071645
codebert,librsvg,0.01,0.1,unweighted_mondrian,0.07791208791208792,0.0,7.791208791208791,0.25984251968503935,0.7401574803149606,0.14398096760151108,0.22015324854814483,0.15037593984962405,-0.05108714499071645
codebert,librsvg,0.01,0.1,vultriage_full_gate_clip_20,0.15483516483516482,0.0,15.483516483516482,0.30551181102362207,0.694488188976378,0.14398096760151108,0.22015324854814483,0.15037593984962405,-0.05108714499071645
codebert,librsvg,0.01,0.2,estimated_weight_no_gate_clip_20,0.15483516483516482,0.0,15.483516483516482,0.40629921259842516,0.5937007874015748,0.14398096760151108,0.22015324854814483,0.15037593984962405,-0.05108714499071645
codebert,librsvg,0.01,0.2,unweighted_mondrian,0.07791208791208792,0.0,7.791208791208791,0.3716535433070866,0.6283464566929133,0.14398096760151108,0.22015324854814483,0.15037593984962405,-0.05108714499071645
codebert,librsvg,0.01,0.2,vultriage_full_gate_clip_20,0.15483516483516482,0.0,15.483516483516482,0.40629921259842516,0.5937007874015748,0.14398096760151108,0.22015324854814483,0.15037593984962405,-0.05108714499071645
codebert,librsvg,0.05,0.05,estimated_weight_no_gate_clip_20,0.49945054945054956,0.0,9.989010989010989,0.5433070866141733,0.45669291338582674,0.14398096760151108,0.22015324854814483,0.15037593984962405,-0.05108714499071645
codebert,librsvg,0.05,0.05,unweighted_mondrian,0.31263736263736264,0.0,6.252747252747253,0.45511811023622045,0.5448818897637795,0.14398096760151108,0.22015324854814483,0.15037593984962405,-0.05108714499071645
codebert,librsvg,0.05,0.05,vultriage_full_gate_clip_20,0.49945054945054956,0.0,9.989010989010989,0.5433070866141733,0.45669291338582674,0.14398096760151108,0.22015324854814483,0.15037593984962405,-0.05108714499071645
codebert,librsvg,0.05,0.1,estimated_weight_no_gate_clip_20,0.49945054945054956,0.0,9.989010989010989,0.5748031496062992,0.4251968503937008,0.14398096760151108,0.22015324854814483,0.15037593984962405,-0.05108714499071645
codebert,librsvg,0.05,0.1,unweighted_mondrian,0.31263736263736264,0.0,6.252747252747253,0.5023622047244094,0.49763779527559054,0.14398096760151108,0.22015324854814483,0.15037593984962405,-0.05108714499071645
codebert,librsvg,0.05,0.1,vultriage_full_gate_clip_20,0.49945054945054956,0.0,9.989010989010989,0.5748031496062992,0.4251968503937008,0.14398096760151108,0.22015324854814483,0.15037593984962405,-0.05108714499071645
codebert,librsvg,0.05,0.2,estimated_weight_no_gate_clip_20,0.49945054945054956,0.0,9.989010989010989,0.6755905511811023,0.32440944881889766,0.14398096760151108,0.22015324854814483,0.15037593984962405,-0.05108714499071645
codebert,librsvg,0.05,0.2,unweighted_mondrian,0.31263736263736264,0.0,6.252747252747253,0.6141732283464567,0.3858267716535433,0.14398096760151108,0.22015324854814483,0.15037593984962405,-0.05108714499071645
codebert,librsvg,0.05,0.2,vultriage_full_gate_clip_20,0.49945054945054956,0.0,9.989010989010989,0.6755905511811023,0.32440944881889766,0.14398096760151108,0.22015324854814483,0.15037593984962405,-0.05108714499071645
codebert,librsvg,0.1,0.05,estimated_weight_no_gate_clip_20,0.6032967032967034,0.0,6.032967032967034,0.647244094488189,0.352755905511811,0.14398096760151108,0.22015324854814483,0.15037593984962405,-0.05108714499071645
codebert,librsvg,0.1,0.05,unweighted_mondrian,0.4824175824175825,0.0,4.824175824175825,0.5874015748031496,0.41259842519685036,0.14398096760151108,0.22015324854814483,0.15037593984962405,-0.05108714499071645
codebert,librsvg,0.1,0.05,vultriage_full_gate_clip_20,0.6032967032967034,0.0,6.032967032967034,0.647244094488189,0.352755905511811,0.14398096760151108,0.22015324854814483,0.15037593984962405,-0.05108714499071645
codebert,librsvg,0.1,0.1,estimated_weight_no_gate_clip_20,0.6032967032967034,0.0,6.032967032967034,0.6787401574803149,0.32125984251968503,0.14398096760151108,0.22015324854814483,0.15037593984962405,-0.05108714499071645
codebert,librsvg,0.1,0.1,unweighted_mondrian,0.4824175824175825,0.0,4.824175824175825,0.6346456692913386,0.3653543307086614,0.14398096760151108,0.22015324854814483,0.15037593984962405,-0.05108714499071645
codebert,librsvg,0.1,0.1,vultriage_full_gate_clip_20,0.6032967032967034,0.0,6.032967032967034,0.6787401574803149,0.32125984251968503,0.14398096760151108,0.22015324854814483,0.15037593984962405,-0.05108714499071645
codebert,librsvg,0.1,0.2,estimated_weight_no_gate_clip_20,0.6032967032967034,0.0,6.032967032967034,0.7795275590551181,0.2204724409448819,0.14398096760151108,0.22015324854814483,0.15037593984962405,-0.05108714499071645
codebert,librsvg,0.1,0.2,unweighted_mondrian,0.4824175824175825,0.0,4.824175824175825,0.7464566929133858,0.25354330708661416,0.14398096760151108,0.22015324854814483,0.15037593984962405,-0.05108714499071645
codebert,librsvg,0.1,0.2,vultriage_full_gate_clip_20,0.6032967032967034,0.0,6.032967032967034,0.7795275590551181,0.2204724409448819,0.14398096760151108,0.22015324854814483,0.15037593984962405,-0.05108714499071645
codebert,libtpms,0.01,0.05,estimated_weight_no_gate_clip_20,0.0,0.0,0.0,0.024844720496894408,0.9751552795031057,0.2607098787329156,0.24005850192345587,0.3115942028985508,0.058131565753246885
codebert,libtpms,0.01,0.05,unweighted_mondrian,0.0,0.0,0.0,0.05383022774327122,0.9461697722567288,0.2607098787329156,0.24005850192345587,0.3115942028985508,0.058131565753246885
codebert,libtpms,0.01,0.05,vultriage_full_gate_clip_20,0.0,0.0,0.0,0.024844720496894408,0.9751552795031057,0.2607098787329156,0.24005850192345587,0.3115942028985508,0.058131565753246885
codebert,libtpms,0.01,0.1,estimated_weight_no_gate_clip_20,0.0,0.0,0.0,0.06625258799171843,0.9337474120082817,0.2607098787329156,0.24005850192345587,0.3115942028985508,0.058131565753246885
codebert,libtpms,0.01,0.1,unweighted_mondrian,0.0,0.0,0.0,0.09316770186335403,0.906832298136646,0.2607098787329156,0.24005850192345587,0.3115942028985508,0.058131565753246885
codebert,libtpms,0.01,0.1,vultriage_full_gate_clip_20,0.0,0.0,0.0,0.06625258799171843,0.9337474120082817,0.2607098787329156,0.24005850192345587,0.3115942028985508,0.058131565753246885
codebert,libtpms,0.01,0.2,estimated_weight_no_gate_clip_20,0.0,0.0,0.0,0.15527950310559005,0.84472049689441,0.2607098787329156,0.24005850192345587,0.3115942028985508,0.058131565753246885
codebert,libtpms,0.01,0.2,unweighted_mondrian,0.0,0.0,0.0,0.22360248447204972,0.7763975155279503,0.2607098787329156,0.24005850192345587,0.3115942028985508,0.058131565753246885
codebert,libtpms,0.01,0.2,vultriage_full_gate_clip_20,0.0,0.0,0.0,0.15527950310559005,0.84472049689441,0.2607098787329156,0.24005850192345587,0.3115942028985508,0.058131565753246885
codebert,libtpms,0.05,0.05,estimated_weight_no_gate_clip_20,0.09018691588785045,0.0,1.8037383177570088,0.21532091097308487,0.7846790890269151,0.2607098787329156,0.24005850192345587,0.3115942028985508,0.058131565753246885
codebert,libtpms,0.05,0.05,unweighted_mondrian,0.09018691588785045,0.0,1.8037383177570088,0.2111801242236025,0.7888198757763976,0.2607098787329156,0.24005850192345587,0.3115942028985508,0.058131565753246885
codebert,libtpms,0.05,0.05,vultriage_full_gate_clip_20,0.09018691588785045,0.0,1.8037383177570088,0.21532091097308487,0.7846790890269151,0.2607098787329156,0.24005850192345587,0.3115942028985508,0.058131565753246885
codebert,libtpms,0.05,0.1,estimated_weight_no_gate_clip_20,0.09018691588785045,0.0,1.8037383177570088,0.2567287784679089,0.7432712215320911,0.2607098787329156,0.24005850192345587,0.3115942028985508,0.058131565753246885
codebert,libtpms,0.05,0.1,unweighted_mondrian,0.09018691588785045,0.0,1.8037383177570088,0.2505175983436853,0.7494824016563147,0.2607098787329156,0.24005850192345587,0.3115942028985508,0.058131565753246885
codebert,libtpms,0.05,0.1,vultriage_full_gate_clip_20,0.09018691588785045,0.0,1.8037383177570088,0.2567287784679089,0.7432712215320911,0.2607098787329156,0.24005850192345587,0.3115942028985508,0.058131565753246885
codebert,libtpms,0.05,0.2,estimated_weight_no_gate_clip_20,0.09018691588785045,0.0,1.8037383177570088,0.34575569358178054,0.6542443064182195,0.2607098787329156,0.24005850192345587,0.3115942028985508,0.058131565753246885
codebert,libtpms,0.05,0.2,unweighted_mondrian,0.09018691588785045,0.0,1.8037383177570088,0.38095238095238093,0.6190476190476191,0.2607098787329156,0.24005850192345587,0.3115942028985508,0.058131565753246885
codebert,libtpms,0.05,0.2,vultriage_full_gate_clip_20,0.09018691588785045,0.0,1.8037383177570088,0.34575569358178054,0.6542443064182195,0.2607098787329156,0.24005850192345587,0.3115942028985508,0.058131565753246885
codebert,libtpms,0.1,0.05,estimated_weight_no_gate_clip_20,0.12429906542056073,0.0,1.2429906542056073,0.30434782608695654,0.6956521739130435,0.2607098787329156,0.24005850192345587,0.3115942028985508,0.058131565753246885
codebert,libtpms,0.1,0.05,unweighted_mondrian,0.14299065420560747,0.0,1.4299065420560746,0.3498964803312629,0.650103519668737,0.2607098787329156,0.24005850192345587,0.3115942028985508,0.058131565753246885
codebert,libtpms,0.1,0.05,vultriage_full_gate_clip_20,0.12429906542056073,0.0,1.2429906542056073,0.30434782608695654,0.6956521739130435,0.2607098787329156,0.24005850192345587,0.3115942028985508,0.058131565753246885
codebert,libtpms,0.1,0.1,estimated_weight_no_gate_clip_20,0.12429906542056073,0.0,1.2429906542056073,0.34575569358178054,0.6542443064182195,0.2607098787329156,0.24005850192345587,0.3115942028985508,0.058131565753246885
codebert,libtpms,0.1,0.1,unweighted_mondrian,0.14299065420560747,0.0,1.4299065420560746,0.38923395445134573,0.6107660455486542,0.2607098787329156,0.24005850192345587,0.3115942028985508,0.058131565753246885
codebert,libtpms,0.1,0.1,vultriage_full_gate_clip_20,0.12429906542056073,0.0,1.2429906542056073,0.34575569358178054,0.6542443064182195,0.2607098787329156,0.24005850192345587,0.3115942028985508,0.058131565753246885
codebert,libtpms,0.1,0.2,estimated_weight_no_gate_clip_20,0.12429906542056073,0.0,1.2429906542056073,0.43478260869565216,0.5652173913043478,0.2607098787329156,0.24005850192345587,0.3115942028985508,0.058131565753246885
codebert,libtpms,0.1,0.2,unweighted_mondrian,0.14299065420560747,0.0,1.4299065420560746,0.5196687370600414,0.4803312629399586,0.2607098787329156,0.24005850192345587,0.3115942028985508,0.058131565753246885
codebert,libtpms,0.1,0.2,vultriage_full_gate_clip_20,0.12429906542056073,0.0,1.2429906542056073,0.43478260869565216,0.5652173913043478,0.2607098787329156,0.24005850192345587,0.3115942028985508,0.058131565753246885
codebert,libxml2,0.01,0.05,estimated_weight_no_gate_clip_20,0.0,0.0,0.0,0.06304728546409807,0.9369527145359019,0.0750915390951993,0.2571700208293815,0.12560386473429952,0.11237844139163315
codebert,libxml2,0.01,0.05,unweighted_mondrian,0.0,0.037858450274557656,0.7571690054911531,0.14944541739638062,0.8505545826036194,0.0750915390951993,0.2571700208293815,0.12560386473429952,0.11237844139163315
codebert,libxml2,0.01,0.05,vultriage_full_gate_clip_20,0.0,0.0,0.0,0.06304728546409807,0.9369527145359019,0.0750915390951993,0.2571700208293815,0.12560386473429952,0.11237844139163315
codebert,libxml2,0.01,0.1,estimated_weight_no_gate_clip_20,0.0,6.101281269066394e-05,0.0006101281269066394,0.12784588441331,0.87215411558669,0.0750915390951993,0.2571700208293815,0.12560386473429952,0.11237844139163315
codebert,libxml2,0.01,0.1,unweighted_mondrian,0.0,0.08913971934106163,0.8913971934106163,0.2568593111500292,0.7431406888499709,0.0750915390951993,0.2571700208293815,0.12560386473429952,0.11237844139163315
codebert,libxml2,0.01,0.1,vultriage_full_gate_clip_20,0.0,6.101281269066394e-05,0.0006101281269066394,0.12784588441331,0.87215411558669,0.0750915390951993,0.2571700208293815,0.12560386473429952,0.11237844139163315
codebert,libxml2,0.01,0.2,estimated_weight_no_gate_clip_20,0.0,0.02086638194020743,0.10433190970103715,0.2562755399883246,0.7437244600116755,0.0750915390951993,0.2571700208293815,0.12560386473429952,0.11237844139163315
codebert,libxml2,0.01,0.2,unweighted_mondrian,0.0,0.1404514948139109,0.7022574740695544,0.4115586690017513,0.5884413309982487,0.0750915390951993,0.2571700208293815,0.12560386473429952,0.11237844139163315
codebert,libxml2,0.01,0.2,vultriage_full_gate_clip_20,0.0,0.02086638194020743,0.10433190970103715,0.2562755399883246,0.7437244600116755,0.0750915390951993,0.2571700208293815,0.12560386473429952,0.11237844139163315
codebert,libxml2,0.05,0.05,estimated_weight_no_gate_clip_20,0.07162162162162163,0.0,1.4324324324324325,0.425569176882662,0.574430823117338,0.0750915390951993,0.2571700208293815,0.12560386473429952,0.11237844139163315
codebert,libxml2,0.05,0.05,unweighted_mondrian,0.004054054054054054,0.037858450274557656,0.7571690054911531,0.35376532399299476,0.6462346760070052,0.0750915390951993,0.2571700208293815,0.12560386473429952,0.11237844139163315
codebert,libxml2,0.05,0.05,vultriage_full_gate_clip_20,0.07162162162162163,0.0,1.4324324324324325,0.425569176882662,0.574430823117338,0.0750915390951993,0.2571700208293815,0.12560386473429952,0.11237844139163315
codebert,libxml2,0.05,0.1,estimated_weight_no_gate_clip_20,0.07162162162162163,6.101281269066394e-05,1.4324324324324325,0.49036777583187396,0.5096322241681261,0.0750915390951993,0.2571700208293815,0.12560386473429952,0.11237844139163315
codebert,libxml2,0.05,0.1,unweighted_mondrian,0.004054054054054054,0.08913971934106163,0.8913971934106163,0.4611792177466433,0.5388207822533567,0.0750915390951993,0.2571700208293815,0.12560386473429952,0.11237844139163315
codebert,libxml2,0.05,0.1,vultriage_full_gate_clip_20,0.07162162162162163,6.101281269066394e-05,1.4324324324324325,0.49036777583187396,0.5096322241681261,0.0750915390951993,0.2571700208293815,0.12560386473429952,0.11237844139163315
codebert,libxml2,0.05,0.2,estimated_weight_no_gate_clip_20,0.07162162162162163,0.02086638194020743,1.4324324324324325,0.6187974314068885,0.3812025685931115,0.0750915390951993,0.2571700208293815,0.12560386473429952,0.11237844139163315
codebert,libxml2,0.05,0.2,unweighted_mondrian,0.004054054054054054,0.1404514948139109,0.7022574740695544,0.6158785755983655,0.38412142440163455,0.0750915390951993,0.2571700208293815,0.12560386473429952,0.11237844139163315
codebert,libxml2,0.05,0.2,vultriage_full_gate_clip_20,0.07162162162162163,0.02086638194020743,1.4324324324324325,0.6187974314068885,0.3812025685931115,0.0750915390951993,0.2571700208293815,0.12560386473429952,0.11237844139163315
codebert,libxml2,0.1,0.05,estimated_weight_no_gate_clip_20,0.14324324324324325,0.0,1.4324324324324325,0.5049620548744892,0.4950379451255108,0.0750915390951993,0.2571700208293815,0.12560386473429952,0.11237844139163315
codebert,libxml2,0.1,0.05,unweighted_mondrian,0.03513513513513514,0.037858450274557656,0.7571690054911531,0.4950379451255108,0.5049620548744892,0.0750915390951993,0.2571700208293815,0.12560386473429952,0.11237844139163315
codebert,libxml2,0.1,0.05,vultriage_full_gate_clip_20,0.14324324324324325,0.0,1.4324324324324325,0.5049620548744892,0.4950379451255108,0.0750915390951993,0.2571700208293815,0.12560386473429952,0.11237844139163315
codebert,libxml2,0.1,0.1,estimated_weight_no_gate_clip_20,0.14324324324324325,6.101281269066394e-05,1.4324324324324325,0.5697606538237011,0.4302393461762989,0.0750915390951993,0.2571700208293815,0.12560386473429952,0.11237844139163315
codebert,libxml2,0.1,0.1,unweighted_mondrian,0.03513513513513514,0.08913971934106163,0.8913971934106163,0.6024518388791593,0.3975481611208406,0.0750915390951993,0.2571700208293815,0.12560386473429952,0.11237844139163315
codebert,libxml2,0.1,0.1,vultriage_full_gate_clip_20,0.14324324324324325,6.101281269066394e-05,1.4324324324324325,0.5697606538237011,0.4302393461762989,0.0750915390951993,0.2571700208293815,0.12560386473429952,0.11237844139163315
codebert,libxml2,0.1,0.2,estimated_weight_no_gate_clip_20,0.14324324324324325,0.02086638194020743,1.4324324324324325,0.6981903093987157,0.3018096906012843,0.0750915390951993,0.2571700208293815,0.12560386473429952,0.11237844139163315
codebert,libxml2,0.1,0.2,unweighted_mondrian,0.03513513513513514,0.1404514948139109,0.7022574740695544,0.7571511967308815,0.2428488032691185,0.0750915390951993,0.2571700208293815,0.12560386473429952,0.11237844139163315
codebert,libxml2,0.1,0.2,vultriage_full_gate_clip_20,0.14324324324324325,0.02086638194020743,1.4324324324324325,0.6981903093987157,0.3018096906012843,0.0750915390951993,0.2571700208293815,0.12560386473429952,0.11237844139163315
codebert,linux,0.01,0.05,estimated_weight_no_gate_clip_20,0.01926525529265255,0.0,1.926525529265255,0.0660836144011295,0.9339163855988705,0.09935294018617694,0.13060080885987405,0.16607714333838638,0.09467197154892248
codebert,linux,0.01,0.05,unweighted_mondrian,0.13632627646326276,0.0,13.632627646326275,0.26421680131775044,0.7357831986822496,0.09935294018617694,0.13060080885987405,0.16607714333838638,0.09467197154892248
codebert,linux,0.01,0.05,vultriage_full_gate_clip_20,0.01926525529265255,0.0,1.926525529265255,0.0660836144011295,0.9339163855988705,0.09935294018617694,0.13060080885987405,0.16607714333838638,0.09467197154892248
codebert,linux,0.01,0.1,estimated_weight_no_gate_clip_20,0.01926525529265255,0.0,1.926525529265255,0.10181190681622088,0.8981880931837791,0.09935294018617694,0.13060080885987405,0.16607714333838638,0.09467197154892248
codebert,linux,0.01,0.1,unweighted_mondrian,0.13632627646326276,0.0,13.632627646326275,0.2898266530708291,0.7101733469291709,0.09935294018617694,0.13060080885987405,0.16607714333838638,0.09467197154892248
codebert,linux,0.01,0.1,vultriage_full_gate_clip_20,0.01926525529265255,0.0,1.926525529265255,0.10181190681622088,0.8981880931837791,0.09935294018617694,0.13060080885987405,0.16607714333838638,0.09467197154892248
codebert,linux,0.01,0.2,estimated_weight_no_gate_clip_20,0.01926525529265255,0.0,1.926525529265255,0.19821162444113263,0.8017883755588674,0.09935294018617694,0.13060080885987405,0.16607714333838638,0.09467197154892248
codebert,linux,0.01,0.2,unweighted_mondrian,0.13632627646326276,0.0,13.632627646326275,0.3545376107930034,0.6454623892069966,0.09935294018617694,0.13060080885987405,0.16607714333838638,0.09467197154892248
codebert,linux,0.01,0.2,vultriage_full_gate_clip_20,0.01926525529265255,0.0,1.926525529265255,0.19821162444113263,0.8017883755588674,0.09935294018617694,0.13060080885987405,0.16607714333838638,0.09467197154892248
codebert,linux,0.05,0.05,estimated_weight_no_gate_clip_20,0.23455790784557912,0.0,4.691158156911582,0.4639971762491176,0.5360028237508824,0.09935294018617694,0.13060080885987405,0.16607714333838638,0.09467197154892248
codebert,linux,0.05,0.05,unweighted_mondrian,0.362826899128269,0.0,7.256537982565379,0.5849478390461997,0.4150521609538004,0.09935294018617694,0.13060080885987405,0.16607714333838638,0.09467197154892248
codebert,linux,0.05,0.05,vultriage_full_gate_clip_20,0.23455790784557912,0.0,4.691158156911582,0.4639971762491176,0.5360028237508824,0.09935294018617694,0.13060080885987405,0.16607714333838638,0.09467197154892248
codebert,linux,0.05,0.1,estimated_weight_no_gate_clip_20,0.23455790784557912,0.0,4.691158156911582,0.49972546866420897,0.500274531335791,0.09935294018617694,0.13060080885987405,0.16607714333838638,0.09467197154892248
codebert,linux,0.05,0.1,unweighted_mondrian,0.362826899128269,0.0,7.256537982565379,0.6105576907992784,0.38944230920072165,0.09935294018617694,0.13060080885987405,0.16607714333838638,0.09467197154892248
codebert,linux,0.05,0.1,vultriage_full_gate_clip_20,0.23455790784557912,0.0,4.691158156911582,0.49972546866420897,0.500274531335791,0.09935294018617694,0.13060080885987405,0.16607714333838638,0.09467197154892248
codebert,linux,0.05,0.2,estimated_weight_no_gate_clip_20,0.23455790784557912,0.0,4.691158156911582,0.5961251862891207,0.4038748137108793,0.09935294018617694,0.13060080885987405,0.16607714333838638,0.09467197154892248
codebert,linux,0.05,0.2,unweighted_mondrian,0.362826899128269,0.0,7.256537982565379,0.6752686485214526,0.3247313514785473,0.09935294018617694,0.13060080885987405,0.16607714333838638,0.09467197154892248
codebert,linux,0.05,0.2,vultriage_full_gate_clip_20,0.23455790784557912,0.0,4.691158156911582,0.5961251862891207,0.4038748137108793,0.09935294018617694,0.13060080885987405,0.16607714333838638,0.09467197154892248
codebert,linux,0.1,0.05,estimated_weight_no_gate_clip_20,0.31095890410958904,0.0,3.1095890410958904,0.5951054984704682,0.40489450152953166,0.09935294018617694,0.13060080885987405,0.16607714333838638,0.09467197154892248
codebert,linux,0.1,0.05,unweighted_mondrian,0.4448318804483188,0.0,4.448318804483187,0.7265667895521217,0.27343321044787827,0.09935294018617694,0.13060080885987405,0.16607714333838638,0.09467197154892248
codebert,linux,0.1,0.05,vultriage_full_gate_clip_20,0.31095890410958904,0.0,3.1095890410958904,0.5951054984704682,0.40489450152953166,0.09935294018617694,0.13060080885987405,0.16607714333838638,0.09467197154892248
codebert,linux,0.1,0.1,estimated_weight_no_gate_clip_20,0.31095890410958904,0.0,3.1095890410958904,0.6308337908855597,0.36916620911444037,0.09935294018617694,0.13060080885987405,0.16607714333838638,0.09467197154892248
codebert,linux,0.1,0.1,unweighted_mondrian,0.4448318804483188,0.0,4.448318804483187,0.7521766413052005,0.2478233586947996,0.09935294018617694,0.13060080885987405,0.16607714333838638,0.09467197154892248
codebert,linux,0.1,0.1,vultriage_full_gate_clip_20,0.31095890410958904,0.0,3.1095890410958904,0.6308337908855597,0.36916620911444037,0.09935294018617694,0.13060080885987405,0.16607714333838638,0.09467197154892248
codebert,linux,0.1,0.2,estimated_weight_no_gate_clip_20,0.31095890410958904,0.0,3.1095890410958904,0.7272335085104714,0.2727664914895286,0.09935294018617694,0.13060080885987405,0.16607714333838638,0.09467197154892248
codebert,linux,0.1,0.2,unweighted_mondrian,0.4448318804483188,0.0,4.448318804483187,0.8168875990273747,0.1831124009726253,0.09935294018617694,0.13060080885987405,0.16607714333838638,0.09467197154892248
codebert,linux,0.1,0.2,vultriage_full_gate_clip_20,0.31095890410958904,0.0,3.1095890410958904,0.7272335085104714,0.2727664914895286,0.09935294018617694,0.13060080885987405,0.16607714333838638,0.09467197154892248
codebert,mongo,0.01,0.05,estimated_weight_no_gate_clip_20,0.017777777777777774,0.0,1.7777777777777775,0.08555460017196904,0.9144453998280311,0.112131016229606,0.1500077941528331,0.17261904761904762,0.15166071217675056
codebert,mongo,0.01,0.05,unweighted_mondrian,0.07333333333333333,0.0,7.333333333333333,0.24591573516766982,0.7540842648323302,0.112131016229606,0.1500077941528331,0.17261904761904762,0.15166071217675056
codebert,mongo,0.01,0.05,vultriage_full_gate_clip_20,0.0,0.0,0.0,0.0,1.0,0.112131016229606,0.1500077941528331,0.17261904761904762,0.15166071217675056
codebert,mongo,0.01,0.1,estimated_weight_no_gate_clip_20,0.017777777777777774,0.0,1.7777777777777775,0.15477214101461736,0.8452278589853826,0.112131016229606,0.1500077941528331,0.17261904761904762,0.15166071217675056
codebert,mongo,0.01,0.1,unweighted_mondrian,0.07333333333333333,0.0,7.333333333333333,0.294067067927773,0.705932932072227,0.112131016229606,0.1500077941528331,0.17261904761904762,0.15166071217675056
codebert,mongo,0.01,0.1,vultriage_full_gate_clip_20,0.0,0.0,0.0,0.0,1.0,0.112131016229606,0.1500077941528331,0.17261904761904762,0.15166071217675056
codebert,mongo,0.01,0.2,estimated_weight_no_gate_clip_20,0.017777777777777774,0.04706943192064922,1.7777777777777775,0.30782459157351677,0.6921754084264833,0.112131016229606,0.1500077941528331,0.17261904761904762,0.15166071217675056
codebert,mongo,0.01,0.2,unweighted_mondrian,0.07333333333333333,0.0,7.333333333333333,0.38435081685296646,0.6156491831470335,0.112131016229606,0.1500077941528331,0.17261904761904762,0.15166071217675056
codebert,mongo,0.01,0.2,vultriage_full_gate_clip_20,0.0,0.0,0.0,0.0,1.0,0.112131016229606,0.1500077941528331,0.17261904761904762,0.15166071217675056
codebert,mongo,0.05,0.05,estimated_weight_no_gate_clip_20,0.14444444444444443,0.0,2.8888888888888884,0.4479793637145314,0.5520206362854686,0.112131016229606,0.1500077941528331,0.17261904761904762,0.15166071217675056
codebert,mongo,0.05,0.05,unweighted_mondrian,0.16296296296296298,0.0,3.2592592592592595,0.4664660361134995,0.5335339638865004,0.112131016229606,0.1500077941528331,0.17261904761904762,0.15166071217675056
codebert,mongo,0.05,0.05,vultriage_full_gate_clip_20,0.0,0.0,0.0,0.0,1.0,0.112131016229606,0.1500077941528331,0.17261904761904762,0.15166071217675056
codebert,mongo,0.05,0.1,estimated_weight_no_gate_clip_20,0.14444444444444443,0.0,2.8888888888888884,0.5171969045571797,0.4828030954428203,0.112131016229606,0.1500077941528331,0.17261904761904762,0.15166071217675056
codebert,mongo,0.05,0.1,unweighted_mondrian,0.16296296296296298,0.0,3.2592592592592595,0.5146173688736028,0.48538263112639723,0.112131016229606,0.1500077941528331,0.17261904761904762,0.15166071217675056
codebert,mongo,0.05,0.1,vultriage_full_gate_clip_20,0.0,0.0,0.0,0.0,1.0,0.112131016229606,0.1500077941528331,0.17261904761904762,0.15166071217675056
codebert,mongo,0.05,0.2,estimated_weight_no_gate_clip_20,0.14444444444444443,0.04706943192064922,2.8888888888888884,0.6702493551160791,0.3297506448839209,0.112131016229606,0.1500077941528331,0.17261904761904762,0.15166071217675056
codebert,mongo,0.05,0.2,unweighted_mondrian,0.16296296296296298,0.0,3.2592592592592595,0.6049011177987962,0.39509888220120376,0.112131016229606,0.1500077941528331,0.17261904761904762,0.15166071217675056
codebert,mongo,0.05,0.2,vultriage_full_gate_clip_20,0.0,0.0,0.0,0.0,1.0,0.112131016229606,0.1500077941528331,0.17261904761904762,0.15166071217675056
codebert,mongo,0.1,0.05,estimated_weight_no_gate_clip_20,0.34444444444444444,0.0,3.444444444444444,0.7919174548581256,0.20808254514187446,0.112131016229606,0.1500077941528331,0.17261904761904762,0.15166071217675056
codebert,mongo,0.1,0.05,unweighted_mondrian,0.22407407407407404,0.0,2.2407407407407405,0.6315563198624248,0.3684436801375752,0.112131016229606,0.1500077941528331,0.17261904761904762,0.15166071217675056
codebert,mongo,0.1,0.05,vultriage_full_gate_clip_20,0.0,0.0,0.0,0.0,1.0,0.112131016229606,0.1500077941528331,0.17261904761904762,0.15166071217675056
codebert,mongo,0.1,0.1,estimated_weight_no_gate_clip_20,0.34444444444444444,0.0,3.444444444444444,0.8611349957007739,0.13886500429922613,0.112131016229606,0.1500077941528331,0.17261904761904762,0.15166071217675056
codebert,mongo,0.1,0.1,unweighted_mondrian,0.22407407407407404,0.0,2.2407407407407405,0.679707652622528,0.32029234737747203,0.112131016229606,0.1500077941528331,0.17261904761904762,0.15166071217675056
codebert,mongo,0.1,0.1,vultriage_full_gate_clip_20,0.0,0.0,0.0,0.0,1.0,0.112131016229606,0.1500077941528331,0.17261904761904762,0.15166071217675056
codebert,mongo,0.1,0.2,estimated_weight_no_gate_clip_20,0.34444444444444444,0.04706943192064922,3.444444444444444,0.9858125537403268,0.014187446259673258,0.112131016229606,0.1500077941528331,0.17261904761904762,0.15166071217675056
codebert,mongo,0.1,0.2,unweighted_mondrian,0.22407407407407404,0.0,2.2407407407407405,0.7699914015477214,0.23000859845227856,0.112131016229606,0.1500077941528331,0.17261904761904762,0.15166071217675056
codebert,mongo,0.1,0.2,vultriage_full_gate_clip_20,0.0,0.0,0.0,0.0,1.0,0.112131016229606,0.1500077941528331,0.17261904761904762,0.15166071217675056
codebert,mysql-server,0.01,0.05,estimated_weight_no_gate_clip_20,0.021746031746031742,0.0,2.174603174603174,0.3652173913043478,0.6347826086956522,0.12665666564031514,0.15780655051164091,0.16869728209934395,0.19301496918807054
codebert,mysql-server,0.01,0.05,unweighted_mondrian,0.021746031746031742,0.0,2.174603174603174,0.3095652173913043,0.6904347826086956,0.12665666564031514,0.15780655051164091,0.16869728209934395,0.19301496918807054
codebert,mysql-server,0.01,0.05,vultriage_full_gate_clip_20,0.021746031746031742,0.0,2.174603174603174,0.3652173913043478,0.6347826086956522,0.12665666564031514,0.15780655051164091,0.16869728209934395,0.19301496918807054
codebert,mysql-server,0.01,0.1,estimated_weight_no_gate_clip_20,0.021746031746031742,0.0,2.174603174603174,0.40492753623188404,0.595072463768116,0.12665666564031514,0.15780655051164091,0.16869728209934395,0.19301496918807054
codebert,mysql-server,0.01,0.1,unweighted_mondrian,0.021746031746031742,0.0,2.174603174603174,0.36144927536231886,0.6385507246376811,0.12665666564031514,0.15780655051164091,0.16869728209934395,0.19301496918807054
codebert,mysql-server,0.01,0.1,vultriage_full_gate_clip_20,0.021746031746031742,0.0,2.174603174603174,0.40492753623188404,0.595072463768116,0.12665666564031514,0.15780655051164091,0.16869728209934395,0.19301496918807054
codebert,mysql-server,0.01,0.2,estimated_weight_no_gate_clip_20,0.021746031746031742,0.0,2.174603174603174,0.48434782608695653,0.5156521739130435,0.12665666564031514,0.15780655051164091,0.16869728209934395,0.19301496918807054
codebert,mysql-server,0.01,0.2,unweighted_mondrian,0.021746031746031742,0.0,2.174603174603174,0.4631884057971015,0.5368115942028986,0.12665666564031514,0.15780655051164091,0.16869728209934395,0.19301496918807054
codebert,mysql-server,0.01,0.2,vultriage_full_gate_clip_20,0.021746031746031742,0.0,2.174603174603174,0.48434782608695653,0.5156521739130435,0.12665666564031514,0.15780655051164091,0.16869728209934395,0.19301496918807054
codebert,mysql-server,0.05,0.05,estimated_weight_no_gate_clip_20,0.021428571428571422,0.0,0.4285714285714285,0.6301449275362319,0.36985507246376814,0.12665666564031514,0.15780655051164091,0.16869728209934395,0.19301496918807054
codebert,mysql-server,0.05,0.05,unweighted_mondrian,0.00555555555555555,0.0,0.11111111111111098,0.5243478260869565,0.47565217391304343,0.12665666564031514,0.15780655051164091,0.16869728209934395,0.19301496918807054
codebert,mysql-server,0.05,0.05,vultriage_full_gate_clip_20,0.021428571428571422,0.0,0.4285714285714285,0.6301449275362319,0.36985507246376814,0.12665666564031514,0.15780655051164091,0.16869728209934395,0.19301496918807054
codebert,mysql-server,0.05,0.1,estimated_weight_no_gate_clip_20,0.021428571428571422,0.0,0.4285714285714285,0.6698550724637681,0.33014492753623187,0.12665666564031514,0.15780655051164091,0.16869728209934395,0.19301496918807054
codebert,mysql-server,0.05,0.1,unweighted_mondrian,0.00555555555555555,0.0,0.11111111111111098,0.576231884057971,0.42376811594202907,0.12665666564031514,0.15780655051164091,0.16869728209934395,0.19301496918807054
codebert,mysql-server,0.05,0.1,vultriage_full_gate_clip_20,0.021428571428571422,0.0,0.4285714285714285,0.6698550724637681,0.33014492753623187,0.12665666564031514,0.15780655051164091,0.16869728209934395,0.19301496918807054
codebert,mysql-server,0.05,0.2,estimated_weight_no_gate_clip_20,0.021428571428571422,0.0,0.4285714285714285,0.7492753623188406,0.25072463768115943,0.12665666564031514,0.15780655051164091,0.16869728209934395,0.19301496918807054
codebert,mysql-server,0.05,0.2,unweighted_mondrian,0.00555555555555555,0.0,0.11111111111111098,0.6779710144927537,0.3220289855072464,0.12665666564031514,0.15780655051164091,0.16869728209934395,0.19301496918807054
codebert,mysql-server,0.05,0.2,vultriage_full_gate_clip_20,0.021428571428571422,0.0,0.4285714285714285,0.7492753623188406,0.25072463768115943,0.12665666564031514,0.15780655051164091,0.16869728209934395,0.19301496918807054
codebert,mysql-server,0.1,0.05,estimated_weight_no_gate_clip_20,0.09047619047619046,0.0,0.9047619047619045,0.7176811594202899,0.28231884057971013,0.12665666564031514,0.15780655051164091,0.16869728209934395,0.19301496918807054
codebert,mysql-server,0.1,0.05,unweighted_mondrian,0.0,0.0,0.0,0.648695652173913,0.35130434782608694,0.12665666564031514,0.15780655051164091,0.16869728209934395,0.19301496918807054
codebert,mysql-server,0.1,0.05,vultriage_full_gate_clip_20,0.09047619047619046,0.0,0.9047619047619045,0.7176811594202899,0.28231884057971013,0.12665666564031514,0.15780655051164091,0.16869728209934395,0.19301496918807054
codebert,mysql-server,0.1,0.1,estimated_weight_no_gate_clip_20,0.09047619047619046,0.0,0.9047619047619045,0.7573913043478261,0.24260869565217388,0.12665666564031514,0.15780655051164091,0.16869728209934395,0.19301496918807054
codebert,mysql-server,0.1,0.1,unweighted_mondrian,0.0,0.0,0.0,0.7005797101449275,0.29942028985507246,0.12665666564031514,0.15780655051164091,0.16869728209934395,0.19301496918807054
codebert,mysql-server,0.1,0.1,vultriage_full_gate_clip_20,0.09047619047619046,0.0,0.9047619047619045,0.7573913043478261,0.24260869565217388,0.12665666564031514,0.15780655051164091,0.16869728209934395,0.19301496918807054
codebert,mysql-server,0.1,0.2,estimated_weight_no_gate_clip_20,0.09047619047619046,0.0,0.9047619047619045,0.8368115942028986,0.16318840579710145,0.12665666564031514,0.15780655051164091,0.16869728209934395,0.19301496918807054
codebert,mysql-server,0.1,0.2,unweighted_mondrian,0.0,0.0,0.0,0.8023188405797101,0.19768115942028985,0.12665666564031514,0.15780655051164091,0.16869728209934395,0.19301496918807054
codebert,mysql-server,0.1,0.2,vultriage_full_gate_clip_20,0.09047619047619046,0.0,0.9047619047619045,0.8368115942028986,0.16318840579710145,0.12665666564031514,0.15780655051164091,0.16869728209934395,0.19301496918807054
codebert,net,0.01,0.05,estimated_weight_no_gate_clip_20,0.0,0.0,0.0,0.09833795013850416,0.9016620498614959,0.11146093794190773,0.15287555437119146,0.18594104308390025,0.18323624402555497
codebert,net,0.01,0.05,unweighted_mondrian,0.0,0.0,0.0,0.15650969529085873,0.8434903047091413,0.11146093794190773,0.15287555437119146,0.18594104308390025,0.18323624402555497
codebert,net,0.01,0.05,vultriage_full_gate_clip_20,0.0,0.0,0.0,0.09833795013850416,0.9016620498614959,0.11146093794190773,0.15287555437119146,0.18594104308390025,0.18323624402555497
codebert,net,0.01,0.1,estimated_weight_no_gate_clip_20,0.0,0.0,0.0,0.1481994459833795,0.8518005540166204,0.11146093794190773,0.15287555437119146,0.18594104308390025,0.18323624402555497
codebert,net,0.01,0.1,unweighted_mondrian,0.0,0.0,0.0,0.19667590027700832,0.8033240997229918,0.11146093794190773,0.15287555437119146,0.18594104308390025,0.18323624402555497
codebert,net,0.01,0.1,vultriage_full_gate_clip_20,0.0,0.0,0.0,0.1481994459833795,0.8518005540166204,0.11146093794190773,0.15287555437119146,0.18594104308390025,0.18323624402555497
codebert,net,0.01,0.2,estimated_weight_no_gate_clip_20,0.0,0.0,0.0,0.2479224376731302,0.7520775623268698,0.11146093794190773,0.15287555437119146,0.18594104308390025,0.18323624402555497
codebert,net,0.01,0.2,unweighted_mondrian,0.0,0.0,0.0,0.3054016620498615,0.6945983379501385,0.11146093794190773,0.15287555437119146,0.18594104308390025,0.18323624402555497
codebert,net,0.01,0.2,vultriage_full_gate_clip_20,0.0,0.0,0.0,0.2479224376731302,0.7520775623268698,0.11146093794190773,0.15287555437119146,0.18594104308390025,0.18323624402555497
codebert,net,0.05,0.05,estimated_weight_no_gate_clip_20,0.0,0.0,0.0,0.35941828254847646,0.6405817174515236,0.11146093794190773,0.15287555437119146,0.18594104308390025,0.18323624402555497
codebert,net,0.05,0.05,unweighted_mondrian,0.0,0.0,0.0,0.41551246537396114,0.5844875346260388,0.11146093794190773,0.15287555437119146,0.18594104308390025,0.18323624402555497
codebert,net,0.05,0.05,vultriage_full_gate_clip_20,0.0,0.0,0.0,0.35941828254847646,0.6405817174515236,0.11146093794190773,0.15287555437119146,0.18594104308390025,0.18323624402555497
codebert,net,0.05,0.1,estimated_weight_no_gate_clip_20,0.0,0.0,0.0,0.40927977839335183,0.5907202216066482,0.11146093794190773,0.15287555437119146,0.18594104308390025,0.18323624402555497
codebert,net,0.05,0.1,unweighted_mondrian,0.0,0.0,0.0,0.4556786703601108,0.5443213296398892,0.11146093794190773,0.15287555437119146,0.18594104308390025,0.18323624402555497
codebert,net,0.05,0.1,vultriage_full_gate_clip_20,0.0,0.0,0.0,0.40927977839335183,0.5907202216066482,0.11146093794190773,0.15287555437119146,0.18594104308390025,0.18323624402555497
codebert,net,0.05,0.2,estimated_weight_no_gate_clip_20,0.0,0.0,0.0,0.5090027700831025,0.4909972299168975,0.11146093794190773,0.15287555437119146,0.18594104308390025,0.18323624402555497
codebert,net,0.05,0.2,unweighted_mondrian,0.0,0.0,0.0,0.564404432132964,0.43559556786703607,0.11146093794190773,0.15287555437119146,0.18594104308390025,0.18323624402555497
codebert,net,0.05,0.2,vultriage_full_gate_clip_20,0.0,0.0,0.0,0.5090027700831025,0.4909972299168975,0.11146093794190773,0.15287555437119146,0.18594104308390025,0.18323624402555497
codebert,net,0.1,0.05,estimated_weight_no_gate_clip_20,0.023076923076923078,0.0,0.23076923076923078,0.5581717451523546,0.44182825484764543,0.11146093794190773,0.15287555437119146,0.18594104308390025,0.18323624402555497
codebert,net,0.1,0.05,unweighted_mondrian,0.08461538461538462,0.0,0.8461538461538461,0.6038781163434903,0.3961218836565097,0.11146093794190773,0.15287555437119146,0.18594104308390025,0.18323624402555497
codebert,net,0.1,0.05,vultriage_full_gate_clip_20,0.023076923076923078,0.0,0.23076923076923078,0.5581717451523546,0.44182825484764543,0.11146093794190773,0.15287555437119146,0.18594104308390025,0.18323624402555497
codebert,net,0.1,0.1,estimated_weight_no_gate_clip_20,0.023076923076923078,0.0,0.23076923076923078,0.6080332409972299,0.39196675900277006,0.11146093794190773,0.15287555437119146,0.18594104308390025,0.18323624402555497
codebert,net,0.1,0.1,unweighted_mondrian,0.08461538461538462,0.0,0.8461538461538461,0.6440443213296398,0.3559556786703601,0.11146093794190773,0.15287555437119146,0.18594104308390025,0.18323624402555497
codebert,net,0.1,0.1,vultriage_full_gate_clip_20,0.023076923076923078,0.0,0.23076923076923078,0.6080332409972299,0.39196675900277006,0.11146093794190773,0.15287555437119146,0.18594104308390025,0.18323624402555497
codebert,net,0.1,0.2,estimated_weight_no_gate_clip_20,0.023076923076923078,0.0,0.23076923076923078,0.7077562326869806,0.2922437673130194,0.11146093794190773,0.15287555437119146,0.18594104308390025,0.18323624402555497
codebert,net,0.1,0.2,unweighted_mondrian,0.08461538461538462,0.0,0.8461538461538461,0.752770083102493,0.2472299168975069,0.11146093794190773,0.15287555437119146,0.18594104308390025,0.18323624402555497
codebert,net,0.1,0.2,vultriage_full_gate_clip_20,0.023076923076923078,0.0,0.23076923076923078,0.7077562326869806,0.2922437673130194,0.11146093794190773,0.15287555437119146,0.18594104308390025,0.18323624402555497
codebert,openssl,0.01,0.05,estimated_weight_no_gate_clip_20,0.031401273885350314,0.0,3.1401273885350314,0.2542770882254277,0.7457229117745723,0.22703333583087745,0.18720495910035737,0.2972972972972973,0.20569997722696706
codebert,openssl,0.01,0.05,unweighted_mondrian,0.040955414012738854,0.0,4.095541401273885,0.28916470982891646,0.7108352901710835,0.22703333583087745,0.18720495910035737,0.2972972972972973,0.20569997722696706
codebert,openssl,0.01,0.05,vultriage_full_gate_clip_20,0.031401273885350314,0.0,3.1401273885350314,0.2542770882254277,0.7457229117745723,0.22703333583087745,0.18720495910035737,0.2972972972972973,0.20569997722696706
codebert,openssl,0.01,0.1,estimated_weight_no_gate_clip_20,0.031401273885350314,0.0,3.1401273885350314,0.29419657832941964,0.7058034216705803,0.22703333583087745,0.18720495910035737,0.2972972972972973,0.20569997722696706
codebert,openssl,0.01,0.1,unweighted_mondrian,0.040955414012738854,0.0,4.095541401273885,0.34988258973498826,0.6501174102650117,0.22703333583087745,0.18720495910035737,0.2972972972972973,0.20569997722696706
codebert,openssl,0.01,0.1,vultriage_full_gate_clip_20,0.031401273885350314,0.0,3.1401273885350314,0.29419657832941964,0.7058034216705803,0.22703333583087745,0.18720495910035737,0.2972972972972973,0.20569997722696706
codebert,openssl,0.01,0.2,estimated_weight_no_gate_clip_20,0.031401273885350314,0.0,3.1401273885350314,0.3901375377390138,0.6098624622609863,0.22703333583087745,0.18720495910035737,0.2972972972972973,0.20569997722696706
codebert,openssl,0.01,0.2,unweighted_mondrian,0.040955414012738854,0.002099737532808399,4.095541401273885,0.4646091915464609,0.535390808453539,0.22703333583087745,0.18720495910035737,0.2972972972972973,0.20569997722696706
codebert,openssl,0.01,0.2,vultriage_full_gate_clip_20,0.031401273885350314,0.0,3.1401273885350314,0.3901375377390138,0.6098624622609863,0.22703333583087745,0.18720495910035737,0.2972972972972973,0.20569997722696706
codebert,openssl,0.05,0.05,estimated_weight_no_gate_clip_20,0.14745222929936308,0.0,2.9490445859872616,0.49949681314994965,0.5005031868500504,0.22703333583087745,0.18720495910035737,0.2972972972972973,0.20569997722696706
codebert,openssl,0.05,0.05,unweighted_mondrian,0.13152866242038214,0.0,2.6305732484076425,0.47903388124790347,0.5209661187520966,0.22703333583087745,0.18720495910035737,0.2972972972972973,0.20569997722696706
codebert,openssl,0.05,0.05,vultriage_full_gate_clip_20,0.14745222929936308,0.0,2.9490445859872616,0.49949681314994965,0.5005031868500504,0.22703333583087745,0.18720495910035737,0.2972972972972973,0.20569997722696706
codebert,openssl,0.05,0.1,estimated_weight_no_gate_clip_20,0.14745222929936308,0.0,2.9490445859872616,0.5394163032539416,0.46058369674605837,0.22703333583087745,0.18720495910035737,0.2972972972972973,0.20569997722696706
codebert,openssl,0.05,0.1,unweighted_mondrian,0.13152866242038214,0.0,2.6305732484076425,0.5397517611539752,0.46024823884602484,0.22703333583087745,0.18720495910035737,0.2972972972972973,0.20569997722696706
codebert,openssl,0.05,0.1,vultriage_full_gate_clip_20,0.14745222929936308,0.0,2.9490445859872616,0.5394163032539416,0.46058369674605837,0.22703333583087745,0.18720495910035737,0.2972972972972973,0.20569997722696706
codebert,openssl,0.05,0.2,estimated_weight_no_gate_clip_20,0.14745222929936308,0.0,2.9490445859872616,0.6353572626635358,0.3646427373364643,0.22703333583087745,0.18720495910035737,0.2972972972972973,0.20569997722696706
codebert,openssl,0.05,0.2,unweighted_mondrian,0.13152866242038214,0.002099737532808399,2.6305732484076425,0.6544783629654478,0.3455216370345522,0.22703333583087745,0.18720495910035737,0.2972972972972973,0.20569997722696706
codebert,openssl,0.05,0.2,vultriage_full_gate_clip_20,0.14745222929936308,0.0,2.9490445859872616,0.6353572626635358,0.3646427373364643,0.22703333583087745,0.18720495910035737,0.2972972972972973,0.20569997722696706
codebert,openssl,0.1,0.05,estimated_weight_no_gate_clip_20,0.18662420382165604,0.0,1.8662420382165603,0.6071787990607179,0.39282120093928213,0.22703333583087745,0.18720495910035737,0.2972972972972973,0.20569997722696706
codebert,openssl,0.1,0.05,unweighted_mondrian,0.18025477707006368,0.0,1.8025477707006368,0.593089567259309,0.40691043274069105,0.22703333583087745,0.18720495910035737,0.2972972972972973,0.20569997722696706
codebert,openssl,0.1,0.05,vultriage_full_gate_clip_20,0.18662420382165604,0.0,1.8662420382165603,0.6071787990607179,0.39282120093928213,0.22703333583087745,0.18720495910035737,0.2972972972972973,0.20569997722696706
codebert,openssl,0.1,0.1,estimated_weight_no_gate_clip_20,0.18662420382165604,0.0,1.8662420382165603,0.6470982891647098,0.35290171083529015,0.22703333583087745,0.18720495910035737,0.2972972972972973,0.20569997722696706
codebert,openssl,0.1,0.1,unweighted_mondrian,0.18025477707006368,0.0,1.8025477707006368,0.6538074471653808,0.34619255283461925,0.22703333583087745,0.18720495910035737,0.2972972972972973,0.20569997722696706
codebert,openssl,0.1,0.1,vultriage_full_gate_clip_20,0.18662420382165604,0.0,1.8662420382165603,0.6470982891647098,0.35290171083529015,0.22703333583087745,0.18720495910035737,0.2972972972972973,0.20569997722696706
codebert,openssl,0.1,0.2,estimated_weight_no_gate_clip_20,0.18662420382165604,0.0,1.8662420382165603,0.7430392485743039,0.2569607514256961,0.22703333583087745,0.18720495910035737,0.2972972972972973,0.20569997722696706
codebert,openssl,0.1,0.2,unweighted_mondrian,0.18025477707006368,0.002099737532808399,1.8025477707006368,0.7685340489768534,0.23146595102314657,0.22703333583087745,0.18720495910035737,0.2972972972972973,0.20569997722696706
codebert,openssl,0.1,0.2,vultriage_full_gate_clip_20,0.18662420382165604,0.0,1.8662420382165603,0.7430392485743039,0.2569607514256961,0.22703333583087745,0.18720495910035737,0.2972972972972973,0.20569997722696706
codebert,php,0.01,0.05,estimated_weight_no_gate_clip_20,0.025532994923857865,0.0,2.553299492385787,0.33047210300429186,0.6695278969957081,0.1996068208389474,0.12092148544395942,0.3116883116883117,0.26725990744097805
codebert,php,0.01,0.05,unweighted_mondrian,0.025532994923857865,0.0,2.553299492385787,0.3143776824034335,0.6856223175965666,0.1996068208389474,0.12092148544395942,0.3116883116883117,0.26725990744097805
codebert,php,0.01,0.05,vultriage_full_gate_clip_20,0.025532994923857865,0.0,2.553299492385787,0.33047210300429186,0.6695278969957081,0.1996068208389474,0.12092148544395942,0.3116883116883117,0.26725990744097805
codebert,php,0.01,0.1,estimated_weight_no_gate_clip_20,0.025532994923857865,0.0,2.553299492385787,0.3605150214592275,0.6394849785407726,0.1996068208389474,0.12092148544395942,0.3116883116883117,0.26725990744097805
codebert,php,0.01,0.1,unweighted_mondrian,0.025532994923857865,0.0,2.553299492385787,0.3458512160228898,0.6541487839771102,0.1996068208389474,0.12092148544395942,0.3116883116883117,0.26725990744097805
codebert,php,0.01,0.1,vultriage_full_gate_clip_20,0.025532994923857865,0.0,2.553299492385787,0.3605150214592275,0.6394849785407726,0.1996068208389474,0.12092148544395942,0.3116883116883117,0.26725990744097805
codebert,php,0.01,0.2,estimated_weight_no_gate_clip_20,0.025532994923857865,0.0,2.553299492385787,0.4166666666666667,0.5833333333333334,0.1996068208389474,0.12092148544395942,0.3116883116883117,0.26725990744097805
codebert,php,0.01,0.2,unweighted_mondrian,0.025532994923857865,0.0,2.553299492385787,0.40629470672389123,0.5937052932761088,0.1996068208389474,0.12092148544395942,0.3116883116883117,0.26725990744097805
codebert,php,0.01,0.2,vultriage_full_gate_clip_20,0.025532994923857865,0.0,2.553299492385787,0.4166666666666667,0.5833333333333334,0.1996068208389474,0.12092148544395942,0.3116883116883117,0.26725990744097805
codebert,php,0.05,0.05,estimated_weight_no_gate_clip_20,0.066751269035533,0.0,1.3350253807106598,0.5264663805436338,0.47353361945636624,0.1996068208389474,0.12092148544395942,0.3116883116883117,0.26725990744097805
codebert,php,0.05,0.05,unweighted_mondrian,0.0565989847715736,0.0,1.131979695431472,0.509656652360515,0.49034334763948506,0.1996068208389474,0.12092148544395942,0.3116883116883117,0.26725990744097805
codebert,php,0.05,0.05,vultriage_full_gate_clip_20,0.066751269035533,0.0,1.3350253807106598,0.5264663805436338,0.47353361945636624,0.1996068208389474,0.12092148544395942,0.3116883116883117,0.26725990744097805
codebert,php,0.05,0.1,estimated_weight_no_gate_clip_20,0.066751269035533,0.0,1.3350253807106598,0.5565092989985694,0.4434907010014307,0.1996068208389474,0.12092148544395942,0.3116883116883117,0.26725990744097805
codebert,php,0.05,0.1,unweighted_mondrian,0.0565989847715736,0.0,1.131979695431472,0.5411301859799714,0.4588698140200286,0.1996068208389474,0.12092148544395942,0.3116883116883117,0.26725990744097805
codebert,php,0.05,0.1,vultriage_full_gate_clip_20,0.066751269035533,0.0,1.3350253807106598,0.5565092989985694,0.4434907010014307,0.1996068208389474,0.12092148544395942,0.3116883116883117,0.26725990744097805
codebert,php,0.05,0.2,estimated_weight_no_gate_clip_20,0.066751269035533,0.0,1.3350253807106598,0.6126609442060086,0.3873390557939914,0.1996068208389474,0.12092148544395942,0.3116883116883117,0.26725990744097805
codebert,php,0.05,0.2,unweighted_mondrian,0.0565989847715736,0.0,1.131979695431472,0.6015736766809728,0.39842632331902716,0.1996068208389474,0.12092148544395942,0.3116883116883117,0.26725990744097805
codebert,php,0.05,0.2,vultriage_full_gate_clip_20,0.066751269035533,0.0,1.3350253807106598,0.6126609442060086,0.3873390557939914,0.1996068208389474,0.12092148544395942,0.3116883116883117,0.26725990744097805
codebert,php,0.1,0.05,estimated_weight_no_gate_clip_20,0.14365482233502538,0.0,1.4365482233502538,0.6995708154506438,0.30042918454935624,0.1996068208389474,0.12092148544395942,0.3116883116883117,0.26725990744097805
codebert,php,0.1,0.05,unweighted_mondrian,0.14365482233502538,0.0,1.4365482233502538,0.6888412017167382,0.3111587982832618,0.1996068208389474,0.12092148544395942,0.3116883116883117,0.26725990744097805
codebert,php,0.1,0.05,vultriage_full_gate_clip_20,0.14365482233502538,0.0,1.4365482233502538,0.6995708154506438,0.30042918454935624,0.1996068208389474,0.12092148544395942,0.3116883116883117,0.26725990744097805
codebert,php,0.1,0.1,estimated_weight_no_gate_clip_20,0.14365482233502538,0.0,1.4365482233502538,0.7296137339055794,0.2703862660944206,0.1996068208389474,0.12092148544395942,0.3116883116883117,0.26725990744097805
codebert,php,0.1,0.1,unweighted_mondrian,0.14365482233502538,0.0,1.4365482233502538,0.7203147353361946,0.27968526466380544,0.1996068208389474,0.12092148544395942,0.3116883116883117,0.26725990744097805
codebert,php,0.1,0.1,vultriage_full_gate_clip_20,0.14365482233502538,0.0,1.4365482233502538,0.7296137339055794,0.2703862660944206,0.1996068208389474,0.12092148544395942,0.3116883116883117,0.26725990744097805
codebert,php,0.1,0.2,estimated_weight_no_gate_clip_20,0.14365482233502538,0.0,1.4365482233502538,0.7857653791130186,0.21423462088698136,0.1996068208389474,0.12092148544395942,0.3116883116883117,0.26725990744097805
codebert,php,0.1,0.2,unweighted_mondrian,0.14365482233502538,0.0,1.4365482233502538,0.780758226037196,0.219241773962804,0.1996068208389474,0.12092148544395942,0.3116883116883117,0.26725990744097805
codebert,php,0.1,0.2,vultriage_full_gate_clip_20,0.14365482233502538,0.0,1.4365482233502538,0.7857653791130186,0.21423462088698136,0.1996068208389474,0.12092148544395942,0.3116883116883117,0.26725990744097805
codebert,postgres,0.01,0.05,estimated_weight_no_gate_clip_20,0.013076923076923078,0.020836785418392706,1.3076923076923077,0.2248427672955975,0.7751572327044025,0.1678045314097991,0.19625085322849448,0.18289085545722716,0.17858006508775462
codebert,postgres,0.01,0.05,unweighted_mondrian,0.013076923076923078,0.010894780447390222,1.3076923076923077,0.22641509433962265,0.7735849056603774,0.1678045314097991,0.19625085322849448,0.18289085545722716,0.17858006508775462
codebert,postgres,0.01,0.05,vultriage_full_gate_clip_20,0.013076923076923078,0.020836785418392706,1.3076923076923077,0.2248427672955975,0.7751572327044025,0.1678045314097991,0.19625085322849448,0.18289085545722716,0.17858006508775462
codebert,postgres,0.01,0.1,estimated_weight_no_gate_clip_20,0.013076923076923078,0.016818558409279205,1.3076923076923077,0.27437106918238996,0.72562893081761,0.1678045314097991,0.19625085322849448,0.18289085545722716,0.17858006508775462
codebert,postgres,0.01,0.1,unweighted_mondrian,0.013076923076923078,0.019304059652029817,1.3076923076923077,0.28891509433962265,0.7110849056603774,0.1678045314097991,0.19625085322849448,0.18289085545722716,0.17858006508775462
codebert,postgres,0.01,0.1,vultriage_full_gate_clip_20,0.013076923076923078,0.016818558409279205,1.3076923076923077,0.27437106918238996,0.72562893081761,0.1678045314097991,0.19625085322849448,0.18289085545722716,0.17858006508775462
codebert,postgres,0.01,0.2,estimated_weight_no_gate_clip_20,0.013076923076923078,0.031151615575807784,1.3076923076923077,0.39111635220125784,0.6088836477987422,0.1678045314097991,0.19625085322849448,0.18289085545722716,0.17858006508775462
codebert,postgres,0.01,0.2,unweighted_mondrian,0.013076923076923078,0.052278376139188065,1.3076923076923077,0.4241352201257861,0.5758647798742138,0.1678045314097991,0.19625085322849448,0.18289085545722716,0.17858006508775462
codebert,postgres,0.01,0.2,vultriage_full_gate_clip_20,0.013076923076923078,0.031151615575807784,1.3076923076923077,0.39111635220125784,0.6088836477987422,0.1678045314097991,0.19625085322849448,0.18289085545722716,0.17858006508775462
codebert,postgres,0.05,0.05,estimated_weight_no_gate_clip_20,0.0,0.020836785418392706,0.4167357083678541,0.4964622641509434,0.5035377358490566,0.1678045314097991,0.19625085322849448,0.18289085545722716,0.17858006508775462
codebert,postgres,0.05,0.05,unweighted_mondrian,0.0,0.010894780447390222,0.21789560894780444,0.4732704402515723,0.5267295597484277,0.1678045314097991,0.19625085322849448,0.18289085545722716,0.17858006508775462
codebert,postgres,0.05,0.05,vultriage_full_gate_clip_20,0.0,0.020836785418392706,0.4167357083678541,0.4964622641509434,0.5035377358490566,0.1678045314097991,0.19625085322849448,0.18289085545722716,0.17858006508775462
codebert,postgres,0.05,0.1,estimated_weight_no_gate_clip_20,0.0,0.016818558409279205,0.16818558409279205,0.5459905660377359,0.4540094339622642,0.1678045314097991,0.19625085322849448,0.18289085545722716,0.17858006508775462
codebert,postgres,0.05,0.1,unweighted_mondrian,0.0,0.019304059652029817,0.19304059652029817,0.5357704402515723,0.4642295597484277,0.1678045314097991,0.19625085322849448,0.18289085545722716,0.17858006508775462
codebert,postgres,0.05,0.1,vultriage_full_gate_clip_20,0.0,0.016818558409279205,0.16818558409279205,0.5459905660377359,0.4540094339622642,0.1678045314097991,0.19625085322849448,0.18289085545722716,0.17858006508775462
codebert,postgres,0.05,0.2,estimated_weight_no_gate_clip_20,0.0,0.031151615575807784,0.15575807787903892,0.6627358490566038,0.33726415094339623,0.1678045314097991,0.19625085322849448,0.18289085545722716,0.17858006508775462
codebert,postgres,0.05,0.2,unweighted_mondrian,0.0,0.052278376139188065,0.2613918806959403,0.6709905660377359,0.3290094339622642,0.1678045314097991,0.19625085322849448,0.18289085545722716,0.17858006508775462
codebert,postgres,0.05,0.2,vultriage_full_gate_clip_20,0.0,0.031151615575807784,0.15575807787903892,0.6627358490566038,0.33726415094339623,0.1678045314097991,0.19625085322849448,0.18289085545722716,0.17858006508775462
codebert,postgres,0.1,0.05,estimated_weight_no_gate_clip_20,0.0,0.020836785418392706,0.4167357083678541,0.6022012578616353,0.3977987421383648,0.1678045314097991,0.19625085322849448,0.18289085545722716,0.17858006508775462
codebert,postgres,0.1,0.05,unweighted_mondrian,0.0,0.010894780447390222,0.21789560894780444,0.5994496855345912,0.4005503144654088,0.1678045314097991,0.19625085322849448,0.18289085545722716,0.17858006508775462
codebert,postgres,0.1,0.05,vultriage_full_gate_clip_20,0.0,0.020836785418392706,0.4167357083678541,0.6022012578616353,0.3977987421383648,0.1678045314097991,0.19625085322849448,0.18289085545722716,0.17858006508775462
codebert,postgres,0.1,0.1,estimated_weight_no_gate_clip_20,0.0,0.016818558409279205,0.16818558409279205,0.6517295597484277,0.34827044025157233,0.1678045314097991,0.19625085322849448,0.18289085545722716,0.17858006508775462
codebert,postgres,0.1,0.1,unweighted_mondrian,0.0,0.019304059652029817,0.19304059652029817,0.6619496855345912,0.3380503144654088,0.1678045314097991,0.19625085322849448,0.18289085545722716,0.17858006508775462
codebert,postgres,0.1,0.1,vultriage_full_gate_clip_20,0.0,0.016818558409279205,0.16818558409279205,0.6517295597484277,0.34827044025157233,0.1678045314097991,0.19625085322849448,0.18289085545722716,0.17858006508775462
codebert,postgres,0.1,0.2,estimated_weight_no_gate_clip_20,0.0,0.031151615575807784,0.15575807787903892,0.7684748427672956,0.2315251572327044,0.1678045314097991,0.19625085322849448,0.18289085545722716,0.17858006508775462
codebert,postgres,0.1,0.2,unweighted_mondrian,0.0,0.052278376139188065,0.2613918806959403,0.7971698113207547,0.20283018867924527,0.1678045314097991,0.19625085322849448,0.18289085545722716,0.17858006508775462
codebert,postgres,0.1,0.2,vultriage_full_gate_clip_20,0.0,0.031151615575807784,0.15575807787903892,0.7684748427672956,0.2315251572327044,0.1678045314097991,0.19625085322849448,0.18289085545722716,0.17858006508775462
codebert,qemu,0.01,0.05,estimated_weight_no_gate_clip_20,0.23615384615384616,0.0,23.615384615384617,0.4633471645919779,0.5366528354080221,0.17143673866395853,0.1531749497918094,0.2478134110787172,0.1573635489746537
codebert,qemu,0.01,0.05,unweighted_mondrian,0.05153846153846155,0.0,5.153846153846154,0.2111572153065929,0.7888427846934071,0.17143673866395853,0.1531749497918094,0.2478134110787172,0.1573635489746537
codebert,qemu,0.01,0.05,vultriage_full_gate_clip_20,0.23615384615384616,0.0,23.615384615384617,0.4633471645919779,0.5366528354080221,0.17143673866395853,0.1531749497918094,0.2478134110787172,0.1573635489746537
codebert,qemu,0.01,0.1,estimated_weight_no_gate_clip_20,0.23615384615384616,0.0,23.615384615384617,0.48178884278469336,0.5182111572153066,0.17143673866395853,0.1531749497918094,0.2478134110787172,0.1573635489746537
codebert,qemu,0.01,0.1,unweighted_mondrian,0.05153846153846155,0.0,5.153846153846154,0.24112494236975562,0.7588750576302443,0.17143673866395853,0.1531749497918094,0.2478134110787172,0.1573635489746537
codebert,qemu,0.01,0.1,vultriage_full_gate_clip_20,0.23615384615384616,0.0,23.615384615384617,0.48178884278469336,0.5182111572153066,0.17143673866395853,0.1531749497918094,0.2478134110787172,0.1573635489746537
codebert,qemu,0.01,0.2,estimated_weight_no_gate_clip_20,0.23615384615384616,0.0,23.615384615384617,0.5550945136007377,0.44490548639926236,0.17143673866395853,0.1531749497918094,0.2478134110787172,0.1573635489746537
codebert,qemu,0.01,0.2,unweighted_mondrian,0.05153846153846155,0.0,5.153846153846154,0.3462425080682342,0.6537574919317658,0.17143673866395853,0.1531749497918094,0.2478134110787172,0.1573635489746537
codebert,qemu,0.01,0.2,vultriage_full_gate_clip_20,0.23615384615384616,0.0,23.615384615384617,0.5550945136007377,0.44490548639926236,0.17143673866395853,0.1531749497918094,0.2478134110787172,0.1573635489746537
codebert,qemu,0.05,0.05,estimated_weight_no_gate_clip_20,0.35000000000000003,0.0,7.0,0.644997694790226,0.3550023052097741,0.17143673866395853,0.1531749497918094,0.2478134110787172,0.1573635489746537
codebert,qemu,0.05,0.05,unweighted_mondrian,0.2115384615384616,0.0,4.230769230769231,0.4946980175195943,0.5053019824804057,0.17143673866395853,0.1531749497918094,0.2478134110787172,0.1573635489746537
codebert,qemu,0.05,0.05,vultriage_full_gate_clip_20,0.35000000000000003,0.0,7.0,0.644997694790226,0.3550023052097741,0.17143673866395853,0.1531749497918094,0.2478134110787172,0.1573635489746537
codebert,qemu,0.05,0.1,estimated_weight_no_gate_clip_20,0.35000000000000003,0.0,7.0,0.6634393729829414,0.3365606270170586,0.17143673866395853,0.1531749497918094,0.2478134110787172,0.1573635489746537
codebert,qemu,0.05,0.1,unweighted_mondrian,0.2115384615384616,0.0,4.230769230769231,0.524665744582757,0.47533425541724295,0.17143673866395853,0.1531749497918094,0.2478134110787172,0.1573635489746537
codebert,qemu,0.05,0.1,vultriage_full_gate_clip_20,0.35000000000000003,0.0,7.0,0.6634393729829414,0.3365606270170586,0.17143673866395853,0.1531749497918094,0.2478134110787172,0.1573635489746537
codebert,qemu,0.05,0.2,estimated_weight_no_gate_clip_20,0.35000000000000003,0.0,7.0,0.7367450437989858,0.2632549562010143,0.17143673866395853,0.1531749497918094,0.2478134110787172,0.1573635489746537
codebert,qemu,0.05,0.2,unweighted_mondrian,0.2115384615384616,0.0,4.230769230769231,0.6297833102812356,0.3702166897187644,0.17143673866395853,0.1531749497918094,0.2478134110787172,0.1573635489746537
codebert,qemu,0.05,0.2,vultriage_full_gate_clip_20,0.35000000000000003,0.0,7.0,0.7367450437989858,0.2632549562010143,0.17143673866395853,0.1531749497918094,0.2478134110787172,0.1573635489746537
codebert,qemu,0.1,0.05,estimated_weight_no_gate_clip_20,0.4128205128205128,0.0,4.128205128205128,0.7584140156754264,0.2415859843245735,0.17143673866395853,0.1531749497918094,0.2478134110787172,0.1573635489746537
codebert,qemu,0.1,0.05,unweighted_mondrian,0.31025641025641026,0.0,3.1025641025641026,0.6602120792992162,0.3397879207007838,0.17143673866395853,0.1531749497918094,0.2478134110787172,0.1573635489746537
codebert,qemu,0.1,0.05,vultriage_full_gate_clip_20,0.4128205128205128,0.0,4.128205128205128,0.7584140156754264,0.2415859843245735,0.17143673866395853,0.1531749497918094,0.2478134110787172,0.1573635489746537
codebert,qemu,0.1,0.1,estimated_weight_no_gate_clip_20,0.4128205128205128,0.0,4.128205128205128,0.776855693868142,0.223144306131858,0.17143673866395853,0.1531749497918094,0.2478134110787172,0.1573635489746537
codebert,qemu,0.1,0.1,unweighted_mondrian,0.31025641025641026,0.0,3.1025641025641026,0.690179806362379,0.30982019363762103,0.17143673866395853,0.1531749497918094,0.2478134110787172,0.1573635489746537
codebert,qemu,0.1,0.1,vultriage_full_gate_clip_20,0.4128205128205128,0.0,4.128205128205128,0.776855693868142,0.223144306131858,0.17143673866395853,0.1531749497918094,0.2478134110787172,0.1573635489746537
codebert,qemu,0.1,0.2,estimated_weight_no_gate_clip_20,0.4128205128205128,0.0,4.128205128205128,0.8501613646841862,0.14983863531581373,0.17143673866395853,0.1531749497918094,0.2478134110787172,0.1573635489746537
codebert,qemu,0.1,0.2,unweighted_mondrian,0.31025641025641026,0.0,3.1025641025641026,0.7952973720608575,0.20470262793914246,0.17143673866395853,0.1531749497918094,0.2478134110787172,0.1573635489746537
codebert,qemu,0.1,0.2,vultriage_full_gate_clip_20,0.4128205128205128,0.0,4.128205128205128,0.8501613646841862,0.14983863531581373,0.17143673866395853,0.1531749497918094,0.2478134110787172,0.1573635489746537
codebert,qpdf,0.01,0.05,estimated_weight_no_gate_clip_20,0.17431372549019608,0.0,17.431372549019606,0.5092137592137592,0.4907862407862408,0.28799585311249476,0.16613068436047135,0.38496240601503756,0.24832397603399622
codebert,qpdf,0.01,0.05,unweighted_mondrian,0.10372549019607843,0.0,10.372549019607844,0.4023341523341523,0.5976658476658476,0.28799585311249476,0.16613068436047135,0.38496240601503756,0.24832397603399622
codebert,qpdf,0.01,0.05,vultriage_full_gate_clip_20,0.17431372549019608,0.0,17.431372549019606,0.5092137592137592,0.4907862407862408,0.28799585311249476,0.16613068436047135,0.38496240601503756,0.24832397603399622
codebert,qpdf,0.01,0.1,estimated_weight_no_gate_clip_20,0.17431372549019608,0.0,17.431372549019606,0.5503685503685504,0.44963144963144963,0.28799585311249476,0.16613068436047135,0.38496240601503756,0.24832397603399622
codebert,qpdf,0.01,0.1,unweighted_mondrian,0.10372549019607843,0.0,10.372549019607844,0.4551597051597051,0.5448402948402948,0.28799585311249476,0.16613068436047135,0.38496240601503756,0.24832397603399622
codebert,qpdf,0.01,0.1,vultriage_full_gate_clip_20,0.17431372549019608,0.0,17.431372549019606,0.5503685503685504,0.44963144963144963,0.28799585311249476,0.16613068436047135,0.38496240601503756,0.24832397603399622
codebert,qpdf,0.01,0.2,estimated_weight_no_gate_clip_20,0.17431372549019608,0.0,17.431372549019606,0.6351351351351351,0.36486486486486486,0.28799585311249476,0.16613068436047135,0.38496240601503756,0.24832397603399622
codebert,qpdf,0.01,0.2,unweighted_mondrian,0.10372549019607843,0.0,10.372549019607844,0.5485257985257985,0.4514742014742015,0.28799585311249476,0.16613068436047135,0.38496240601503756,0.24832397603399622
codebert,qpdf,0.01,0.2,vultriage_full_gate_clip_20,0.17431372549019608,0.0,17.431372549019606,0.6351351351351351,0.36486486486486486,0.28799585311249476,0.16613068436047135,0.38496240601503756,0.24832397603399622
codebert,qpdf,0.05,0.05,estimated_weight_no_gate_clip_20,0.26372549019607844,0.0,5.2745098039215685,0.6246928746928747,0.3753071253071253,0.28799585311249476,0.16613068436047135,0.38496240601503756,0.24832397603399622
codebert,qpdf,0.05,0.05,unweighted_mondrian,0.18529411764705883,0.0,3.7058823529411766,0.5737100737100738,0.42628992628992635,0.28799585311249476,0.16613068436047135,0.38496240601503756,0.24832397603399622
codebert,qpdf,0.05,0.05,vultriage_full_gate_clip_20,0.26372549019607844,0.0,5.2745098039215685,0.6246928746928747,0.3753071253071253,0.28799585311249476,0.16613068436047135,0.38496240601503756,0.24832397603399622
codebert,qpdf,0.05,0.1,estimated_weight_no_gate_clip_20,0.26372549019607844,0.0,5.2745098039215685,0.6658476658476659,0.33415233415233414,0.28799585311249476,0.16613068436047135,0.38496240601503756,0.24832397603399622
codebert,qpdf,0.05,0.1,unweighted_mondrian,0.18529411764705883,0.0,3.7058823529411766,0.6265356265356266,0.37346437346437344,0.28799585311249476,0.16613068436047135,0.38496240601503756,0.24832397603399622
codebert,qpdf,0.05,0.1,vultriage_full_gate_clip_20,0.26372549019607844,0.0,5.2745098039215685,0.6658476658476659,0.33415233415233414,0.28799585311249476,0.16613068436047135,0.38496240601503756,0.24832397603399622
codebert,qpdf,0.05,0.2,estimated_weight_no_gate_clip_20,0.26372549019607844,0.0,5.2745098039215685,0.7506142506142506,0.24938574938574937,0.28799585311249476,0.16613068436047135,0.38496240601503756,0.24832397603399622
codebert,qpdf,0.05,0.2,unweighted_mondrian,0.18529411764705883,0.0,3.7058823529411766,0.7199017199017199,0.2800982800982801,0.28799585311249476,0.16613068436047135,0.38496240601503756,0.24832397603399622
codebert,qpdf,0.05,0.2,vultriage_full_gate_clip_20,0.26372549019607844,0.0,5.2745098039215685,0.7506142506142506,0.24938574938574937,0.28799585311249476,0.16613068436047135,0.38496240601503756,0.24832397603399622
codebert,qpdf,0.1,0.05,estimated_weight_no_gate_clip_20,0.30000000000000004,0.0,3.0000000000000004,0.7125307125307125,0.28746928746928746,0.28799585311249476,0.16613068436047135,0.38496240601503756,0.24832397603399622
codebert,qpdf,0.1,0.05,unweighted_mondrian,0.2333333333333333,0.0,2.333333333333333,0.6707616707616708,0.32923832923832924,0.28799585311249476,0.16613068436047135,0.38496240601503756,0.24832397603399622
codebert,qpdf,0.1,0.05,vultriage_full_gate_clip_20,0.30000000000000004,0.0,3.0000000000000004,0.7125307125307125,0.28746928746928746,0.28799585311249476,0.16613068436047135,0.38496240601503756,0.24832397603399622
codebert,qpdf,0.1,0.1,estimated_weight_no_gate_clip_20,0.30000000000000004,0.0,3.0000000000000004,0.7536855036855037,0.2463144963144963,0.28799585311249476,0.16613068436047135,0.38496240601503756,0.24832397603399622
codebert,qpdf,0.1,0.1,unweighted_mondrian,0.2333333333333333,0.0,2.333333333333333,0.7235872235872236,0.2764127764127764,0.28799585311249476,0.16613068436047135,0.38496240601503756,0.24832397603399622
codebert,qpdf,0.1,0.1,vultriage_full_gate_clip_20,0.30000000000000004,0.0,3.0000000000000004,0.7536855036855037,0.2463144963144963,0.28799585311249476,0.16613068436047135,0.38496240601503756,0.24832397603399622
codebert,qpdf,0.1,0.2,estimated_weight_no_gate_clip_20,0.30000000000000004,0.0,3.0000000000000004,0.8384520884520883,0.16154791154791154,0.28799585311249476,0.16613068436047135,0.38496240601503756,0.24832397603399622
codebert,qpdf,0.1,0.2,unweighted_mondrian,0.2333333333333333,0.0,2.333333333333333,0.816953316953317,0.18304668304668303,0.28799585311249476,0.16613068436047135,0.38496240601503756,0.24832397603399622
codebert,qpdf,0.1,0.2,vultriage_full_gate_clip_20,0.30000000000000004,0.0,3.0000000000000004,0.8384520884520883,0.16154791154791154,0.28799585311249476,0.16613068436047135,0.38496240601503756,0.24832397603399622
codebert,radare2,0.01,0.05,estimated_weight_no_gate_clip_20,0.042631578947368416,0.0,4.263157894736842,0.18733509234828497,0.8126649076517151,0.11757893031424635,0.19022714480632025,0.16867469879518074,0.09499983298162584
codebert,radare2,0.01,0.05,unweighted_mondrian,0.02947368421052631,0.0,2.947368421052631,0.21723834652594548,0.7827616534740546,0.11757893031424635,0.19022714480632025,0.16867469879518074,0.09499983298162584
codebert,radare2,0.01,0.05,vultriage_full_gate_clip_20,0.042631578947368416,0.0,4.263157894736842,0.18733509234828497,0.8126649076517151,0.11757893031424635,0.19022714480632025,0.16867469879518074,0.09499983298162584
codebert,radare2,0.01,0.1,estimated_weight_no_gate_clip_20,0.042631578947368416,0.0,4.263157894736842,0.22691292875989447,0.7730870712401056,0.11757893031424635,0.19022714480632025,0.16867469879518074,0.09499983298162584
codebert,radare2,0.01,0.1,unweighted_mondrian,0.02947368421052631,0.007445805843543818,2.947368421052631,0.27880386983289357,0.7211961301671064,0.11757893031424635,0.19022714480632025,0.16867469879518074,0.09499983298162584
codebert,radare2,0.01,0.1,vultriage_full_gate_clip_20,0.042631578947368416,0.0,4.263157894736842,0.22691292875989447,0.7730870712401056,0.11757893031424635,0.19022714480632025,0.16867469879518074,0.09499983298162584
codebert,radare2,0.01,0.2,estimated_weight_no_gate_clip_20,0.042631578947368416,0.0,4.263157894736842,0.29815303430079154,0.7018469656992085,0.11757893031424635,0.19022714480632025,0.16867469879518074,0.09499983298162584
codebert,radare2,0.01,0.2,unweighted_mondrian,0.02947368421052631,0.015834118755890664,2.947368421052631,0.39050131926121373,0.6094986807387863,0.11757893031424635,0.19022714480632025,0.16867469879518074,0.09499983298162584
codebert,radare2,0.01,0.2,vultriage_full_gate_clip_20,0.042631578947368416,0.0,4.263157894736842,0.29815303430079154,0.7018469656992085,0.11757893031424635,0.19022714480632025,0.16867469879518074,0.09499983298162584
codebert,radare2,0.05,0.05,estimated_weight_no_gate_clip_20,0.29210526315789476,0.0,5.842105263157895,0.5672823218997362,0.43271767810026385,0.11757893031424635,0.19022714480632025,0.16867469879518074,0.09499983298162584
codebert,radare2,0.05,0.05,unweighted_mondrian,0.17368421052631577,0.0,3.473684210526316,0.4547053649956025,0.5452946350043976,0.11757893031424635,0.19022714480632025,0.16867469879518074,0.09499983298162584
codebert,radare2,0.05,0.05,vultriage_full_gate_clip_20,0.29210526315789476,0.0,5.842105263157895,0.5672823218997362,0.43271767810026385,0.11757893031424635,0.19022714480632025,0.16867469879518074,0.09499983298162584
codebert,radare2,0.05,0.1,estimated_weight_no_gate_clip_20,0.29210526315789476,0.0,5.842105263157895,0.6068601583113457,0.39313984168865435,0.11757893031424635,0.19022714480632025,0.16867469879518074,0.09499983298162584
codebert,radare2,0.05,0.1,unweighted_mondrian,0.17368421052631577,0.007445805843543818,3.473684210526316,0.5162708883025505,0.4837291116974495,0.11757893031424635,0.19022714480632025,0.16867469879518074,0.09499983298162584
codebert,radare2,0.05,0.1,vultriage_full_gate_clip_20,0.29210526315789476,0.0,5.842105263157895,0.6068601583113457,0.39313984168865435,0.11757893031424635,0.19022714480632025,0.16867469879518074,0.09499983298162584
codebert,radare2,0.05,0.2,estimated_weight_no_gate_clip_20,0.29210526315789476,0.0,5.842105263157895,0.6781002638522428,0.32189973614775724,0.11757893031424635,0.19022714480632025,0.16867469879518074,0.09499983298162584
codebert,radare2,0.05,0.2,unweighted_mondrian,0.17368421052631577,0.015834118755890664,3.473684210526316,0.6279683377308707,0.3720316622691293,0.11757893031424635,0.19022714480632025,0.16867469879518074,0.09499983298162584
codebert,radare2,0.05,0.2,vultriage_full_gate_clip_20,0.29210526315789476,0.0,5.842105263157895,0.6781002638522428,0.32189973614775724,0.11757893031424635,0.19022714480632025,0.16867469879518074,0.09499983298162584
codebert,radare2,0.1,0.05,estimated_weight_no_gate_clip_20,0.3605263157894737,0.0,3.605263157894737,0.6956904133685137,0.3043095866314864,0.11757893031424635,0.19022714480632025,0.16867469879518074,0.09499983298162584
codebert,radare2,0.1,0.05,unweighted_mondrian,0.2947368421052632,0.0,2.947368421052632,0.6226912928759895,0.37730870712401055,0.11757893031424635,0.19022714480632025,0.16867469879518074,0.09499983298162584
codebert,radare2,0.1,0.05,vultriage_full_gate_clip_20,0.3605263157894737,0.0,3.605263157894737,0.6956904133685137,0.3043095866314864,0.11757893031424635,0.19022714480632025,0.16867469879518074,0.09499983298162584
codebert,radare2,0.1,0.1,estimated_weight_no_gate_clip_20,0.3605263157894737,0.0,3.605263157894737,0.7352682497801232,0.2647317502198769,0.11757893031424635,0.19022714480632025,0.16867469879518074,0.09499983298162584
codebert,radare2,0.1,0.1,unweighted_mondrian,0.2947368421052632,0.007445805843543818,2.947368421052632,0.6842568161829375,0.31574318381706246,0.11757893031424635,0.19022714480632025,0.16867469879518074,0.09499983298162584
codebert,radare2,0.1,0.1,vultriage_full_gate_clip_20,0.3605263157894737,0.0,3.605263157894737,0.7352682497801232,0.2647317502198769,0.11757893031424635,0.19022714480632025,0.16867469879518074,0.09499983298162584
codebert,radare2,0.1,0.2,estimated_weight_no_gate_clip_20,0.3605263157894737,0.0,3.605263157894737,0.8065083553210203,0.19349164467897978,0.11757893031424635,0.19022714480632025,0.16867469879518074,0.09499983298162584
codebert,radare2,0.1,0.2,unweighted_mondrian,0.2947368421052632,0.015834118755890664,2.947368421052632,0.7959542656112577,0.2040457343887423,0.11757893031424635,0.19022714480632025,0.16867469879518074,0.09499983298162584
codebert,radare2,0.1,0.2,vultriage_full_gate_clip_20,0.3605263157894737,0.0,3.605263157894737,0.8065083553210203,0.19349164467897978,0.11757893031424635,0.19022714480632025,0.16867469879518074,0.09499983298162584
codebert,samba,0.01,0.05,estimated_weight_no_gate_clip_20,0.0,0.0,0.0,0.23346090759978128,0.7665390924002187,0.12040075601134621,0.1748315747878867,0.17080745341614909,0.13287597404329896
codebert,samba,0.01,0.05,unweighted_mondrian,0.01,0.0,1.0,0.2520503007107709,0.747949699289229,0.12040075601134621,0.1748315747878867,0.17080745341614909,0.13287597404329896
codebert,samba,0.01,0.05,vultriage_full_gate_clip_20,0.0,0.0,0.0,0.23346090759978128,0.7665390924002187,0.12040075601134621,0.1748315747878867,0.17080745341614909,0.13287597404329896
codebert,samba,0.01,0.1,estimated_weight_no_gate_clip_20,0.0,0.0,0.0,0.28157463094587204,0.7184253690541279,0.12040075601134621,0.1748315747878867,0.17080745341614909,0.13287597404329896
codebert,samba,0.01,0.1,unweighted_mondrian,0.01,0.0,1.0,0.30289775833788957,0.6971022416621104,0.12040075601134621,0.1748315747878867,0.17080745341614909,0.13287597404329896
codebert,samba,0.01,0.1,vultriage_full_gate_clip_20,0.0,0.0,0.0,0.28157463094587204,0.7184253690541279,0.12040075601134621,0.1748315747878867,0.17080745341614909,0.13287597404329896
codebert,samba,0.01,0.2,estimated_weight_no_gate_clip_20,0.0,0.0,0.0,0.38490978676872606,0.6150902132312739,0.12040075601134621,0.1748315747878867,0.17080745341614909,0.13287597404329896
codebert,samba,0.01,0.2,unweighted_mondrian,0.01,0.0,1.0,0.4127938764352105,0.5872061235647895,0.12040075601134621,0.1748315747878867,0.17080745341614909,0.13287597404329896
codebert,samba,0.01,0.2,vultriage_full_gate_clip_20,0.0,0.0,0.0,0.38490978676872606,0.6150902132312739,0.12040075601134621,0.1748315747878867,0.17080745341614909,0.13287597404329896
codebert,samba,0.05,0.05,estimated_weight_no_gate_clip_20,0.06,0.0,1.2,0.4379442318206671,0.562055768179333,0.12040075601134621,0.1748315747878867,0.17080745341614909,0.13287597404329896
codebert,samba,0.05,0.05,unweighted_mondrian,0.06,0.0,1.2,0.43466375068343355,0.5653362493165665,0.12040075601134621,0.1748315747878867,0.17080745341614909,0.13287597404329896
codebert,samba,0.05,0.05,vultriage_full_gate_clip_20,0.06,0.0,1.2,0.4379442318206671,0.562055768179333,0.12040075601134621,0.1748315747878867,0.17080745341614909,0.13287597404329896
codebert,samba,0.05,0.1,estimated_weight_no_gate_clip_20,0.06,0.0,1.2,0.48605795516675776,0.5139420448332422,0.12040075601134621,0.1748315747878867,0.17080745341614909,0.13287597404329896
codebert,samba,0.05,0.1,unweighted_mondrian,0.06,0.0,1.2,0.4855112083105523,0.5144887916894478,0.12040075601134621,0.1748315747878867,0.17080745341614909,0.13287597404329896
codebert,samba,0.05,0.1,vultriage_full_gate_clip_20,0.06,0.0,1.2,0.48605795516675776,0.5139420448332422,0.12040075601134621,0.1748315747878867,0.17080745341614909,0.13287597404329896
codebert,samba,0.05,0.2,estimated_weight_no_gate_clip_20,0.06,0.0,1.2,0.5893931109896118,0.41060688901038817,0.12040075601134621,0.1748315747878867,0.17080745341614909,0.13287597404329896
codebert,samba,0.05,0.2,unweighted_mondrian,0.06,0.0,1.2,0.5954073264078732,0.40459267359212686,0.12040075601134621,0.1748315747878867,0.17080745341614909,0.13287597404329896
codebert,samba,0.05,0.2,vultriage_full_gate_clip_20,0.06,0.0,1.2,0.5893931109896118,0.41060688901038817,0.12040075601134621,0.1748315747878867,0.17080745341614909,0.13287597404329896
codebert,samba,0.1,0.05,estimated_weight_no_gate_clip_20,0.12,0.0,1.2,0.5691634773100055,0.4308365226899945,0.12040075601134621,0.1748315747878867,0.17080745341614909,0.13287597404329896
codebert,samba,0.1,0.05,unweighted_mondrian,0.17,0.0,1.7,0.5779114270092947,0.4220885729907053,0.12040075601134621,0.1748315747878867,0.17080745341614909,0.13287597404329896
codebert,samba,0.1,0.05,vultriage_full_gate_clip_20,0.12,0.0,1.2,0.5691634773100055,0.4308365226899945,0.12040075601134621,0.1748315747878867,0.17080745341614909,0.13287597404329896
codebert,samba,0.1,0.1,estimated_weight_no_gate_clip_20,0.12,0.0,1.2,0.6172772006560963,0.3827227993439038,0.12040075601134621,0.1748315747878867,0.17080745341614909,0.13287597404329896
codebert,samba,0.1,0.1,unweighted_mondrian,0.17,0.0,1.7,0.6287588846364134,0.37124111536358667,0.12040075601134621,0.1748315747878867,0.17080745341614909,0.13287597404329896
codebert,samba,0.1,0.1,vultriage_full_gate_clip_20,0.12,0.0,1.2,0.6172772006560963,0.3827227993439038,0.12040075601134621,0.1748315747878867,0.17080745341614909,0.13287597404329896
codebert,samba,0.1,0.2,estimated_weight_no_gate_clip_20,0.12,0.0,1.2,0.7206123564789503,0.2793876435210498,0.12040075601134621,0.1748315747878867,0.17080745341614909,0.13287597404329896
codebert,samba,0.1,0.2,unweighted_mondrian,0.17,0.0,1.7,0.7386550027337343,0.2613449972662657,0.12040075601134621,0.1748315747878867,0.17080745341614909,0.13287597404329896
codebert,samba,0.1,0.2,vultriage_full_gate_clip_20,0.12,0.0,1.2,0.7206123564789503,0.2793876435210498,0.12040075601134621,0.1748315747878867,0.17080745341614909,0.13287597404329896
codebert,tcpdump,0.01,0.05,estimated_weight_no_gate_clip_20,0.2144897959183673,0.0,21.448979591836732,0.21637426900584794,0.783625730994152,0.3397322584716834,0.2744643319689118,0.33928571428571425,0.025401239347294276
codebert,tcpdump,0.01,0.05,unweighted_mondrian,0.09204081632653062,0.0,9.204081632653061,0.09941520467836257,0.9005847953216375,0.3397322584716834,0.2744643319689118,0.33928571428571425,0.025401239347294276
codebert,tcpdump,0.01,0.05,vultriage_full_gate_clip_20,0.2144897959183673,0.0,21.448979591836732,0.21637426900584794,0.783625730994152,0.3397322584716834,0.2744643319689118,0.33928571428571425,0.025401239347294276
codebert,tcpdump,0.01,0.1,estimated_weight_no_gate_clip_20,0.2144897959183673,0.0,21.448979591836732,0.22222222222222224,0.7777777777777778,0.3397322584716834,0.2744643319689118,0.33928571428571425,0.025401239347294276
codebert,tcpdump,0.01,0.1,unweighted_mondrian,0.09204081632653062,0.0,9.204081632653061,0.18128654970760233,0.8187134502923976,0.3397322584716834,0.2744643319689118,0.33928571428571425,0.025401239347294276
codebert,tcpdump,0.01,0.1,vultriage_full_gate_clip_20,0.2144897959183673,0.0,21.448979591836732,0.22222222222222224,0.7777777777777778,0.3397322584716834,0.2744643319689118,0.33928571428571425,0.025401239347294276
codebert,tcpdump,0.01,0.2,estimated_weight_no_gate_clip_20,0.2144897959183673,0.0,21.448979591836732,0.29239766081871343,0.7076023391812866,0.3397322584716834,0.2744643319689118,0.33928571428571425,0.025401239347294276
codebert,tcpdump,0.01,0.2,unweighted_mondrian,0.09204081632653062,0.07049180327868854,9.204081632653061,0.3567251461988304,0.6432748538011696,0.3397322584716834,0.2744643319689118,0.33928571428571425,0.025401239347294276
codebert,tcpdump,0.01,0.2,vultriage_full_gate_clip_20,0.2144897959183673,0.0,21.448979591836732,0.29239766081871343,0.7076023391812866,0.3397322584716834,0.2744643319689118,0.33928571428571425,0.025401239347294276
codebert,tcpdump,0.05,0.05,estimated_weight_no_gate_clip_20,0.43979591836734694,0.0,8.795918367346939,0.4678362573099415,0.5321637426900585,0.3397322584716834,0.2744643319689118,0.33928571428571425,0.025401239347294276
codebert,tcpdump,0.05,0.05,unweighted_mondrian,0.19489795918367347,0.0,3.89795918367347,0.2807017543859649,0.7192982456140351,0.3397322584716834,0.2744643319689118,0.33928571428571425,0.025401239347294276
codebert,tcpdump,0.05,0.05,vultriage_full_gate_clip_20,0.43979591836734694,0.0,8.795918367346939,0.4678362573099415,0.5321637426900585,0.3397322584716834,0.2744643319689118,0.33928571428571425,0.025401239347294276
codebert,tcpdump,0.05,0.1,estimated_weight_no_gate_clip_20,0.43979591836734694,0.0,8.795918367346939,0.47368421052631576,0.5263157894736842,0.3397322584716834,0.2744643319689118,0.33928571428571425,0.025401239347294276
codebert,tcpdump,0.05,0.1,unweighted_mondrian,0.19489795918367347,0.0,3.89795918367347,0.36257309941520466,0.6374269005847953,0.3397322584716834,0.2744643319689118,0.33928571428571425,0.025401239347294276
codebert,tcpdump,0.05,0.1,vultriage_full_gate_clip_20,0.43979591836734694,0.0,8.795918367346939,0.47368421052631576,0.5263157894736842,0.3397322584716834,0.2744643319689118,0.33928571428571425,0.025401239347294276
codebert,tcpdump,0.05,0.2,estimated_weight_no_gate_clip_20,0.43979591836734694,0.0,8.795918367346939,0.543859649122807,0.45614035087719296,0.3397322584716834,0.2744643319689118,0.33928571428571425,0.025401239347294276
codebert,tcpdump,0.05,0.2,unweighted_mondrian,0.19489795918367347,0.07049180327868854,3.89795918367347,0.5380116959064327,0.4619883040935672,0.3397322584716834,0.2744643319689118,0.33928571428571425,0.025401239347294276
codebert,tcpdump,0.05,0.2,vultriage_full_gate_clip_20,0.43979591836734694,0.0,8.795918367346939,0.543859649122807,0.45614035087719296,0.3397322584716834,0.2744643319689118,0.33928571428571425,0.025401239347294276
codebert,tcpdump,0.1,0.05,estimated_weight_no_gate_clip_20,0.5122448979591837,0.0,5.122448979591836,0.6374269005847953,0.36257309941520466,0.3397322584716834,0.2744643319689118,0.33928571428571425,0.025401239347294276
codebert,tcpdump,0.1,0.05,unweighted_mondrian,0.3081632653061225,0.0,3.0816326530612246,0.4444444444444445,0.5555555555555556,0.3397322584716834,0.2744643319689118,0.33928571428571425,0.025401239347294276
codebert,tcpdump,0.1,0.05,vultriage_full_gate_clip_20,0.5122448979591837,0.0,5.122448979591836,0.6374269005847953,0.36257309941520466,0.3397322584716834,0.2744643319689118,0.33928571428571425,0.025401239347294276
codebert,tcpdump,0.1,0.1,estimated_weight_no_gate_clip_20,0.5122448979591837,0.0,5.122448979591836,0.6432748538011696,0.3567251461988304,0.3397322584716834,0.2744643319689118,0.33928571428571425,0.025401239347294276
codebert,tcpdump,0.1,0.1,unweighted_mondrian,0.3081632653061225,0.0,3.0816326530612246,0.5263157894736842,0.47368421052631576,0.3397322584716834,0.2744643319689118,0.33928571428571425,0.025401239347294276
codebert,tcpdump,0.1,0.1,vultriage_full_gate_clip_20,0.5122448979591837,0.0,5.122448979591836,0.6432748538011696,0.3567251461988304,0.3397322584716834,0.2744643319689118,0.33928571428571425,0.025401239347294276
codebert,tcpdump,0.1,0.2,estimated_weight_no_gate_clip_20,0.5122448979591837,0.0,5.122448979591836,0.7134502923976608,0.28654970760233917,0.3397322584716834,0.2744643319689118,0.33928571428571425,0.025401239347294276
codebert,tcpdump,0.1,0.2,unweighted_mondrian,0.3081632653061225,0.07049180327868854,3.0816326530612246,0.7017543859649122,0.2982456140350877,0.3397322584716834,0.2744643319689118,0.33928571428571425,0.025401239347294276
codebert,tcpdump,0.1,0.2,vultriage_full_gate_clip_20,0.5122448979591837,0.0,5.122448979591836,0.7134502923976608,0.28654970760233917,0.3397322584716834,0.2744643319689118,0.33928571428571425,0.025401239347294276
codebert,tensorflow,0.01,0.05,estimated_weight_no_gate_clip_20,0.01452316076294278,0.0019112789051439344,1.452316076294278,0.20474658085277558,0.7952534191472245,0.31126283800998067,0.20266435417467968,0.39939713639789004,0.2871286800886277
codebert,tensorflow,0.01,0.05,unweighted_mondrian,0.0226975476839237,0.020316186880604062,2.26975476839237,0.26387771520514886,0.7361222847948512,0.31126283800998067,0.20266435417467968,0.39939713639789004,0.2871286800886277
codebert,tensorflow,0.01,0.05,vultriage_full_gate_clip_20,0.01452316076294278,0.0019112789051439344,1.452316076294278,0.20474658085277558,0.7952534191472245,0.31126283800998067,0.20266435417467968,0.39939713639789004,0.2871286800886277
codebert,tensorflow,0.01,0.1,estimated_weight_no_gate_clip_20,0.01452316076294278,0.027890514393581867,1.452316076294278,0.2936444086886565,0.7063555913113435,0.31126283800998067,0.20266435417467968,0.39939713639789004,0.2871286800886277
codebert,tensorflow,0.01,0.1,unweighted_mondrian,0.0226975476839237,0.046295422369041994,2.26975476839237,0.35559131134352373,0.6444086886564763,0.31126283800998067,0.20266435417467968,0.39939713639789004,0.2871286800886277
codebert,tensorflow,0.01,0.1,vultriage_full_gate_clip_20,0.01452316076294278,0.027890514393581867,1.452316076294278,0.2936444086886565,0.7063555913113435,0.31126283800998067,0.20266435417467968,0.39939713639789004,0.2871286800886277
codebert,tensorflow,0.01,0.2,estimated_weight_no_gate_clip_20,0.01452316076294278,0.0487022180273714,1.452316076294278,0.43041029766693484,0.5695897023330652,0.31126283800998067,0.20266435417467968,0.39939713639789004,0.2871286800886277
codebert,tensorflow,0.01,0.2,unweighted_mondrian,0.0226975476839237,0.06191599811231713,2.26975476839237,0.4835076427996782,0.5164923572003218,0.31126283800998067,0.20266435417467968,0.39939713639789004,0.2871286800886277
codebert,tensorflow,0.01,0.2,vultriage_full_gate_clip_20,0.01452316076294278,0.0487022180273714,1.452316076294278,0.43041029766693484,0.5695897023330652,0.31126283800998067,0.20266435417467968,0.39939713639789004,0.2871286800886277
codebert,tensorflow,0.05,0.05,estimated_weight_no_gate_clip_20,0.01811989100817439,0.0019112789051439344,0.3623978201634878,0.40667739340305714,0.5933226065969429,0.31126283800998067,0.20266435417467968,0.39939713639789004,0.2871286800886277
codebert,tensorflow,0.05,0.05,unweighted_mondrian,0.02901907356948229,0.020316186880604062,0.5803814713896457,0.47908286403861633,0.5209171359613838,0.31126283800998067,0.20266435417467968,0.39939713639789004,0.2871286800886277
codebert,tensorflow,0.05,0.05,vultriage_full_gate_clip_20,0.01811989100817439,0.0019112789051439344,0.3623978201634878,0.40667739340305714,0.5933226065969429,0.31126283800998067,0.20266435417467968,0.39939713639789004,0.2871286800886277
codebert,tensorflow,0.05,0.1,estimated_weight_no_gate_clip_20,0.01811989100817439,0.027890514393581867,0.3623978201634878,0.49557522123893805,0.504424778761062,0.31126283800998067,0.20266435417467968,0.39939713639789004,0.2871286800886277
codebert,tensorflow,0.05,0.1,unweighted_mondrian,0.02901907356948229,0.046295422369041994,0.5803814713896457,0.5707964601769911,0.42920353982300885,0.31126283800998067,0.20266435417467968,0.39939713639789004,0.2871286800886277
codebert,tensorflow,0.05,0.1,vultriage_full_gate_clip_20,0.01811989100817439,0.027890514393581867,0.3623978201634878,0.49557522123893805,0.504424778761062,0.31126283800998067,0.20266435417467968,0.39939713639789004,0.2871286800886277
codebert,tensorflow,0.05,0.2,estimated_weight_no_gate_clip_20,0.01811989100817439,0.0487022180273714,0.3623978201634878,0.6323411102172164,0.3676588897827836,0.31126283800998067,0.20266435417467968,0.39939713639789004,0.2871286800886277
codebert,tensorflow,0.05,0.2,unweighted_mondrian,0.02901907356948229,0.06191599811231713,0.5803814713896457,0.6987127916331456,0.3012872083668544,0.31126283800998067,0.20266435417467968,0.39939713639789004,0.2871286800886277
codebert,tensorflow,0.05,0.2,vultriage_full_gate_clip_20,0.01811989100817439,0.0487022180273714,0.3623978201634878,0.6323411102172164,0.3676588897827836,0.31126283800998067,0.20266435417467968,0.39939713639789004,0.2871286800886277
codebert,tensorflow,0.1,0.05,estimated_weight_no_gate_clip_20,0.03623978201634878,0.0019112789051439344,0.3623978201634878,0.5466613032984714,0.4533386967015286,0.31126283800998067,0.20266435417467968,0.39939713639789004,0.2871286800886277
codebert,tensorflow,0.1,0.05,unweighted_mondrian,0.04441416893732969,0.020316186880604062,0.4441416893732969,0.580450522928399,0.41954947707160095,0.31126283800998067,0.20266435417467968,0.39939713639789004,0.2871286800886277
codebert,tensorflow,0.1,0.05,vultriage_full_gate_clip_20,0.03623978201634878,0.0019112789051439344,0.3623978201634878,0.5466613032984714,0.4533386967015286,0.31126283800998067,0.20266435417467968,0.39939713639789004,0.2871286800886277
codebert,tensorflow,0.1,0.1,estimated_weight_no_gate_clip_20,0.03623978201634878,0.027890514393581867,0.3623978201634878,0.6355591311343524,0.36444086886564764,0.31126283800998067,0.20266435417467968,0.39939713639789004,0.2871286800886277
codebert,tensorflow,0.1,0.1,unweighted_mondrian,0.04441416893732969,0.046295422369041994,0.46295422369041994,0.672164119066774,0.3278358809332261,0.31126283800998067,0.20266435417467968,0.39939713639789004,0.2871286800886277
codebert,tensorflow,0.1,0.1,vultriage_full_gate_clip_20,0.03623978201634878,0.027890514393581867,0.3623978201634878,0.6355591311343524,0.36444086886564764,0.31126283800998067,0.20266435417467968,0.39939713639789004,0.2871286800886277
codebert,tensorflow,0.1,0.2,estimated_weight_no_gate_clip_20,0.03623978201634878,0.0487022180273714,0.3623978201634878,0.7723250201126307,0.22767497988736926,0.31126283800998067,0.20266435417467968,0.39939713639789004,0.2871286800886277
codebert,tensorflow,0.1,0.2,unweighted_mondrian,0.04441416893732969,0.06191599811231713,0.4441416893732969,0.8000804505229284,0.1999195494770716,0.31126283800998067,0.20266435417467968,0.39939713639789004,0.2871286800886277
codebert,tensorflow,0.1,0.2,vultriage_full_gate_clip_20,0.03623978201634878,0.0487022180273714,0.3623978201634878,0.7723250201126307,0.22767497988736926,0.31126283800998067,0.20266435417467968,0.39939713639789004,0.2871286800886277
codebert,vim,0.01,0.05,estimated_weight_no_gate_clip_20,0.0753658536585366,0.0,7.536585365853659,0.28784820347194184,0.7121517965280582,0.08902346534264413,0.18303261158648731,0.11406844106463879,0.10790080675674171
codebert,vim,0.01,0.05,unweighted_mondrian,0.0753658536585366,0.020563674321503134,7.536585365853659,0.2995559144125959,0.7004440855874041,0.08902346534264413,0.18303261158648731,0.11406844106463879,0.10790080675674171
codebert,vim,0.01,0.05,vultriage_full_gate_clip_20,0.0753658536585366,0.0,7.536585365853659,0.28784820347194184,0.7121517965280582,0.08902346534264413,0.18303261158648731,0.11406844106463879,0.10790080675674171
codebert,vim,0.01,0.1,estimated_weight_no_gate_clip_20,0.0753658536585366,0.0,7.536585365853659,0.3278159063383125,0.6721840936616875,0.08902346534264413,0.18303261158648731,0.11406844106463879,0.10790080675674171
codebert,vim,0.01,0.1,unweighted_mondrian,0.0753658536585366,0.010229645093945708,7.536585365853659,0.33992733144933385,0.6600726685506662,0.08902346534264413,0.18303261158648731,0.11406844106463879,0.10790080675674171
codebert,vim,0.01,0.1,vultriage_full_gate_clip_20,0.0753658536585366,0.0,7.536585365853659,0.3278159063383125,0.6721840936616875,0.08902346534264413,0.18303261158648731,0.11406844106463879,0.10790080675674171
codebert,vim,0.01,0.2,estimated_weight_no_gate_clip_20,0.0753658536585366,0.0,7.536585365853659,0.3936213161081954,0.6063786838918046,0.08902346534264413,0.18303261158648731,0.11406844106463879,0.10790080675674171
codebert,vim,0.01,0.2,unweighted_mondrian,0.0753658536585366,0.005845511482254678,7.536585365853659,0.4372224465078725,0.5627775534921275,0.08902346534264413,0.18303261158648731,0.11406844106463879,0.10790080675674171
codebert,vim,0.01,0.2,vultriage_full_gate_clip_20,0.0753658536585366,0.0,7.536585365853659,0.3936213161081954,0.6063786838918046,0.08902346534264413,0.18303261158648731,0.11406844106463879,0.10790080675674171
codebert,vim,0.05,0.05,estimated_weight_no_gate_clip_20,0.23048780487804882,0.0,4.609756097560976,0.5357287040775132,0.4642712959224869,0.08902346534264413,0.18303261158648731,0.11406844106463879,0.10790080675674171
codebert,vim,0.05,0.05,unweighted_mondrian,0.15731707317073168,0.020563674321503134,3.1463414634146334,0.5236172789664917,0.47638272103350826,0.08902346534264413,0.18303261158648731,0.11406844106463879,0.10790080675674171
codebert,vim,0.05,0.05,vultriage_full_gate_clip_20,0.23048780487804882,0.0,4.609756097560976,0.5357287040775132,0.4642712959224869,0.08902346534264413,0.18303261158648731,0.11406844106463879,0.10790080675674171
codebert,vim,0.05,0.1,estimated_weight_no_gate_clip_20,0.23048780487804882,0.0,4.609756097560976,0.5756964069438837,0.4243035930561162,0.08902346534264413,0.18303261158648731,0.11406844106463879,0.10790080675674171
codebert,vim,0.05,0.1,unweighted_mondrian,0.15731707317073168,0.010229645093945708,3.1463414634146334,0.5639886960032298,0.4360113039967703,0.08902346534264413,0.18303261158648731,0.11406844106463879,0.10790080675674171
codebert,vim,0.05,0.1,vultriage_full_gate_clip_20,0.23048780487804882,0.0,4.609756097560976,0.5756964069438837,0.4243035930561162,0.08902346534264413,0.18303261158648731,0.11406844106463879,0.10790080675674171
codebert,vim,0.05,0.2,estimated_weight_no_gate_clip_20,0.23048780487804882,0.0,4.609756097560976,0.6415018167137666,0.35849818328623334,0.08902346534264413,0.18303261158648731,0.11406844106463879,0.10790080675674171
codebert,vim,0.05,0.2,unweighted_mondrian,0.15731707317073168,0.005845511482254678,3.1463414634146334,0.6612838110617683,0.33871618893823174,0.08902346534264413,0.18303261158648731,0.11406844106463879,0.10790080675674171
codebert,vim,0.05,0.2,vultriage_full_gate_clip_20,0.23048780487804882,0.0,4.609756097560976,0.6415018167137666,0.35849818328623334,0.08902346534264413,0.18303261158648731,0.11406844106463879,0.10790080675674171
codebert,vim,0.1,0.05,estimated_weight_no_gate_clip_20,0.2658536585365854,0.0,2.658536585365854,0.6786435203875656,0.3213564796124344,0.08902346534264413,0.18303261158648731,0.11406844106463879,0.10790080675674171
codebert,vim,0.1,0.05,unweighted_mondrian,0.25365853658536586,0.020563674321503134,2.5365853658536586,0.662091239402503,0.33790876059749697,0.08902346534264413,0.18303261158648731,0.11406844106463879,0.10790080675674171
codebert,vim,0.1,0.05,vultriage_full_gate_clip_20,0.2658536585365854,0.0,2.658536585365854,0.6786435203875656,0.3213564796124344,0.08902346534264413,0.18303261158648731,0.11406844106463879,0.10790080675674171
codebert,vim,0.1,0.1,estimated_weight_no_gate_clip_20,0.2658536585365854,0.0,2.658536585365854,0.7186112232539362,0.2813887767460638,0.08902346534264413,0.18303261158648731,0.11406844106463879,0.10790080675674171
codebert,vim,0.1,0.1,unweighted_mondrian,0.25365853658536586,0.010229645093945708,2.5365853658536586,0.702462656439241,0.297537343560759,0.08902346534264413,0.18303261158648731,0.11406844106463879,0.10790080675674171
codebert,vim,0.1,0.1,vultriage_full_gate_clip_20,0.2658536585365854,0.0,2.658536585365854,0.7186112232539362,0.2813887767460638,0.08902346534264413,0.18303261158648731,0.11406844106463879,0.10790080675674171
codebert,vim,0.1,0.2,estimated_weight_no_gate_clip_20,0.2658536585365854,0.0,2.658536585365854,0.7844166330238191,0.21558336697618086,0.08902346534264413,0.18303261158648731,0.11406844106463879,0.10790080675674171
codebert,vim,0.1,0.2,unweighted_mondrian,0.25365853658536586,0.005845511482254678,2.5365853658536586,0.7997577714977796,0.20024222850222043,0.08902346534264413,0.18303261158648731,0.11406844106463879,0.10790080675674171
codebert,vim,0.1,0.2,vultriage_full_gate_clip_20,0.2658536585365854,0.0,2.658536585365854,0.7844166330238191,0.21558336697618086,0.08902346534264413,0.18303261158648731,0.11406844106463879,0.10790080675674171
hashing,FreeRDP,0.01,0.05,estimated_weight_no_gate_clip_20,0.0,0.0,0.0,0.03108108108108108,0.9689189189189189,0.11507683051776829,0.1864211723434225,0.12737861414930612,-0.010940211774342174
hashing,FreeRDP,0.01,0.05,unweighted_mondrian,0.01127659574468085,0.0,1.127659574468085,0.09324324324324325,0.9067567567567567,0.11507683051776829,0.1864211723434225,0.12737861414930612,-0.010940211774342174
hashing,FreeRDP,0.01,0.05,vultriage_full_gate_clip_20,0.0,0.0,0.0,0.03108108108108108,0.9689189189189189,0.11507683051776829,0.1864211723434225,0.12737861414930612,-0.010940211774342174
hashing,FreeRDP,0.01,0.1,estimated_weight_no_gate_clip_20,0.0,0.0,0.0,0.06418918918918919,0.9358108108108109,0.11507683051776829,0.1864211723434225,0.12737861414930612,-0.010940211774342174
hashing,FreeRDP,0.01,0.1,unweighted_mondrian,0.01127659574468085,0.0,1.127659574468085,0.13085585585585585,0.8691441441441441,0.11507683051776829,0.1864211723434225,0.12737861414930612,-0.010940211774342174
hashing,FreeRDP,0.01,0.1,vultriage_full_gate_clip_20,0.0,0.0,0.0,0.06418918918918919,0.9358108108108109,0.11507683051776829,0.1864211723434225,0.12737861414930612,-0.010940211774342174
hashing,FreeRDP,0.01,0.2,estimated_weight_no_gate_clip_20,0.0,0.0,0.0,0.14279279279279278,0.8572072072072071,0.11507683051776829,0.1864211723434225,0.12737861414930612,-0.010940211774342174
hashing,FreeRDP,0.01,0.2,unweighted_mondrian,0.01127659574468085,0.0,1.127659574468085,0.2150900900900901,0.7849099099099099,0.11507683051776829,0.1864211723434225,0.12737861414930612,-0.010940211774342174
hashing,FreeRDP,0.01,0.2,vultriage_full_gate_clip_20,0.0,0.0,0.0,0.14279279279279278,0.8572072072072071,0.11507683051776829,0.1864211723434225,0.12737861414930612,-0.010940211774342174
hashing,FreeRDP,0.05,0.05,estimated_weight_no_gate_clip_20,0.0,0.0,0.0,0.09414414414414415,0.9058558558558559,0.11507683051776829,0.1864211723434225,0.12737861414930612,-0.010940211774342174
hashing,FreeRDP,0.05,0.05,unweighted_mondrian,0.1372340425531915,0.0,2.744680851063829,0.3376126126126126,0.6623873873873874,0.11507683051776829,0.1864211723434225,0.12737861414930612,-0.010940211774342174
hashing,FreeRDP,0.05,0.05,vultriage_full_gate_clip_20,0.0,0.0,0.0,0.09414414414414415,0.9058558558558559,0.11507683051776829,0.1864211723434225,0.12737861414930612,-0.010940211774342174
hashing,FreeRDP,0.05,0.1,estimated_weight_no_gate_clip_20,0.0,0.0,0.0,0.12725225225225226,0.8727477477477479,0.11507683051776829,0.1864211723434225,0.12737861414930612,-0.010940211774342174
hashing,FreeRDP,0.05,0.1,unweighted_mondrian,0.1372340425531915,0.0,2.744680851063829,0.3752252252252252,0.6247747747747747,0.11507683051776829,0.1864211723434225,0.12737861414930612,-0.010940211774342174
hashing,FreeRDP,0.05,0.1,vultriage_full_gate_clip_20,0.0,0.0,0.0,0.12725225225225226,0.8727477477477479,0.11507683051776829,0.1864211723434225,0.12737861414930612,-0.010940211774342174
hashing,FreeRDP,0.05,0.2,estimated_weight_no_gate_clip_20,0.0,0.0,0.0,0.20585585585585586,0.7941441441441441,0.11507683051776829,0.1864211723434225,0.12737861414930612,-0.010940211774342174
hashing,FreeRDP,0.05,0.2,unweighted_mondrian,0.1372340425531915,0.0,2.744680851063829,0.4594594594594595,0.5405405405405406,0.11507683051776829,0.1864211723434225,0.12737861414930612,-0.010940211774342174
hashing,FreeRDP,0.05,0.2,vultriage_full_gate_clip_20,0.0,0.0,0.0,0.20585585585585586,0.7941441441441441,0.11507683051776829,0.1864211723434225,0.12737861414930612,-0.010940211774342174
hashing,FreeRDP,0.1,0.05,estimated_weight_no_gate_clip_20,0.026382978723404255,0.0,0.26382978723404255,0.2745495495495495,0.7254504504504504,0.11507683051776829,0.1864211723434225,0.12737861414930612,-0.010940211774342174
hashing,FreeRDP,0.1,0.05,unweighted_mondrian,0.29148936170212764,0.0,2.9148936170212765,0.5092342342342342,0.49076576576576575,0.11507683051776829,0.1864211723434225,0.12737861414930612,-0.010940211774342174
hashing,FreeRDP,0.1,0.05,vultriage_full_gate_clip_20,0.026382978723404255,0.0,0.26382978723404255,0.2745495495495495,0.7254504504504504,0.11507683051776829,0.1864211723434225,0.12737861414930612,-0.010940211774342174
hashing,FreeRDP,0.1,0.1,estimated_weight_no_gate_clip_20,0.026382978723404255,0.0,0.26382978723404255,0.3076576576576577,0.6923423423423424,0.11507683051776829,0.1864211723434225,0.12737861414930612,-0.010940211774342174
hashing,FreeRDP,0.1,0.1,unweighted_mondrian,0.29148936170212764,0.0,2.9148936170212765,0.5468468468468469,0.4531531531531532,0.11507683051776829,0.1864211723434225,0.12737861414930612,-0.010940211774342174
hashing,FreeRDP,0.1,0.1,vultriage_full_gate_clip_20,0.026382978723404255,0.0,0.26382978723404255,0.3076576576576577,0.6923423423423424,0.11507683051776829,0.1864211723434225,0.12737861414930612,-0.010940211774342174
hashing,FreeRDP,0.1,0.2,estimated_weight_no_gate_clip_20,0.026382978723404255,0.0,0.26382978723404255,0.38626126126126126,0.6137387387387387,0.11507683051776829,0.1864211723434225,0.12737861414930612,-0.010940211774342174
hashing,FreeRDP,0.1,0.2,unweighted_mondrian,0.29148936170212764,0.0,2.9148936170212765,0.6310810810810812,0.3689189189189189,0.11507683051776829,0.1864211723434225,0.12737861414930612,-0.010940211774342174
hashing,FreeRDP,0.1,0.2,vultriage_full_gate_clip_20,0.026382978723404255,0.0,0.26382978723404255,0.38626126126126126,0.6137387387387387,0.11507683051776829,0.1864211723434225,0.12737861414930612,-0.010940211774342174
hashing,envoy,0.01,0.05,estimated_weight_no_gate_clip_20,0.0,0.0,0.0,0.028341939185312682,0.9716580608146874,0.08779821826073189,0.08766191867780704,0.1460708766198012,0.0984263233226765
hashing,envoy,0.01,0.05,unweighted_mondrian,0.031176470588235295,0.0,3.117647058823529,0.09409064830751578,0.9059093516924843,0.08779821826073189,0.08766191867780704,0.1460708766198012,0.0984263233226765
hashing,envoy,0.01,0.05,vultriage_full_gate_clip_20,0.0,0.0,0.0,0.0,1.0,0.08779821826073189,0.08766191867780704,0.1460708766198012,0.0984263233226765
hashing,envoy,0.01,0.1,estimated_weight_no_gate_clip_20,0.0,0.0,0.0,0.058825779307707014,0.9411742206922931,0.08779821826073189,0.08766191867780704,0.1460708766198012,0.0984263233226765
hashing,envoy,0.01,0.1,unweighted_mondrian,0.031176470588235295,0.0,3.117647058823529,0.1075922738573341,0.8924077261426658,0.08779821826073189,0.08766191867780704,0.1460708766198012,0.0984263233226765
hashing,envoy,0.01,0.1,vultriage_full_gate_clip_20,0.0,0.0,0.0,0.0,1.0,0.08779821826073189,0.08766191867780704,0.1460708766198012,0.0984263233226765
hashing,envoy,0.01,0.2,estimated_weight_no_gate_clip_20,0.0,0.0,0.0,0.16630330847198319,0.8336966915280168,0.08779821826073189,0.08766191867780704,0.1460708766198012,0.0984263233226765
hashing,envoy,0.01,0.2,unweighted_mondrian,0.031176470588235295,0.0,3.117647058823529,0.1429718875502008,0.8570281124497992,0.08779821826073189,0.08766191867780704,0.1460708766198012,0.0984263233226765
hashing,envoy,0.01,0.2,vultriage_full_gate_clip_20,0.0,0.0,0.0,0.0,1.0,0.08779821826073189,0.08766191867780704,0.1460708766198012,0.0984263233226765
hashing,envoy,0.05,0.05,estimated_weight_no_gate_clip_20,0.0017647058823529404,0.0,0.03529411764705881,0.13161216293746414,0.8683878370625358,0.08779821826073189,0.08766191867780704,0.1460708766198012,0.0984263233226765
hashing,envoy,0.05,0.05,unweighted_mondrian,0.2785714285714286,0.0,5.571428571428571,0.4608146873207114,0.5391853126792886,0.08779821826073189,0.08766191867780704,0.1460708766198012,0.0984263233226765
hashing,envoy,0.05,0.05,vultriage_full_gate_clip_20,0.0,0.0,0.0,0.0,1.0,0.08779821826073189,0.08766191867780704,0.1460708766198012,0.0984263233226765
hashing,envoy,0.05,0.1,estimated_weight_no_gate_clip_20,0.0017647058823529404,0.0,0.03529411764705881,0.16209600305985847,0.8379039969401415,0.08779821826073189,0.08766191867780704,0.1460708766198012,0.0984263233226765
hashing,envoy,0.05,0.1,unweighted_mondrian,0.2785714285714286,0.0,5.571428571428571,0.4743163128705298,0.5256836871294703,0.08779821826073189,0.08766191867780704,0.1460708766198012,0.0984263233226765
hashing,envoy,0.05,0.1,vultriage_full_gate_clip_20,0.0,0.0,0.0,0.0,1.0,0.08779821826073189,0.08766191867780704,0.1460708766198012,0.0984263233226765
hashing,envoy,0.05,0.2,estimated_weight_no_gate_clip_20,0.0017647058823529404,0.0,0.03529411764705881,0.26957353222413466,0.7304264677758654,0.08779821826073189,0.08766191867780704,0.1460708766198012,0.0984263233226765
hashing,envoy,0.05,0.2,unweighted_mondrian,0.2785714285714286,0.0,5.571428571428571,0.5096959265633965,0.49030407343660354,0.08779821826073189,0.08766191867780704,0.1460708766198012,0.0984263233226765
hashing,envoy,0.05,0.2,vultriage_full_gate_clip_20,0.0,0.0,0.0,0.0,1.0,0.08779821826073189,0.08766191867780704,0.1460708766198012,0.0984263233226765
hashing,envoy,0.1,0.05,estimated_weight_no_gate_clip_20,0.07142857142857142,0.0,0.7142857142857142,0.2882004207305412,0.7117995792694588,0.08779821826073189,0.08766191867780704,0.1460708766198012,0.0984263233226765
hashing,envoy,0.1,0.05,unweighted_mondrian,0.4092436974789916,0.0,4.092436974789916,0.6834193918531268,0.3165806081468732,0.08779821826073189,0.08766191867780704,0.1460708766198012,0.0984263233226765
hashing,envoy,0.1,0.05,vultriage_full_gate_clip_20,0.0,0.0,0.0,0.0,1.0,0.08779821826073189,0.08766191867780704,0.1460708766198012,0.0984263233226765
hashing,envoy,0.1,0.1,estimated_weight_no_gate_clip_20,0.07142857142857142,0.0,0.7142857142857142,0.31868426085293555,0.6813157391470644,0.08779821826073189,0.08766191867780704,0.1460708766198012,0.0984263233226765
hashing,envoy,0.1,0.1,unweighted_mondrian,0.4092436974789916,0.0,4.092436974789916,0.6969210174029451,0.3030789825970549,0.08779821826073189,0.08766191867780704,0.1460708766198012,0.0984263233226765
hashing,envoy,0.1,0.1,vultriage_full_gate_clip_20,0.0,0.0,0.0,0.0,1.0,0.08779821826073189,0.08766191867780704,0.1460708766198012,0.0984263233226765
hashing,envoy,0.1,0.2,estimated_weight_no_gate_clip_20,0.07142857142857142,0.0,0.7142857142857142,0.4261617900172118,0.5738382099827882,0.08779821826073189,0.08766191867780704,0.1460708766198012,0.0984263233226765
hashing,envoy,0.1,0.2,unweighted_mondrian,0.4092436974789916,0.0,4.092436974789916,0.7323006310958118,0.26769936890418816,0.08779821826073189,0.08766191867780704,0.1460708766198012,0.0984263233226765
hashing,envoy,0.1,0.2,vultriage_full_gate_clip_20,0.0,0.0,0.0,0.0,1.0,0.08779821826073189,0.08766191867780704,0.1460708766198012,0.0984263233226765
hashing,ffmpeg,0.01,0.05,estimated_weight_no_gate_clip_20,0.0,0.0,0.0,0.04093959731543624,0.9590604026845637,0.2163237436391278,0.21019948660884888,0.27335597592954425,0.2454988412948858
hashing,ffmpeg,0.01,0.05,unweighted_mondrian,0.0,0.0,0.0,0.08288590604026846,0.9171140939597315,0.2163237436391278,0.21019948660884888,0.27335597592954425,0.2454988412948858
hashing,ffmpeg,0.01,0.05,vultriage_full_gate_clip_20,0.0,0.0,0.0,0.0,1.0,0.2163237436391278,0.21019948660884888,0.27335597592954425,0.2454988412948858
hashing,ffmpeg,0.01,0.1,estimated_weight_no_gate_clip_20,0.0,0.0,0.0,0.08355704697986577,0.9164429530201342,0.2163237436391278,0.21019948660884888,0.27335597592954425,0.2454988412948858
hashing,ffmpeg,0.01,0.1,unweighted_mondrian,0.0,0.011636363636363629,0.11636363636363627,0.16543624161073828,0.8345637583892618,0.2163237436391278,0.21019948660884888,0.27335597592954425,0.2454988412948858
hashing,ffmpeg,0.01,0.1,vultriage_full_gate_clip_20,0.0,0.0,0.0,0.0,1.0,0.2163237436391278,0.21019948660884888,0.27335597592954425,0.2454988412948858
hashing,ffmpeg,0.01,0.2,estimated_weight_no_gate_clip_20,0.0,0.0,0.0,0.1912751677852349,0.8087248322147651,0.2163237436391278,0.21019948660884888,0.27335597592954425,0.2454988412948858
hashing,ffmpeg,0.01,0.2,unweighted_mondrian,0.0,0.06218181818181817,0.31090909090909086,0.33187919463087245,0.6681208053691275,0.2163237436391278,0.21019948660884888,0.27335597592954425,0.2454988412948858
hashing,ffmpeg,0.01,0.2,vultriage_full_gate_clip_20,0.0,0.0,0.0,0.0,1.0,0.2163237436391278,0.21019948660884888,0.27335597592954425,0.2454988412948858
hashing,ffmpeg,0.05,0.05,estimated_weight_no_gate_clip_20,0.009130434782608693,0.0,0.18260869565217386,0.18053691275167785,0.8194630872483222,0.2163237436391278,0.21019948660884888,0.27335597592954425,0.2454988412948858
hashing,ffmpeg,0.05,0.05,unweighted_mondrian,0.032608695652173905,0.0,0.6521739130434782,0.2919463087248322,0.7080536912751677,0.2163237436391278,0.21019948660884888,0.27335597592954425,0.2454988412948858
hashing,ffmpeg,0.05,0.05,vultriage_full_gate_clip_20,0.0,0.0,0.0,0.0,1.0,0.2163237436391278,0.21019948660884888,0.27335597592954425,0.2454988412948858
hashing,ffmpeg,0.05,0.1,estimated_weight_no_gate_clip_20,0.009130434782608693,0.0,0.18260869565217386,0.22315436241610737,0.7768456375838927,0.2163237436391278,0.21019948660884888,0.27335597592954425,0.2454988412948858
hashing,ffmpeg,0.05,0.1,unweighted_mondrian,0.032608695652173905,0.011636363636363629,0.6521739130434782,0.37449664429530205,0.6255033557046981,0.2163237436391278,0.21019948660884888,0.27335597592954425,0.2454988412948858
hashing,ffmpeg,0.05,0.1,vultriage_full_gate_clip_20,0.0,0.0,0.0,0.0,1.0,0.2163237436391278,0.21019948660884888,0.27335597592954425,0.2454988412948858
hashing,ffmpeg,0.05,0.2,estimated_weight_no_gate_clip_20,0.009130434782608693,0.0,0.18260869565217386,0.33087248322147655,0.6691275167785234,0.2163237436391278,0.21019948660884888,0.27335597592954425,0.2454988412948858
hashing,ffmpeg,0.05,0.2,unweighted_mondrian,0.032608695652173905,0.06218181818181817,0.6521739130434782,0.5409395973154363,0.4590604026845638,0.2163237436391278,0.21019948660884888,0.27335597592954425,0.2454988412948858
hashing,ffmpeg,0.05,0.2,vultriage_full_gate_clip_20,0.0,0.0,0.0,0.0,1.0,0.2163237436391278,0.21019948660884888,0.27335597592954425,0.2454988412948858
hashing,ffmpeg,0.1,0.05,estimated_weight_no_gate_clip_20,0.001739130434782607,0.0,0.01739130434782607,0.3476510067114094,0.6523489932885906,0.2163237436391278,0.21019948660884888,0.27335597592954425,0.2454988412948858
hashing,ffmpeg,0.1,0.05,unweighted_mondrian,0.015652173913043473,0.0,0.1565217391304347,0.43154362416107384,0.5684563758389262,0.2163237436391278,0.21019948660884888,0.27335597592954425,0.2454988412948858
hashing,ffmpeg,0.1,0.05,vultriage_full_gate_clip_20,0.0,0.0,0.0,0.0,1.0,0.2163237436391278,0.21019948660884888,0.27335597592954425,0.2454988412948858
hashing,ffmpeg,0.1,0.1,estimated_weight_no_gate_clip_20,0.001739130434782607,0.0,0.01739130434782607,0.3902684563758389,0.609731543624161,0.2163237436391278,0.21019948660884888,0.27335597592954425,0.2454988412948858
hashing,ffmpeg,0.1,0.1,unweighted_mondrian,0.015652173913043473,0.011636363636363629,0.22640316205533587,0.5140939597315437,0.4859060402684564,0.2163237436391278,0.21019948660884888,0.27335597592954425,0.2454988412948858
hashing,ffmpeg,0.1,0.1,vultriage_full_gate_clip_20,0.0,0.0,0.0,0.0,1.0,0.2163237436391278,0.21019948660884888,0.27335597592954425,0.2454988412948858
hashing,ffmpeg,0.1,0.2,estimated_weight_no_gate_clip_20,0.001739130434782607,0.0,0.01739130434782607,0.4979865771812081,0.502013422818792,0.2163237436391278,0.21019948660884888,0.27335597592954425,0.2454988412948858
hashing,ffmpeg,0.1,0.2,unweighted_mondrian,0.015652173913043473,0.06218181818181817,0.3217391304347825,0.6805369127516778,0.3194630872483222,0.2163237436391278,0.21019948660884888,0.27335597592954425,0.2454988412948858
hashing,ffmpeg,0.1,0.2,vultriage_full_gate_clip_20,0.0,0.0,0.0,0.0,1.0,0.2163237436391278,0.21019948660884888,0.27335597592954425,0.2454988412948858
hashing,ghostpdl,0.01,0.05,estimated_weight_no_gate_clip_20,0.0,0.0,0.0,0.0594059405940594,0.9405940594059405,0.1492802861335262,0.18430162020045215,0.22599829334711646,0.1444181070199424
hashing,ghostpdl,0.01,0.05,unweighted_mondrian,0.000878048780487805,0.0,0.0878048780487805,0.06534653465346534,0.9346534653465346,0.1492802861335262,0.18430162020045215,0.22599829334711646,0.1444181070199424
hashing,ghostpdl,0.01,0.05,vultriage_full_gate_clip_20,0.0,0.0,0.0,0.0,1.0,0.1492802861335262,0.18430162020045215,0.22599829334711646,0.1444181070199424
hashing,ghostpdl,0.01,0.1,estimated_weight_no_gate_clip_20,0.0,0.0,0.0,0.11742574257425742,0.8825742574257426,0.1492802861335262,0.18430162020045215,0.22599829334711646,0.1444181070199424
hashing,ghostpdl,0.01,0.1,unweighted_mondrian,0.000878048780487805,0.0017672413793103441,0.10547729184188395,0.12594059405940594,0.8740594059405942,0.1492802861335262,0.18430162020045215,0.22599829334711646,0.1444181070199424
hashing,ghostpdl,0.01,0.1,vultriage_full_gate_clip_20,0.0,0.0,0.0,0.0,1.0,0.1492802861335262,0.18430162020045215,0.22599829334711646,0.1444181070199424
hashing,ghostpdl,0.01,0.2,estimated_weight_no_gate_clip_20,0.0,0.0,0.0,0.21663366336633666,0.7833663366336634,0.1492802861335262,0.18430162020045215,0.22599829334711646,0.1444181070199424
hashing,ghostpdl,0.01,0.2,unweighted_mondrian,0.000878048780487805,0.0025431034482758575,0.09577901597981496,0.23267326732673266,0.7673267326732673,0.1492802861335262,0.18430162020045215,0.22599829334711646,0.1444181070199424
hashing,ghostpdl,0.01,0.2,vultriage_full_gate_clip_20,0.0,0.0,0.0,0.0,1.0,0.1492802861335262,0.18430162020045215,0.22599829334711646,0.1444181070199424
hashing,ghostpdl,0.05,0.05,estimated_weight_no_gate_clip_20,0.025609756097560978,0.0,0.5121951219512194,0.1788118811881188,0.8211881188118811,0.1492802861335262,0.18430162020045215,0.22599829334711646,0.1444181070199424
hashing,ghostpdl,0.05,0.05,unweighted_mondrian,0.11829268292682926,0.0,2.3658536585365852,0.30297029702970296,0.697029702970297,0.1492802861335262,0.18430162020045215,0.22599829334711646,0.1444181070199424
hashing,ghostpdl,0.05,0.05,vultriage_full_gate_clip_20,0.0,0.0,0.0,0.0,1.0,0.1492802861335262,0.18430162020045215,0.22599829334711646,0.1444181070199424
hashing,ghostpdl,0.05,0.1,estimated_weight_no_gate_clip_20,0.025609756097560978,0.0,0.5121951219512194,0.23683168316831682,0.7631683168316832,0.1492802861335262,0.18430162020045215,0.22599829334711646,0.1444181070199424
hashing,ghostpdl,0.05,0.1,unweighted_mondrian,0.11829268292682926,0.0017672413793103441,2.3658536585365852,0.36356435643564355,0.6364356435643564,0.1492802861335262,0.18430162020045215,0.22599829334711646,0.1444181070199424
hashing,ghostpdl,0.05,0.1,vultriage_full_gate_clip_20,0.0,0.0,0.0,0.0,1.0,0.1492802861335262,0.18430162020045215,0.22599829334711646,0.1444181070199424
hashing,ghostpdl,0.05,0.2,estimated_weight_no_gate_clip_20,0.025609756097560978,0.0,0.5121951219512194,0.33603960396039606,0.663960396039604,0.1492802861335262,0.18430162020045215,0.22599829334711646,0.1444181070199424
hashing,ghostpdl,0.05,0.2,unweighted_mondrian,0.11829268292682926,0.0025431034482758575,2.3658536585365852,0.47029702970297027,0.5297029702970297,0.1492802861335262,0.18430162020045215,0.22599829334711646,0.1444181070199424
hashing,ghostpdl,0.05,0.2,vultriage_full_gate_clip_20,0.0,0.0,0.0,0.0,1.0,0.1492802861335262,0.18430162020045215,0.22599829334711646,0.1444181070199424
hashing,ghostpdl,0.1,0.05,estimated_weight_no_gate_clip_20,0.15121951219512195,0.0,1.5121951219512193,0.44158415841584164,0.5584158415841584,0.1492802861335262,0.18430162020045215,0.22599829334711646,0.1444181070199424
hashing,ghostpdl,0.1,0.05,unweighted_mondrian,0.16829268292682925,0.0,1.6829268292682926,0.4873267326732673,0.5126732673267327,0.1492802861335262,0.18430162020045215,0.22599829334711646,0.1444181070199424
hashing,ghostpdl,0.1,0.05,vultriage_full_gate_clip_20,0.0,0.0,0.0,0.0,1.0,0.1492802861335262,0.18430162020045215,0.22599829334711646,0.1444181070199424
hashing,ghostpdl,0.1,0.1,estimated_weight_no_gate_clip_20,0.15121951219512195,0.0,1.5121951219512193,0.4996039603960396,0.5003960396039604,0.1492802861335262,0.18430162020045215,0.22599829334711646,0.1444181070199424
hashing,ghostpdl,0.1,0.1,unweighted_mondrian,0.16829268292682925,0.0017672413793103441,1.6829268292682926,0.5479207920792079,0.45207920792079204,0.1492802861335262,0.18430162020045215,0.22599829334711646,0.1444181070199424
hashing,ghostpdl,0.1,0.1,vultriage_full_gate_clip_20,0.0,0.0,0.0,0.0,1.0,0.1492802861335262,0.18430162020045215,0.22599829334711646,0.1444181070199424
hashing,ghostpdl,0.1,0.2,estimated_weight_no_gate_clip_20,0.15121951219512195,0.0,1.5121951219512193,0.5988118811881188,0.4011881188118812,0.1492802861335262,0.18430162020045215,0.22599829334711646,0.1444181070199424
hashing,ghostpdl,0.1,0.2,unweighted_mondrian,0.16829268292682925,0.0025431034482758575,1.6829268292682926,0.6546534653465347,0.3453465346534653,0.1492802861335262,0.18430162020045215,0.22599829334711646,0.1444181070199424
hashing,ghostpdl,0.1,0.2,vultriage_full_gate_clip_20,0.0,0.0,0.0,0.0,1.0,0.1492802861335262,0.18430162020045215,0.22599829334711646,0.1444181070199424
hashing,imagemagick,0.01,0.05,estimated_weight_no_gate_clip_20,0.0,0.0,0.0,0.036065573770491806,0.9639344262295081,0.24969390779468048,0.25695725426902183,0.1143353783621813,-0.0955826188156026
hashing,imagemagick,0.01,0.05,unweighted_mondrian,0.007636363636363637,0.0,0.7636363636363637,0.10273224043715848,0.8972677595628415,0.24969390779468048,0.25695725426902183,0.1143353783621813,-0.0955826188156026
hashing,imagemagick,0.01,0.05,vultriage_full_gate_clip_20,0.0,0.0,0.0,0.0,1.0,0.24969390779468048,0.25695725426902183,0.1143353783621813,-0.0955826188156026
hashing,imagemagick,0.01,0.1,estimated_weight_no_gate_clip_20,0.0,0.0,0.0,0.07540983606557376,0.9245901639344263,0.24969390779468048,0.25695725426902183,0.1143353783621813,-0.0955826188156026
hashing,imagemagick,0.01,0.1,unweighted_mondrian,0.007636363636363637,0.0,0.7636363636363637,0.1355191256830601,0.8644808743169399,0.24969390779468048,0.25695725426902183,0.1143353783621813,-0.0955826188156026
hashing,imagemagick,0.01,0.1,vultriage_full_gate_clip_20,0.0,0.0,0.0,0.0,1.0,0.24969390779468048,0.25695725426902183,0.1143353783621813,-0.0955826188156026
hashing,imagemagick,0.01,0.2,estimated_weight_no_gate_clip_20,0.0,0.0,0.0,0.14754098360655737,0.8524590163934427,0.24969390779468048,0.25695725426902183,0.1143353783621813,-0.0955826188156026
hashing,imagemagick,0.01,0.2,unweighted_mondrian,0.007636363636363637,0.0,0.7636363636363637,0.20437158469945355,0.7956284153005464,0.24969390779468048,0.25695725426902183,0.1143353783621813,-0.0955826188156026
hashing,imagemagick,0.01,0.2,vultriage_full_gate_clip_20,0.0,0.0,0.0,0.0,1.0,0.24969390779468048,0.25695725426902183,0.1143353783621813,-0.0955826188156026
hashing,imagemagick,0.05,0.05,estimated_weight_no_gate_clip_20,0.0,0.0,0.0,0.16065573770491803,0.839344262295082,0.24969390779468048,0.25695725426902183,0.1143353783621813,-0.0955826188156026
hashing,imagemagick,0.05,0.05,unweighted_mondrian,0.2590909090909091,0.0,5.181818181818182,0.4218579234972678,0.5781420765027322,0.24969390779468048,0.25695725426902183,0.1143353783621813,-0.0955826188156026
hashing,imagemagick,0.05,0.05,vultriage_full_gate_clip_20,0.0,0.0,0.0,0.0,1.0,0.24969390779468048,0.25695725426902183,0.1143353783621813,-0.0955826188156026
hashing,imagemagick,0.05,0.1,estimated_weight_no_gate_clip_20,0.0,0.0,0.0,0.2,0.8,0.24969390779468048,0.25695725426902183,0.1143353783621813,-0.0955826188156026
hashing,imagemagick,0.05,0.1,unweighted_mondrian,0.2590909090909091,0.0,5.181818181818182,0.45464480874316937,0.5453551912568306,0.24969390779468048,0.25695725426902183,0.1143353783621813,-0.0955826188156026
hashing,imagemagick,0.05,0.1,vultriage_full_gate_clip_20,0.0,0.0,0.0,0.0,1.0,0.24969390779468048,0.25695725426902183,0.1143353783621813,-0.0955826188156026
hashing,imagemagick,0.05,0.2,estimated_weight_no_gate_clip_20,0.0,0.0,0.0,0.2721311475409836,0.7278688524590164,0.24969390779468048,0.25695725426902183,0.1143353783621813,-0.0955826188156026
hashing,imagemagick,0.05,0.2,unweighted_mondrian,0.2590909090909091,0.0,5.181818181818182,0.5234972677595628,0.47650273224043715,0.24969390779468048,0.25695725426902183,0.1143353783621813,-0.0955826188156026
hashing,imagemagick,0.05,0.2,vultriage_full_gate_clip_20,0.0,0.0,0.0,0.0,1.0,0.24969390779468048,0.25695725426902183,0.1143353783621813,-0.0955826188156026
hashing,imagemagick,0.1,0.05,estimated_weight_no_gate_clip_20,0.024545454545454537,0.0,0.24545454545454537,0.2633879781420765,0.7366120218579235,0.24969390779468048,0.25695725426902183,0.1143353783621813,-0.0955826188156026
hashing,imagemagick,0.1,0.05,unweighted_mondrian,0.5272727272727273,0.0,5.2727272727272725,0.6415300546448087,0.3584699453551913,0.24969390779468048,0.25695725426902183,0.1143353783621813,-0.0955826188156026
hashing,imagemagick,0.1,0.05,vultriage_full_gate_clip_20,0.0,0.0,0.0,0.0,1.0,0.24969390779468048,0.25695725426902183,0.1143353783621813,-0.0955826188156026
hashing,imagemagick,0.1,0.1,estimated_weight_no_gate_clip_20,0.024545454545454537,0.0,0.24545454545454537,0.3027322404371585,0.6972677595628415,0.24969390779468048,0.25695725426902183,0.1143353783621813,-0.0955826188156026
hashing,imagemagick,0.1,0.1,unweighted_mondrian,0.5272727272727273,0.0,5.2727272727272725,0.6743169398907104,0.3256830601092896,0.24969390779468048,0.25695725426902183,0.1143353783621813,-0.0955826188156026
hashing,imagemagick,0.1,0.1,vultriage_full_gate_clip_20,0.0,0.0,0.0,0.0,1.0,0.24969390779468048,0.25695725426902183,0.1143353783621813,-0.0955826188156026
hashing,imagemagick,0.1,0.2,estimated_weight_no_gate_clip_20,0.024545454545454537,0.0,0.24545454545454537,0.3748633879781421,0.6251366120218579,0.24969390779468048,0.25695725426902183,0.1143353783621813,-0.0955826188156026
hashing,imagemagick,0.1,0.2,unweighted_mondrian,0.5272727272727273,0.0,5.2727272727272725,0.7431693989071039,0.2568306010928961,0.24969390779468048,0.25695725426902183,0.1143353783621813,-0.0955826188156026
hashing,imagemagick,0.1,0.2,vultriage_full_gate_clip_20,0.0,0.0,0.0,0.0,1.0,0.24969390779468048,0.25695725426902183,0.1143353783621813,-0.0955826188156026
hashing,jasper,0.01,0.05,estimated_weight_no_gate_clip_20,0.0,0.0012903225806451604,0.02580645161290321,0.07044025157232704,0.929559748427673,0.47147594597751397,0.1904037018508987,0.4722771807623724,0.3018278815006823
hashing,jasper,0.01,0.05,unweighted_mondrian,0.000857142857142857,0.0,0.0857142857142857,0.08050314465408806,0.919496855345912,0.47147594597751397,0.1904037018508987,0.4722771807623724,0.3018278815006823
hashing,jasper,0.01,0.05,vultriage_full_gate_clip_20,0.0,0.0012903225806451604,0.02580645161290321,0.07044025157232704,0.929559748427673,0.47147594597751397,0.1904037018508987,0.4722771807623724,0.3018278815006823
hashing,jasper,0.01,0.1,estimated_weight_no_gate_clip_20,0.0,0.002580645161290321,0.02580645161290321,0.15345911949685537,0.8465408805031448,0.47147594597751397,0.1904037018508987,0.4722771807623724,0.3018278815006823
hashing,jasper,0.01,0.1,unweighted_mondrian,0.000857142857142857,0.0,0.0857142857142857,0.16100628930817612,0.8389937106918239,0.47147594597751397,0.1904037018508987,0.4722771807623724,0.3018278815006823
hashing,jasper,0.01,0.1,vultriage_full_gate_clip_20,0.0,0.002580645161290321,0.02580645161290321,0.15345911949685537,0.8465408805031448,0.47147594597751397,0.1904037018508987,0.4722771807623724,0.3018278815006823
hashing,jasper,0.01,0.2,estimated_weight_no_gate_clip_20,0.0,0.01967741935483871,0.09838709677419355,0.2849056603773585,0.7150943396226415,0.47147594597751397,0.1904037018508987,0.4722771807623724,0.3018278815006823
hashing,jasper,0.01,0.2,unweighted_mondrian,0.000857142857142857,0.009999999999999998,0.13571428571428568,0.289937106918239,0.710062893081761,0.47147594597751397,0.1904037018508987,0.4722771807623724,0.3018278815006823
hashing,jasper,0.01,0.2,vultriage_full_gate_clip_20,0.0,0.01967741935483871,0.09838709677419355,0.2849056603773585,0.7150943396226415,0.47147594597751397,0.1904037018508987,0.4722771807623724,0.3018278815006823
hashing,jasper,0.05,0.05,estimated_weight_no_gate_clip_20,0.0,0.0012903225806451604,0.02580645161290321,0.13459119496855346,0.8654088050314466,0.47147594597751397,0.1904037018508987,0.4722771807623724,0.3018278815006823
hashing,jasper,0.05,0.05,unweighted_mondrian,0.055714285714285716,0.0,1.1142857142857143,0.3113207547169811,0.6886792452830188,0.47147594597751397,0.1904037018508987,0.4722771807623724,0.3018278815006823
hashing,jasper,0.05,0.05,vultriage_full_gate_clip_20,0.0,0.0012903225806451604,0.02580645161290321,0.13459119496855346,0.8654088050314466,0.47147594597751397,0.1904037018508987,0.4722771807623724,0.3018278815006823
hashing,jasper,0.05,0.1,estimated_weight_no_gate_clip_20,0.0,0.002580645161290321,0.02580645161290321,0.21761006289308177,0.7823899371069183,0.47147594597751397,0.1904037018508987,0.4722771807623724,0.3018278815006823
hashing,jasper,0.05,0.1,unweighted_mondrian,0.055714285714285716,0.0,1.1142857142857143,0.3918238993710692,0.6081761006289308,0.47147594597751397,0.1904037018508987,0.4722771807623724,0.3018278815006823
hashing,jasper,0.05,0.1,vultriage_full_gate_clip_20,0.0,0.002580645161290321,0.02580645161290321,0.21761006289308177,0.7823899371069183,0.47147594597751397,0.1904037018508987,0.4722771807623724,0.3018278815006823
hashing,jasper,0.05,0.2,estimated_weight_no_gate_clip_20,0.0,0.01967741935483871,0.09838709677419355,0.3490566037735849,0.6509433962264151,0.47147594597751397,0.1904037018508987,0.4722771807623724,0.3018278815006823
hashing,jasper,0.05,0.2,unweighted_mondrian,0.055714285714285716,0.009999999999999998,1.1142857142857143,0.5207547169811321,0.47924528301886793,0.47147594597751397,0.1904037018508987,0.4722771807623724,0.3018278815006823
hashing,jasper,0.05,0.2,vultriage_full_gate_clip_20,0.0,0.01967741935483871,0.09838709677419355,0.3490566037735849,0.6509433962264151,0.47147594597751397,0.1904037018508987,0.4722771807623724,0.3018278815006823
hashing,jasper,0.1,0.05,estimated_weight_no_gate_clip_20,0.0,0.0012903225806451604,0.02580645161290321,0.31949685534591193,0.680503144654088,0.47147594597751397,0.1904037018508987,0.4722771807623724,0.3018278815006823
hashing,jasper,0.1,0.05,unweighted_mondrian,0.13714285714285712,0.0,1.3714285714285712,0.4949685534591195,0.5050314465408805,0.47147594597751397,0.1904037018508987,0.4722771807623724,0.3018278815006823
hashing,jasper,0.1,0.05,vultriage_full_gate_clip_20,0.0,0.0012903225806451604,0.02580645161290321,0.31949685534591193,0.680503144654088,0.47147594597751397,0.1904037018508987,0.4722771807623724,0.3018278815006823
hashing,jasper,0.1,0.1,estimated_weight_no_gate_clip_20,0.0,0.002580645161290321,0.02580645161290321,0.4025157232704403,0.5974842767295597,0.47147594597751397,0.1904037018508987,0.4722771807623724,0.3018278815006823
hashing,jasper,0.1,0.1,unweighted_mondrian,0.13714285714285712,0.0,1.3714285714285712,0.5754716981132075,0.42452830188679247,0.47147594597751397,0.1904037018508987,0.4722771807623724,0.3018278815006823
hashing,jasper,0.1,0.1,vultriage_full_gate_clip_20,0.0,0.002580645161290321,0.02580645161290321,0.4025157232704403,0.5974842767295597,0.47147594597751397,0.1904037018508987,0.4722771807623724,0.3018278815006823
hashing,jasper,0.1,0.2,estimated_weight_no_gate_clip_20,0.0,0.01967741935483871,0.09838709677419355,0.5339622641509434,0.46603773584905656,0.47147594597751397,0.1904037018508987,0.4722771807623724,0.3018278815006823
hashing,jasper,0.1,0.2,unweighted_mondrian,0.13714285714285712,0.009999999999999998,1.3714285714285712,0.7044025157232705,0.29559748427672955,0.47147594597751397,0.1904037018508987,0.4722771807623724,0.3018278815006823
hashing,jasper,0.1,0.2,vultriage_full_gate_clip_20,0.0,0.01967741935483871,0.09838709677419355,0.5339622641509434,0.46603773584905656,0.47147594597751397,0.1904037018508987,0.4722771807623724,0.3018278815006823
hashing,krb5,0.01,0.05,estimated_weight_no_gate_clip_20,0.0035238095238095237,0.0,0.35238095238095235,0.05088757396449704,0.9491124260355029,0.21707323006289583,0.23396719235507546,0.2204769992470567,0.009980217919224123
hashing,krb5,0.01,0.05,unweighted_mondrian,0.0,0.0010909090909090897,0.021818181818181792,0.08934911242603549,0.9106508875739644,0.21707323006289583,0.23396719235507546,0.2204769992470567,0.009980217919224123
hashing,krb5,0.01,0.05,vultriage_full_gate_clip_20,0.0,0.0,0.0,0.0,1.0,0.21707323006289583,0.23396719235507546,0.2204769992470567,0.009980217919224123
hashing,krb5,0.01,0.1,estimated_weight_no_gate_clip_20,0.0035238095238095237,0.0,0.35238095238095235,0.09763313609467456,0.9023668639053255,0.21707323006289583,0.23396719235507546,0.2204769992470567,0.009980217919224123
hashing,krb5,0.01,0.1,unweighted_mondrian,0.0,0.005818181818181811,0.05818181818181811,0.14911242603550295,0.8508875739644971,0.21707323006289583,0.23396719235507546,0.2204769992470567,0.009980217919224123
hashing,krb5,0.01,0.1,vultriage_full_gate_clip_20,0.0,0.0,0.0,0.0,1.0,0.21707323006289583,0.23396719235507546,0.2204769992470567,0.009980217919224123
hashing,krb5,0.01,0.2,estimated_weight_no_gate_clip_20,0.0035238095238095237,0.0,0.35238095238095235,0.1816568047337278,0.8183431952662723,0.21707323006289583,0.23396719235507546,0.2204769992470567,0.009980217919224123
hashing,krb5,0.01,0.2,unweighted_mondrian,0.0,0.016727272727272723,0.08363636363636362,0.2526627218934911,0.7473372781065089,0.21707323006289583,0.23396719235507546,0.2204769992470567,0.009980217919224123
hashing,krb5,0.01,0.2,vultriage_full_gate_clip_20,0.0,0.0,0.0,0.0,1.0,0.21707323006289583,0.23396719235507546,0.2204769992470567,0.009980217919224123
hashing,krb5,0.05,0.05,estimated_weight_no_gate_clip_20,0.0,0.0,0.0,0.12840236686390533,0.8715976331360947,0.21707323006289583,0.23396719235507546,0.2204769992470567,0.009980217919224123
hashing,krb5,0.05,0.05,unweighted_mondrian,0.07063492063492063,0.0010909090909090897,1.4126984126984123,0.2662721893491124,0.7337278106508875,0.21707323006289583,0.23396719235507546,0.2204769992470567,0.009980217919224123
hashing,krb5,0.05,0.05,vultriage_full_gate_clip_20,0.0,0.0,0.0,0.0,1.0,0.21707323006289583,0.23396719235507546,0.2204769992470567,0.009980217919224123
hashing,krb5,0.05,0.1,estimated_weight_no_gate_clip_20,0.0,0.0,0.0,0.17514792899408285,0.8248520710059172,0.21707323006289583,0.23396719235507546,0.2204769992470567,0.009980217919224123
hashing,krb5,0.05,0.1,unweighted_mondrian,0.07063492063492063,0.005818181818181811,1.4126984126984123,0.32603550295857986,0.67396449704142,0.21707323006289583,0.23396719235507546,0.2204769992470567,0.009980217919224123
hashing,krb5,0.05,0.1,vultriage_full_gate_clip_20,0.0,0.0,0.0,0.0,1.0,0.21707323006289583,0.23396719235507546,0.2204769992470567,0.009980217919224123
hashing,krb5,0.05,0.2,estimated_weight_no_gate_clip_20,0.0,0.0,0.0,0.2591715976331361,0.7408284023668639,0.21707323006289583,0.23396719235507546,0.2204769992470567,0.009980217919224123
hashing,krb5,0.05,0.2,unweighted_mondrian,0.07063492063492063,0.016727272727272723,1.4126984126984123,0.42958579881656805,0.5704142011834319,0.21707323006289583,0.23396719235507546,0.2204769992470567,0.009980217919224123
hashing,krb5,0.05,0.2,vultriage_full_gate_clip_20,0.0,0.0,0.0,0.0,1.0,0.21707323006289583,0.23396719235507546,0.2204769992470567,0.009980217919224123
hashing,krb5,0.1,0.05,estimated_weight_no_gate_clip_20,0.12857142857142856,0.0,1.2857142857142854,0.40118343195266276,0.5988165680473373,0.21707323006289583,0.23396719235507546,0.2204769992470567,0.009980217919224123
hashing,krb5,0.1,0.05,unweighted_mondrian,0.1857142857142857,0.0010909090909090897,1.857142857142857,0.4378698224852071,0.5621301775147929,0.21707323006289583,0.23396719235507546,0.2204769992470567,0.009980217919224123
hashing,krb5,0.1,0.05,vultriage_full_gate_clip_20,0.0,0.0,0.0,0.0,1.0,0.21707323006289583,0.23396719235507546,0.2204769992470567,0.009980217919224123
hashing,krb5,0.1,0.1,estimated_weight_no_gate_clip_20,0.12857142857142856,0.0,1.2857142857142854,0.44792899408284026,0.5520710059171597,0.21707323006289583,0.23396719235507546,0.2204769992470567,0.009980217919224123
hashing,krb5,0.1,0.1,unweighted_mondrian,0.1857142857142857,0.005818181818181811,1.857142857142857,0.4976331360946745,0.5023668639053255,0.21707323006289583,0.23396719235507546,0.2204769992470567,0.009980217919224123
hashing,krb5,0.1,0.1,vultriage_full_gate_clip_20,0.0,0.0,0.0,0.0,1.0,0.21707323006289583,0.23396719235507546,0.2204769992470567,0.009980217919224123
hashing,krb5,0.1,0.2,estimated_weight_no_gate_clip_20,0.12857142857142856,0.0,1.2857142857142854,0.5319526627218935,0.4680473372781065,0.21707323006289583,0.23396719235507546,0.2204769992470567,0.009980217919224123
hashing,krb5,0.1,0.2,unweighted_mondrian,0.1857142857142857,0.016727272727272723,1.857142857142857,0.6011834319526627,0.3988165680473373,0.21707323006289583,0.23396719235507546,0.2204769992470567,0.009980217919224123
hashing,krb5,0.1,0.2,vultriage_full_gate_clip_20,0.0,0.0,0.0,0.0,1.0,0.21707323006289583,0.23396719235507546,0.2204769992470567,0.009980217919224123
hashing,librsvg,0.01,0.05,estimated_weight_no_gate_clip_20,0.0,0.0,0.0,0.030236220472440945,0.969763779527559,0.12889600941931809,0.21846071588572782,0.14712202465006174,-0.02993553578343755
hashing,librsvg,0.01,0.05,unweighted_mondrian,0.016373626373626375,0.0,1.6373626373626373,0.043464566929133856,0.9565354330708662,0.12889600941931809,0.21846071588572782,0.14712202465006174,-0.02993553578343755
hashing,librsvg,0.01,0.05,vultriage_full_gate_clip_20,0.0,0.0,0.0,0.0,1.0,0.12889600941931809,0.21846071588572782,0.14712202465006174,-0.02993553578343755
hashing,librsvg,0.01,0.1,estimated_weight_no_gate_clip_20,0.0,0.0,0.0,0.08,0.9199999999999999,0.12889600941931809,0.21846071588572782,0.14712202465006174,-0.02993553578343755
hashing,librsvg,0.01,0.1,unweighted_mondrian,0.016373626373626375,0.0,1.6373626373626373,0.0784251968503937,0.9215748031496063,0.12889600941931809,0.21846071588572782,0.14712202465006174,-0.02993553578343755
hashing,librsvg,0.01,0.1,vultriage_full_gate_clip_20,0.0,0.0,0.0,0.0,1.0,0.12889600941931809,0.21846071588572782,0.14712202465006174,-0.02993553578343755
hashing,librsvg,0.01,0.2,estimated_weight_no_gate_clip_20,0.0,0.014926470588235291,0.07463235294117646,0.21511811023622046,0.7848818897637795,0.12889600941931809,0.21846071588572782,0.14712202465006174,-0.02993553578343755
hashing,librsvg,0.01,0.2,unweighted_mondrian,0.016373626373626375,0.0,1.6373626373626373,0.18992125984251967,0.8100787401574803,0.12889600941931809,0.21846071588572782,0.14712202465006174,-0.02993553578343755
hashing,librsvg,0.01,0.2,vultriage_full_gate_clip_20,0.0,0.0,0.0,0.0,1.0,0.12889600941931809,0.21846071588572782,0.14712202465006174,-0.02993553578343755
hashing,librsvg,0.05,0.05,estimated_weight_no_gate_clip_20,0.0019780219780219767,0.0,0.03956043956043953,0.10330708661417323,0.8966929133858267,0.12889600941931809,0.21846071588572782,0.14712202465006174,-0.02993553578343755
hashing,librsvg,0.05,0.05,unweighted_mondrian,0.360989010989011,0.0,7.219780219780219,0.31401574803149607,0.685984251968504,0.12889600941931809,0.21846071588572782,0.14712202465006174,-0.02993553578343755
hashing,librsvg,0.05,0.05,vultriage_full_gate_clip_20,0.0,0.0,0.0,0.0,1.0,0.12889600941931809,0.21846071588572782,0.14712202465006174,-0.02993553578343755
hashing,librsvg,0.05,0.1,estimated_weight_no_gate_clip_20,0.0019780219780219767,0.0,0.03956043956043953,0.1530708661417323,0.8469291338582676,0.12889600941931809,0.21846071588572782,0.14712202465006174,-0.02993553578343755
hashing,librsvg,0.05,0.1,unweighted_mondrian,0.360989010989011,0.0,7.219780219780219,0.3489763779527559,0.6510236220472441,0.12889600941931809,0.21846071588572782,0.14712202465006174,-0.02993553578343755
hashing,librsvg,0.05,0.1,vultriage_full_gate_clip_20,0.0,0.0,0.0,0.0,1.0,0.12889600941931809,0.21846071588572782,0.14712202465006174,-0.02993553578343755
hashing,librsvg,0.05,0.2,estimated_weight_no_gate_clip_20,0.0019780219780219767,0.014926470588235291,0.09441257272139622,0.28818897637795277,0.7118110236220472,0.12889600941931809,0.21846071588572782,0.14712202465006174,-0.02993553578343755
hashing,librsvg,0.05,0.2,unweighted_mondrian,0.360989010989011,0.0,7.219780219780219,0.4604724409448819,0.5395275590551181,0.12889600941931809,0.21846071588572782,0.14712202465006174,-0.02993553578343755
hashing,librsvg,0.05,0.2,vultriage_full_gate_clip_20,0.0,0.0,0.0,0.0,1.0,0.12889600941931809,0.21846071588572782,0.14712202465006174,-0.02993553578343755
hashing,librsvg,0.1,0.05,estimated_weight_no_gate_clip_20,0.27142857142857146,0.0,2.7142857142857144,0.32031496062992126,0.6796850393700786,0.12889600941931809,0.21846071588572782,0.14712202465006174,-0.02993553578343755
hashing,librsvg,0.1,0.05,unweighted_mondrian,0.46483516483516485,0.0,4.648351648351648,0.4903937007874015,0.5096062992125984,0.12889600941931809,0.21846071588572782,0.14712202465006174,-0.02993553578343755
hashing,librsvg,0.1,0.05,vultriage_full_gate_clip_20,0.0,0.0,0.0,0.0,1.0,0.12889600941931809,0.21846071588572782,0.14712202465006174,-0.02993553578343755
hashing,librsvg,0.1,0.1,estimated_weight_no_gate_clip_20,0.27142857142857146,0.0,2.7142857142857144,0.37007874015748027,0.6299212598425197,0.12889600941931809,0.21846071588572782,0.14712202465006174,-0.02993553578343755
hashing,librsvg,0.1,0.1,unweighted_mondrian,0.46483516483516485,0.0,4.648351648351648,0.5253543307086614,0.47464566929133856,0.12889600941931809,0.21846071588572782,0.14712202465006174,-0.02993553578343755
hashing,librsvg,0.1,0.1,vultriage_full_gate_clip_20,0.0,0.0,0.0,0.0,1.0,0.12889600941931809,0.21846071588572782,0.14712202465006174,-0.02993553578343755
hashing,librsvg,0.1,0.2,estimated_weight_no_gate_clip_20,0.27142857142857146,0.014926470588235291,2.7142857142857144,0.5051968503937008,0.4948031496062992,0.12889600941931809,0.21846071588572782,0.14712202465006174,-0.02993553578343755
hashing,librsvg,0.1,0.2,unweighted_mondrian,0.46483516483516485,0.0,4.648351648351648,0.6368503937007874,0.3631496062992126,0.12889600941931809,0.21846071588572782,0.14712202465006174,-0.02993553578343755
hashing,librsvg,0.1,0.2,vultriage_full_gate_clip_20,0.0,0.0,0.0,0.0,1.0,0.12889600941931809,0.21846071588572782,0.14712202465006174,-0.02993553578343755
hashing,libtpms,0.01,0.05,estimated_weight_no_gate_clip_20,0.0,0.0,0.0,0.019875776397515525,0.9801242236024844,0.32707562532031104,0.19899501762910352,0.3497978787299717,0.16116496387308596
hashing,libtpms,0.01,0.05,unweighted_mondrian,0.0,0.0,0.0,0.02028985507246377,0.9797101449275363,0.32707562532031104,0.19899501762910352,0.3497978787299717,0.16116496387308596
hashing,libtpms,0.01,0.05,vultriage_full_gate_clip_20,0.0,0.0,0.0,0.019875776397515525,0.9801242236024844,0.32707562532031104,0.19899501762910352,0.3497978787299717,0.16116496387308596
hashing,libtpms,0.01,0.1,estimated_weight_no_gate_clip_20,0.0,0.0,0.0,0.029399585921325057,0.9706004140786749,0.32707562532031104,0.19899501762910352,0.3497978787299717,0.16116496387308596
hashing,libtpms,0.01,0.1,unweighted_mondrian,0.0,0.0,0.0,0.02981366459627329,0.9701863354037267,0.32707562532031104,0.19899501762910352,0.3497978787299717,0.16116496387308596
hashing,libtpms,0.01,0.1,vultriage_full_gate_clip_20,0.0,0.0,0.0,0.029399585921325057,0.9706004140786749,0.32707562532031104,0.19899501762910352,0.3497978787299717,0.16116496387308596
hashing,libtpms,0.01,0.2,estimated_weight_no_gate_clip_20,0.0,0.0,0.0,0.15569358178053833,0.8443064182194616,0.32707562532031104,0.19899501762910352,0.3497978787299717,0.16116496387308596
hashing,libtpms,0.01,0.2,unweighted_mondrian,0.0,0.0,0.0,0.16356107660455485,0.8364389233954451,0.32707562532031104,0.19899501762910352,0.3497978787299717,0.16116496387308596
hashing,libtpms,0.01,0.2,vultriage_full_gate_clip_20,0.0,0.0,0.0,0.15569358178053833,0.8443064182194616,0.32707562532031104,0.19899501762910352,0.3497978787299717,0.16116496387308596
hashing,libtpms,0.05,0.05,estimated_weight_no_gate_clip_20,0.0,0.0,0.0,0.019875776397515525,0.9801242236024844,0.32707562532031104,0.19899501762910352,0.3497978787299717,0.16116496387308596
hashing,libtpms,0.05,0.05,unweighted_mondrian,0.0,0.0,0.0,0.02028985507246377,0.9797101449275363,0.32707562532031104,0.19899501762910352,0.3497978787299717,0.16116496387308596
hashing,libtpms,0.05,0.05,vultriage_full_gate_clip_20,0.0,0.0,0.0,0.019875776397515525,0.9801242236024844,0.32707562532031104,0.19899501762910352,0.3497978787299717,0.16116496387308596
hashing,libtpms,0.05,0.1,estimated_weight_no_gate_clip_20,0.0,0.0,0.0,0.029399585921325057,0.9706004140786749,0.32707562532031104,0.19899501762910352,0.3497978787299717,0.16116496387308596
hashing,libtpms,0.05,0.1,unweighted_mondrian,0.0,0.0,0.0,0.02981366459627329,0.9701863354037267,0.32707562532031104,0.19899501762910352,0.3497978787299717,0.16116496387308596
hashing,libtpms,0.05,0.1,vultriage_full_gate_clip_20,0.0,0.0,0.0,0.029399585921325057,0.9706004140786749,0.32707562532031104,0.19899501762910352,0.3497978787299717,0.16116496387308596
hashing,libtpms,0.05,0.2,estimated_weight_no_gate_clip_20,0.0,0.0,0.0,0.15569358178053833,0.8443064182194616,0.32707562532031104,0.19899501762910352,0.3497978787299717,0.16116496387308596
hashing,libtpms,0.05,0.2,unweighted_mondrian,0.0,0.0,0.0,0.16356107660455485,0.8364389233954451,0.32707562532031104,0.19899501762910352,0.3497978787299717,0.16116496387308596
hashing,libtpms,0.05,0.2,vultriage_full_gate_clip_20,0.0,0.0,0.0,0.15569358178053833,0.8443064182194616,0.32707562532031104,0.19899501762910352,0.3497978787299717,0.16116496387308596
hashing,libtpms,0.1,0.05,estimated_weight_no_gate_clip_20,0.0,0.0,0.0,0.022774327122153208,0.9772256728778468,0.32707562532031104,0.19899501762910352,0.3497978787299717,0.16116496387308596
hashing,libtpms,0.1,0.05,unweighted_mondrian,0.027850467289719617,0.0,0.27850467289719616,0.15031055900621118,0.8496894409937887,0.32707562532031104,0.19899501762910352,0.3497978787299717,0.16116496387308596
hashing,libtpms,0.1,0.05,vultriage_full_gate_clip_20,0.0,0.0,0.0,0.022774327122153208,0.9772256728778468,0.32707562532031104,0.19899501762910352,0.3497978787299717,0.16116496387308596
hashing,libtpms,0.1,0.1,estimated_weight_no_gate_clip_20,0.0,0.0,0.0,0.03229813664596274,0.9677018633540373,0.32707562532031104,0.19899501762910352,0.3497978787299717,0.16116496387308596
hashing,libtpms,0.1,0.1,unweighted_mondrian,0.027850467289719617,0.0,0.27850467289719616,0.1598343685300207,0.8401656314699792,0.32707562532031104,0.19899501762910352,0.3497978787299717,0.16116496387308596
hashing,libtpms,0.1,0.1,vultriage_full_gate_clip_20,0.0,0.0,0.0,0.03229813664596274,0.9677018633540373,0.32707562532031104,0.19899501762910352,0.3497978787299717,0.16116496387308596
hashing,libtpms,0.1,0.2,estimated_weight_no_gate_clip_20,0.0,0.0,0.0,0.15859213250517598,0.841407867494824,0.32707562532031104,0.19899501762910352,0.3497978787299717,0.16116496387308596
hashing,libtpms,0.1,0.2,unweighted_mondrian,0.027850467289719617,0.0,0.27850467289719616,0.29358178053830225,0.7064182194616977,0.32707562532031104,0.19899501762910352,0.3497978787299717,0.16116496387308596
hashing,libtpms,0.1,0.2,vultriage_full_gate_clip_20,0.0,0.0,0.0,0.15859213250517598,0.841407867494824,0.32707562532031104,0.19899501762910352,0.3497978787299717,0.16116496387308596
hashing,libxml2,0.01,0.05,estimated_weight_no_gate_clip_20,0.011621621621621623,0.0,1.162162162162162,0.04518388791593696,0.954816112084063,0.07780159694406064,0.26344330839086333,0.12579576750010607,0.10549585773621835
hashing,libxml2,0.01,0.05,unweighted_mondrian,0.011621621621621623,0.024673581452104944,1.2506472305130023,0.10519556333917104,0.894804436660829,0.07780159694406064,0.26344330839086333,0.12579576750010607,0.10549585773621835
hashing,libxml2,0.01,0.05,vultriage_full_gate_clip_20,0.0,0.0,0.0,0.0,1.0,0.07780159694406064,0.26344330839086333,0.12579576750010607,0.10549585773621835
hashing,libxml2,0.01,0.1,estimated_weight_no_gate_clip_20,0.011621621621621623,0.0,1.162162162162162,0.099241097489784,0.900758902510216,0.07780159694406064,0.26344330839086333,0.12579576750010607,0.10549585773621835
hashing,libxml2,0.01,0.1,unweighted_mondrian,0.011621621621621623,0.06070774862721171,1.3025246112494435,0.19497956800934033,0.8050204319906596,0.07780159694406064,0.26344330839086333,0.12579576750010607,0.10549585773621835
hashing,libxml2,0.01,0.1,vultriage_full_gate_clip_20,0.0,0.0,0.0,0.0,1.0,0.07780159694406064,0.26344330839086333,0.12579576750010607,0.10549585773621835
hashing,libxml2,0.01,0.2,estimated_weight_no_gate_clip_20,0.011621621621621623,0.03633923123856008,1.162162162162162,0.2554582603619381,0.7445417396380619,0.07780159694406064,0.26344330839086333,0.12579576750010607,0.10549585773621835
hashing,libxml2,0.01,0.2,unweighted_mondrian,0.011621621621621623,0.13203172666259913,1.30130435499563,0.369994162288383,0.6300058377116171,0.07780159694406064,0.26344330839086333,0.12579576750010607,0.10549585773621835
hashing,libxml2,0.01,0.2,vultriage_full_gate_clip_20,0.0,0.0,0.0,0.0,1.0,0.07780159694406064,0.26344330839086333,0.12579576750010607,0.10549585773621835
hashing,libxml2,0.05,0.05,estimated_weight_no_gate_clip_20,0.00945945945945946,0.0,0.1891891891891892,0.14384121424401636,0.8561587857559836,0.07780159694406064,0.26344330839086333,0.12579576750010607,0.10549585773621835
hashing,libxml2,0.05,0.05,unweighted_mondrian,0.052702702702702706,0.024673581452104944,1.054054054054054,0.2651488616462347,0.7348511383537654,0.07780159694406064,0.26344330839086333,0.12579576750010607,0.10549585773621835
hashing,libxml2,0.05,0.05,vultriage_full_gate_clip_20,0.0,0.0,0.0,0.0,1.0,0.07780159694406064,0.26344330839086333,0.12579576750010607,0.10549585773621835
hashing,libxml2,0.05,0.1,estimated_weight_no_gate_clip_20,0.00945945945945946,0.0,0.1891891891891892,0.1978984238178634,0.8021015761821365,0.07780159694406064,0.26344330839086333,0.12579576750010607,0.10549585773621835
hashing,libxml2,0.05,0.1,unweighted_mondrian,0.052702702702702706,0.06070774862721171,1.0673779331497453,0.35493286631640397,0.645067133683596,0.07780159694406064,0.26344330839086333,0.12579576750010607,0.10549585773621835
hashing,libxml2,0.05,0.1,vultriage_full_gate_clip_20,0.0,0.0,0.0,0.0,1.0,0.07780159694406064,0.26344330839086333,0.12579576750010607,0.10549585773621835
hashing,libxml2,0.05,0.2,estimated_weight_no_gate_clip_20,0.00945945945945946,0.03633923123856008,0.26194284583546323,0.3541155866900175,0.6458844133099826,0.07780159694406064,0.26344330839086333,0.12579576750010607,0.10549585773621835
hashing,libxml2,0.05,0.2,unweighted_mondrian,0.052702702702702706,0.13203172666259913,1.054054054054054,0.5299474605954466,0.4700525394045535,0.07780159694406064,0.26344330839086333,0.12579576750010607,0.10549585773621835
hashing,libxml2,0.05,0.2,vultriage_full_gate_clip_20,0.0,0.0,0.0,0.0,1.0,0.07780159694406064,0.26344330839086333,0.12579576750010607,0.10549585773621835
hashing,libxml2,0.1,0.05,estimated_weight_no_gate_clip_20,0.032432432432432434,0.0,0.32432432432432434,0.32002335084646816,0.6799766491535318,0.07780159694406064,0.26344330839086333,0.12579576750010607,0.10549585773621835
hashing,libxml2,0.1,0.05,unweighted_mondrian,0.05675675675675675,0.024673581452104944,0.7324175914779941,0.4004670169293637,0.5995329830706363,0.07780159694406064,0.26344330839086333,0.12579576750010607,0.10549585773621835
hashing,libxml2,0.1,0.05,vultriage_full_gate_clip_20,0.0,0.0,0.0,0.0,1.0,0.07780159694406064,0.26344330839086333,0.12579576750010607,0.10549585773621835
hashing,libxml2,0.1,0.1,estimated_weight_no_gate_clip_20,0.032432432432432434,0.0,0.32432432432432434,0.37408056042031523,0.6259194395796848,0.07780159694406064,0.26344330839086333,0.12579576750010607,0.10549585773621835
hashing,libxml2,0.1,0.1,unweighted_mondrian,0.05675675675675675,0.06070774862721171,0.7848886103919661,0.49025102159953293,0.5097489784004671,0.07780159694406064,0.26344330839086333,0.12579576750010607,0.10549585773621835
hashing,libxml2,0.1,0.1,vultriage_full_gate_clip_20,0.0,0.0,0.0,0.0,1.0,0.07780159694406064,0.26344330839086333,0.12579576750010607,0.10549585773621835
hashing,libxml2,0.1,0.2,estimated_weight_no_gate_clip_20,0.032432432432432434,0.03633923123856008,0.37005095394357135,0.5302977232924693,0.4697022767075307,0.07780159694406064,0.26344330839086333,0.12579576750010607,0.10549585773621835
hashing,libxml2,0.1,0.2,unweighted_mondrian,0.05675675675675675,0.13203172666259913,0.76231386969642,0.6652656158785756,0.3347343841214244,0.07780159694406064,0.26344330839086333,0.12579576750010607,0.10549585773621835
hashing,libxml2,0.1,0.2,vultriage_full_gate_clip_20,0.0,0.0,0.0,0.0,1.0,0.07780159694406064,0.26344330839086333,0.12579576750010607,0.10549585773621835
hashing,linux,0.01,0.05,estimated_weight_no_gate_clip_20,0.01415940224159402,0.0,1.4159402241594021,0.0787277433524198,0.9212722566475803,0.09633505113959968,0.11424229096848644,0.14584839867349447,0.07395556740193342
hashing,linux,0.01,0.05,unweighted_mondrian,0.14678704856787048,0.0,14.678704856787046,0.28072005647501763,0.7192799435249824,0.09633505113959968,0.11424229096848644,0.14584839867349447,0.07395556740193342
hashing,linux,0.01,0.05,vultriage_full_gate_clip_20,0.0,0.0,0.0,0.0,1.0,0.09633505113959968,0.11424229096848644,0.14584839867349447,0.07395556740193342
hashing,linux,0.01,0.1,estimated_weight_no_gate_clip_20,0.01415940224159402,0.0,1.4159402241594021,0.13281041650325515,0.8671895834967449,0.09633505113959968,0.11424229096848644,0.14584839867349447,0.07395556740193342
hashing,linux,0.01,0.1,unweighted_mondrian,0.14678704856787048,0.0,14.678704856787046,0.3034355635736136,0.6965644364263863,0.09633505113959968,0.11424229096848644,0.14584839867349447,0.07395556740193342
hashing,linux,0.01,0.1,vultriage_full_gate_clip_20,0.0,0.0,0.0,0.0,1.0,0.09633505113959968,0.11424229096848644,0.14584839867349447,0.07395556740193342
hashing,linux,0.01,0.2,estimated_weight_no_gate_clip_20,0.01415940224159402,0.005904905407667837,1.4159402241594021,0.2554710173346929,0.744528982665307,0.09633505113959968,0.11424229096848644,0.14584839867349447,0.07395556740193342
hashing,linux,0.01,0.2,unweighted_mondrian,0.14678704856787048,0.0,14.678704856787046,0.3618950505922033,0.6381049494077967,0.09633505113959968,0.11424229096848644,0.14584839867349447,0.07395556740193342
hashing,linux,0.01,0.2,vultriage_full_gate_clip_20,0.0,0.0,0.0,0.0,1.0,0.09633505113959968,0.11424229096848644,0.14584839867349447,0.07395556740193342
hashing,linux,0.05,0.05,estimated_weight_no_gate_clip_20,0.03496886674968867,0.0,0.6993773349937733,0.17186445995764374,0.8281355400423562,0.09633505113959968,0.11424229096848644,0.14584839867349447,0.07395556740193342
hashing,linux,0.05,0.05,unweighted_mondrian,0.33156911581569115,0.0,6.6313823163138235,0.5498313593222998,0.4501686406777002,0.09633505113959968,0.11424229096848644,0.14584839867349447,0.07395556740193342
hashing,linux,0.05,0.05,vultriage_full_gate_clip_20,0.0,0.0,0.0,0.0,1.0,0.09633505113959968,0.11424229096848644,0.14584839867349447,0.07395556740193342
hashing,linux,0.05,0.1,estimated_weight_no_gate_clip_20,0.03496886674968867,0.0,0.6993773349937733,0.2259471331084791,0.7740528668915209,0.09633505113959968,0.11424229096848644,0.14584839867349447,0.07395556740193342
hashing,linux,0.05,0.1,unweighted_mondrian,0.33156911581569115,0.0,6.6313823163138235,0.5725468664208957,0.42745313357910425,0.09633505113959968,0.11424229096848644,0.14584839867349447,0.07395556740193342
hashing,linux,0.05,0.1,vultriage_full_gate_clip_20,0.0,0.0,0.0,0.0,1.0,0.09633505113959968,0.11424229096848644,0.14584839867349447,0.07395556740193342
hashing,linux,0.05,0.2,estimated_weight_no_gate_clip_20,0.03496886674968867,0.005904905407667837,0.7015760419605117,0.34860773393991684,0.6513922660600832,0.09633505113959968,0.11424229096848644,0.14584839867349447,0.07395556740193342
hashing,linux,0.05,0.2,unweighted_mondrian,0.33156911581569115,0.0,6.6313823163138235,0.6310063534394854,0.36899364656051453,0.09633505113959968,0.11424229096848644,0.14584839867349447,0.07395556740193342
hashing,linux,0.05,0.2,vultriage_full_gate_clip_20,0.0,0.0,0.0,0.0,1.0,0.09633505113959968,0.11424229096848644,0.14584839867349447,0.07395556740193342
hashing,linux,0.1,0.05,estimated_weight_no_gate_clip_20,0.11419676214196761,0.0,1.1419676214196761,0.38587340183543806,0.6141265981645618,0.09633505113959968,0.11424229096848644,0.14584839867349447,0.07395556740193342
hashing,linux,0.1,0.05,unweighted_mondrian,0.4312577833125779,0.0,4.312577833125778,0.7028551258922269,0.2971448741077731,0.09633505113959968,0.11424229096848644,0.14584839867349447,0.07395556740193342
hashing,linux,0.1,0.05,vultriage_full_gate_clip_20,0.0,0.0,0.0,0.0,1.0,0.09633505113959968,0.11424229096848644,0.14584839867349447,0.07395556740193342
hashing,linux,0.1,0.1,estimated_weight_no_gate_clip_20,0.11419676214196761,0.0,1.1419676214196761,0.4399560749862735,0.5600439250137266,0.09633505113959968,0.11424229096848644,0.14584839867349447,0.07395556740193342
hashing,linux,0.1,0.1,unweighted_mondrian,0.4312577833125779,0.0,4.312577833125778,0.7255706329908228,0.2744293670091772,0.09633505113959968,0.11424229096848644,0.14584839867349447,0.07395556740193342
hashing,linux,0.1,0.1,vultriage_full_gate_clip_20,0.0,0.0,0.0,0.0,1.0,0.09633505113959968,0.11424229096848644,0.14584839867349447,0.07395556740193342
hashing,linux,0.1,0.2,estimated_weight_no_gate_clip_20,0.11419676214196761,0.005904905407667837,1.1419676214196761,0.5626166758177111,0.4373833241822888,0.09633505113959968,0.11424229096848644,0.14584839867349447,0.07395556740193342
hashing,linux,0.1,0.2,unweighted_mondrian,0.4312577833125779,0.0,4.312577833125778,0.7840301200094124,0.2159698799905875,0.09633505113959968,0.11424229096848644,0.14584839867349447,0.07395556740193342
hashing,linux,0.1,0.2,vultriage_full_gate_clip_20,0.0,0.0,0.0,0.0,1.0,0.09633505113959968,0.11424229096848644,0.14584839867349447,0.07395556740193342
hashing,mongo,0.01,0.05,estimated_weight_no_gate_clip_20,0.0,0.0,0.0,0.026139294926913154,0.9738607050730869,0.11609456686673125,0.09480496949260239,0.18999063974778793,0.14678364472313157
hashing,mongo,0.01,0.05,unweighted_mondrian,0.0017037037037037034,0.0,0.17037037037037034,0.12588134135855547,0.8741186586414444,0.11609456686673125,0.09480496949260239,0.18999063974778793,0.14678364472313157
hashing,mongo,0.01,0.05,vultriage_full_gate_clip_20,0.0,0.0,0.0,0.0,1.0,0.11609456686673125,0.09480496949260239,0.18999063974778793,0.14678364472313157
hashing,mongo,0.01,0.1,estimated_weight_no_gate_clip_20,0.0,0.0,0.0,0.06758383490971624,0.9324161650902838,0.11609456686673125,0.09480496949260239,0.18999063974778793,0.14678364472313157
hashing,mongo,0.01,0.1,unweighted_mondrian,0.0017037037037037034,0.0,0.17037037037037034,0.13843508168529664,0.8615649183147033,0.11609456686673125,0.09480496949260239,0.18999063974778793,0.14678364472313157
hashing,mongo,0.01,0.1,vultriage_full_gate_clip_20,0.0,0.0,0.0,0.0,1.0,0.11609456686673125,0.09480496949260239,0.18999063974778793,0.14678364472313157
hashing,mongo,0.01,0.2,estimated_weight_no_gate_clip_20,0.0,0.0,0.0,0.17841788478073947,0.8215821152192605,0.11609456686673125,0.09480496949260239,0.18999063974778793,0.14678364472313157
hashing,mongo,0.01,0.2,unweighted_mondrian,0.0017037037037037034,0.0,0.17037037037037034,0.19458297506448838,0.8054170249355117,0.11609456686673125,0.09480496949260239,0.18999063974778793,0.14678364472313157
hashing,mongo,0.01,0.2,vultriage_full_gate_clip_20,0.0,0.0,0.0,0.0,1.0,0.11609456686673125,0.09480496949260239,0.18999063974778793,0.14678364472313157
hashing,mongo,0.05,0.05,estimated_weight_no_gate_clip_20,0.01444444444444444,0.0,0.2888888888888888,0.1712811693895099,0.8287188306104902,0.11609456686673125,0.09480496949260239,0.18999063974778793,0.14678364472313157
hashing,mongo,0.05,0.05,unweighted_mondrian,0.2185185185185185,0.0,4.37037037037037,0.43852106620808257,0.5614789337919175,0.11609456686673125,0.09480496949260239,0.18999063974778793,0.14678364472313157
hashing,mongo,0.05,0.05,vultriage_full_gate_clip_20,0.0,0.0,0.0,0.0,1.0,0.11609456686673125,0.09480496949260239,0.18999063974778793,0.14678364472313157
hashing,mongo,0.05,0.1,estimated_weight_no_gate_clip_20,0.01444444444444444,0.0,0.2888888888888888,0.212725709372313,0.7872742906276871,0.11609456686673125,0.09480496949260239,0.18999063974778793,0.14678364472313157
hashing,mongo,0.05,0.1,unweighted_mondrian,0.2185185185185185,0.0,4.37037037037037,0.45107480653482374,0.5489251934651762,0.11609456686673125,0.09480496949260239,0.18999063974778793,0.14678364472313157
hashing,mongo,0.05,0.1,vultriage_full_gate_clip_20,0.0,0.0,0.0,0.0,1.0,0.11609456686673125,0.09480496949260239,0.18999063974778793,0.14678364472313157
hashing,mongo,0.05,0.2,estimated_weight_no_gate_clip_20,0.01444444444444444,0.0,0.2888888888888888,0.3235597592433362,0.6764402407566638,0.11609456686673125,0.09480496949260239,0.18999063974778793,0.14678364472313157
hashing,mongo,0.05,0.2,unweighted_mondrian,0.2185185185185185,0.0,4.37037037037037,0.5072226999140155,0.4927773000859846,0.11609456686673125,0.09480496949260239,0.18999063974778793,0.14678364472313157
hashing,mongo,0.05,0.2,vultriage_full_gate_clip_20,0.0,0.0,0.0,0.0,1.0,0.11609456686673125,0.09480496949260239,0.18999063974778793,0.14678364472313157
hashing,mongo,0.1,0.05,estimated_weight_no_gate_clip_20,0.1222222222222222,0.0,1.222222222222222,0.3727429062768702,0.6272570937231299,0.11609456686673125,0.09480496949260239,0.18999063974778793,0.14678364472313157
hashing,mongo,0.1,0.05,unweighted_mondrian,0.31666666666666665,0.0,3.1666666666666665,0.6302665520206363,0.36973344797936375,0.11609456686673125,0.09480496949260239,0.18999063974778793,0.14678364472313157
hashing,mongo,0.1,0.05,vultriage_full_gate_clip_20,0.0,0.0,0.0,0.0,1.0,0.11609456686673125,0.09480496949260239,0.18999063974778793,0.14678364472313157
hashing,mongo,0.1,0.1,estimated_weight_no_gate_clip_20,0.1222222222222222,0.0,1.222222222222222,0.4141874462596733,0.5858125537403268,0.11609456686673125,0.09480496949260239,0.18999063974778793,0.14678364472313157
hashing,mongo,0.1,0.1,unweighted_mondrian,0.31666666666666665,0.0,3.1666666666666665,0.6428202923473775,0.3571797076526225,0.11609456686673125,0.09480496949260239,0.18999063974778793,0.14678364472313157
hashing,mongo,0.1,0.1,vultriage_full_gate_clip_20,0.0,0.0,0.0,0.0,1.0,0.11609456686673125,0.09480496949260239,0.18999063974778793,0.14678364472313157
hashing,mongo,0.1,0.2,estimated_weight_no_gate_clip_20,0.1222222222222222,0.0,1.222222222222222,0.5250214961306965,0.47497850386930357,0.11609456686673125,0.09480496949260239,0.18999063974778793,0.14678364472313157
hashing,mongo,0.1,0.2,unweighted_mondrian,0.31666666666666665,0.0,3.1666666666666665,0.6989681857265693,0.3010318142734308,0.11609456686673125,0.09480496949260239,0.18999063974778793,0.14678364472313157
hashing,mongo,0.1,0.2,vultriage_full_gate_clip_20,0.0,0.0,0.0,0.0,1.0,0.11609456686673125,0.09480496949260239,0.18999063974778793,0.14678364472313157
hashing,mysql-server,0.01,0.05,estimated_weight_no_gate_clip_20,0.0,0.007280385078219011,0.14560770156438022,0.06504347826086956,0.9349565217391305,0.1095629804026765,0.12745097800966917,0.18609397590131885,0.19180473082245122
hashing,mysql-server,0.01,0.05,unweighted_mondrian,0.009047619047619046,0.0,0.9047619047619045,0.2540869565217391,0.7459130434782608,0.1095629804026765,0.12745097800966917,0.18609397590131885,0.19180473082245122
hashing,mysql-server,0.01,0.05,vultriage_full_gate_clip_20,0.0,0.007280385078219011,0.14560770156438022,0.06504347826086956,0.9349565217391305,0.1095629804026765,0.12745097800966917,0.18609397590131885,0.19180473082245122
hashing,mysql-server,0.01,0.1,estimated_weight_no_gate_clip_20,0.0,0.014019253910950658,0.14019253910950658,0.12660869565217392,0.8733913043478261,0.1095629804026765,0.12745097800966917,0.18609397590131885,0.19180473082245122
hashing,mysql-server,0.01,0.1,unweighted_mondrian,0.009047619047619046,0.0,0.9047619047619045,0.3011594202898551,0.6988405797101449,0.1095629804026765,0.12745097800966917,0.18609397590131885,0.19180473082245122
hashing,mysql-server,0.01,0.1,vultriage_full_gate_clip_20,0.0,0.014019253910950658,0.14019253910950658,0.12660869565217392,0.8733913043478261,0.1095629804026765,0.12745097800966917,0.18609397590131885,0.19180473082245122
hashing,mysql-server,0.01,0.2,estimated_weight_no_gate_clip_20,0.0,0.003766546329723225,0.018832731648616124,0.22139130434782608,0.7786086956521739,0.1095629804026765,0.12745097800966917,0.18609397590131885,0.19180473082245122
hashing,mysql-server,0.01,0.2,unweighted_mondrian,0.009047619047619046,0.0,0.9047619047619045,0.3847536231884058,0.6152463768115942,0.1095629804026765,0.12745097800966917,0.18609397590131885,0.19180473082245122
hashing,mysql-server,0.01,0.2,vultriage_full_gate_clip_20,0.0,0.003766546329723225,0.018832731648616124,0.22139130434782608,0.7786086956521739,0.1095629804026765,0.12745097800966917,0.18609397590131885,0.19180473082245122
hashing,mysql-server,0.05,0.05,estimated_weight_no_gate_clip_20,0.0,0.007280385078219011,0.14560770156438022,0.3106086956521739,0.689391304347826,0.1095629804026765,0.12745097800966917,0.18609397590131885,0.19180473082245122
hashing,mysql-server,0.05,0.05,unweighted_mondrian,0.02777777777777777,0.0,0.5555555555555554,0.5418550724637681,0.45814492753623187,0.1095629804026765,0.12745097800966917,0.18609397590131885,0.19180473082245122
hashing,mysql-server,0.05,0.05,vultriage_full_gate_clip_20,0.0,0.007280385078219011,0.14560770156438022,0.3106086956521739,0.689391304347826,0.1095629804026765,0.12745097800966917,0.18609397590131885,0.19180473082245122
hashing,mysql-server,0.05,0.1,estimated_weight_no_gate_clip_20,0.0,0.014019253910950658,0.14019253910950658,0.3721739130434783,0.6278260869565218,0.1095629804026765,0.12745097800966917,0.18609397590131885,0.19180473082245122
hashing,mysql-server,0.05,0.1,unweighted_mondrian,0.02777777777777777,0.0,0.5555555555555554,0.5889275362318841,0.41107246376811596,0.1095629804026765,0.12745097800966917,0.18609397590131885,0.19180473082245122
hashing,mysql-server,0.05,0.1,vultriage_full_gate_clip_20,0.0,0.014019253910950658,0.14019253910950658,0.3721739130434783,0.6278260869565218,0.1095629804026765,0.12745097800966917,0.18609397590131885,0.19180473082245122
hashing,mysql-server,0.05,0.2,estimated_weight_no_gate_clip_20,0.0,0.003766546329723225,0.018832731648616124,0.46695652173913044,0.5330434782608695,0.1095629804026765,0.12745097800966917,0.18609397590131885,0.19180473082245122
hashing,mysql-server,0.05,0.2,unweighted_mondrian,0.02777777777777777,0.0,0.5555555555555554,0.6725217391304348,0.3274782608695652,0.1095629804026765,0.12745097800966917,0.18609397590131885,0.19180473082245122
hashing,mysql-server,0.05,0.2,vultriage_full_gate_clip_20,0.0,0.003766546329723225,0.018832731648616124,0.46695652173913044,0.5330434782608695,0.1095629804026765,0.12745097800966917,0.18609397590131885,0.19180473082245122
hashing,mysql-server,0.1,0.05,estimated_weight_no_gate_clip_20,0.0,0.007280385078219011,0.14560770156438022,0.5552463768115942,0.44475362318840583,0.1095629804026765,0.12745097800966917,0.18609397590131885,0.19180473082245122
hashing,mysql-server,0.1,0.05,unweighted_mondrian,0.039682539682539666,0.0,0.3968253968253967,0.6585507246376812,0.34144927536231884,0.1095629804026765,0.12745097800966917,0.18609397590131885,0.19180473082245122
hashing,mysql-server,0.1,0.05,vultriage_full_gate_clip_20,0.0,0.007280385078219011,0.14560770156438022,0.5552463768115942,0.44475362318840583,0.1095629804026765,0.12745097800966917,0.18609397590131885,0.19180473082245122
hashing,mysql-server,0.1,0.1,estimated_weight_no_gate_clip_20,0.0,0.014019253910950658,0.14019253910950658,0.6168115942028985,0.38318840579710145,0.1095629804026765,0.12745097800966917,0.18609397590131885,0.19180473082245122
hashing,mysql-server,0.1,0.1,unweighted_mondrian,0.039682539682539666,0.0,0.3968253968253967,0.7056231884057971,0.2943768115942029,0.1095629804026765,0.12745097800966917,0.18609397590131885,0.19180473082245122
hashing,mysql-server,0.1,0.1,vultriage_full_gate_clip_20,0.0,0.014019253910950658,0.14019253910950658,0.6168115942028985,0.38318840579710145,0.1095629804026765,0.12745097800966917,0.18609397590131885,0.19180473082245122
hashing,mysql-server,0.1,0.2,estimated_weight_no_gate_clip_20,0.0,0.003766546329723225,0.018832731648616124,0.7115942028985508,0.28840579710144926,0.1095629804026765,0.12745097800966917,0.18609397590131885,0.19180473082245122
hashing,mysql-server,0.1,0.2,unweighted_mondrian,0.039682539682539666,0.0,0.3968253968253967,0.7892173913043479,0.21078260869565218,0.1095629804026765,0.12745097800966917,0.18609397590131885,0.19180473082245122
hashing,mysql-server,0.1,0.2,vultriage_full_gate_clip_20,0.0,0.003766546329723225,0.018832731648616124,0.7115942028985508,0.28840579710144926,0.1095629804026765,0.12745097800966917,0.18609397590131885,0.19180473082245122
hashing,net,0.01,0.05,estimated_weight_no_gate_clip_20,0.0,0.0,0.0,0.09667590027700831,0.9033240997229918,0.10194331706938184,0.16050485070153725,0.17802891782506242,0.16291072884023863
hashing,net,0.01,0.05,unweighted_mondrian,0.023846153846153847,0.0,2.3846153846153846,0.16011080332409972,0.8398891966759002,0.10194331706938184,0.16050485070153725,0.17802891782506242,0.16291072884023863
hashing,net,0.01,0.05,vultriage_full_gate_clip_20,0.0,0.0,0.0,0.09667590027700831,0.9033240997229918,0.10194331706938184,0.16050485070153725,0.17802891782506242,0.16291072884023863
hashing,net,0.01,0.1,estimated_weight_no_gate_clip_20,0.0,0.0,0.0,0.1281163434903047,0.8718836565096953,0.10194331706938184,0.16050485070153725,0.17802891782506242,0.16291072884023863
hashing,net,0.01,0.1,unweighted_mondrian,0.023846153846153847,0.0,2.3846153846153846,0.20720221606648198,0.7927977839335181,0.10194331706938184,0.16050485070153725,0.17802891782506242,0.16291072884023863
hashing,net,0.01,0.1,vultriage_full_gate_clip_20,0.0,0.0,0.0,0.1281163434903047,0.8718836565096953,0.10194331706938184,0.16050485070153725,0.17802891782506242,0.16291072884023863
hashing,net,0.01,0.2,estimated_weight_no_gate_clip_20,0.0,0.0,0.0,0.20443213296398893,0.7955678670360111,0.10194331706938184,0.16050485070153725,0.17802891782506242,0.16291072884023863
hashing,net,0.01,0.2,unweighted_mondrian,0.023846153846153847,0.0,2.3846153846153846,0.30997229916897506,0.6900277008310249,0.10194331706938184,0.16050485070153725,0.17802891782506242,0.16291072884023863
hashing,net,0.01,0.2,vultriage_full_gate_clip_20,0.0,0.0,0.0,0.20443213296398893,0.7955678670360111,0.10194331706938184,0.16050485070153725,0.17802891782506242,0.16291072884023863
hashing,net,0.05,0.05,estimated_weight_no_gate_clip_20,0.048461538461538466,0.0,0.9692307692307691,0.27825484764542935,0.7217451523545707,0.10194331706938184,0.16050485070153725,0.17802891782506242,0.16291072884023863
hashing,net,0.05,0.05,unweighted_mondrian,0.10384615384615385,0.0,2.076923076923077,0.3973684210526316,0.6026315789473684,0.10194331706938184,0.16050485070153725,0.17802891782506242,0.16291072884023863
hashing,net,0.05,0.05,vultriage_full_gate_clip_20,0.048461538461538466,0.0,0.9692307692307691,0.27825484764542935,0.7217451523545707,0.10194331706938184,0.16050485070153725,0.17802891782506242,0.16291072884023863
hashing,net,0.05,0.1,estimated_weight_no_gate_clip_20,0.048461538461538466,0.0,0.9692307692307691,0.30969529085872577,0.6903047091412742,0.10194331706938184,0.16050485070153725,0.17802891782506242,0.16291072884023863
hashing,net,0.05,0.1,unweighted_mondrian,0.10384615384615385,0.0,2.076923076923077,0.4444598337950138,0.5555401662049861,0.10194331706938184,0.16050485070153725,0.17802891782506242,0.16291072884023863
hashing,net,0.05,0.1,vultriage_full_gate_clip_20,0.048461538461538466,0.0,0.9692307692307691,0.30969529085872577,0.6903047091412742,0.10194331706938184,0.16050485070153725,0.17802891782506242,0.16291072884023863
hashing,net,0.05,0.2,estimated_weight_no_gate_clip_20,0.048461538461538466,0.0,0.9692307692307691,0.38601108033241,0.6139889196675901,0.10194331706938184,0.16050485070153725,0.17802891782506242,0.16291072884023863
hashing,net,0.05,0.2,unweighted_mondrian,0.10384615384615385,0.0,2.076923076923077,0.5472299168975069,0.4527700831024931,0.10194331706938184,0.16050485070153725,0.17802891782506242,0.16291072884023863
hashing,net,0.05,0.2,vultriage_full_gate_clip_20,0.048461538461538466,0.0,0.9692307692307691,0.38601108033241,0.6139889196675901,0.10194331706938184,0.16050485070153725,0.17802891782506242,0.16291072884023863
hashing,net,0.1,0.05,estimated_weight_no_gate_clip_20,0.07230769230769232,0.0,0.7230769230769231,0.5234072022160665,0.47659279778393354,0.10194331706938184,0.16050485070153725,0.17802891782506242,0.16291072884023863
hashing,net,0.1,0.05,unweighted_mondrian,0.07230769230769232,0.0,0.7230769230769231,0.5538781163434903,0.4461218836565097,0.10194331706938184,0.16050485070153725,0.17802891782506242,0.16291072884023863
hashing,net,0.1,0.05,vultriage_full_gate_clip_20,0.07230769230769232,0.0,0.7230769230769231,0.5234072022160665,0.47659279778393354,0.10194331706938184,0.16050485070153725,0.17802891782506242,0.16291072884023863
hashing,net,0.1,0.1,estimated_weight_no_gate_clip_20,0.07230769230769232,0.0,0.7230769230769231,0.5548476454293629,0.44515235457063707,0.10194331706938184,0.16050485070153725,0.17802891782506242,0.16291072884023863
hashing,net,0.1,0.1,unweighted_mondrian,0.07230769230769232,0.0,0.7230769230769231,0.6009695290858726,0.3990304709141274,0.10194331706938184,0.16050485070153725,0.17802891782506242,0.16291072884023863
hashing,net,0.1,0.1,vultriage_full_gate_clip_20,0.07230769230769232,0.0,0.7230769230769231,0.5548476454293629,0.44515235457063707,0.10194331706938184,0.16050485070153725,0.17802891782506242,0.16291072884023863
hashing,net,0.1,0.2,estimated_weight_no_gate_clip_20,0.07230769230769232,0.0,0.7230769230769231,0.631163434903047,0.3688365650969529,0.10194331706938184,0.16050485070153725,0.17802891782506242,0.16291072884023863
hashing,net,0.1,0.2,unweighted_mondrian,0.07230769230769232,0.0,0.7230769230769231,0.7037396121883657,0.29626038781163433,0.10194331706938184,0.16050485070153725,0.17802891782506242,0.16291072884023863
hashing,net,0.1,0.2,vultriage_full_gate_clip_20,0.07230769230769232,0.0,0.7230769230769231,0.631163434903047,0.3688365650969529,0.10194331706938184,0.16050485070153725,0.17802891782506242,0.16291072884023863
hashing,openssl,0.01,0.05,estimated_weight_no_gate_clip_20,0.0010955414012738854,0.03166479190101237,0.6332958380202474,0.12700436095270046,0.8729956390472996,0.24443653890483819,0.23579274486151736,0.2849025515070621,0.19101912260089407
hashing,openssl,0.01,0.05,unweighted_mondrian,0.009108280254777069,0.04336332958380203,1.0802734053147813,0.18188527339818852,0.8181147266018115,0.24443653890483819,0.23579274486151736,0.2849025515070621,0.19101912260089407
hashing,openssl,0.01,0.05,vultriage_full_gate_clip_20,0.0010955414012738854,0.03166479190101237,0.6332958380202474,0.12700436095270046,0.8729956390472996,0.24443653890483819,0.23579274486151736,0.2849025515070621,0.19101912260089407
hashing,openssl,0.01,0.1,estimated_weight_no_gate_clip_20,0.0010955414012738854,0.047206599175103114,0.4720659917510311,0.1987252599798725,0.8012747400201274,0.24443653890483819,0.23579274486151736,0.2849025515070621,0.19101912260089407
hashing,openssl,0.01,0.1,unweighted_mondrian,0.009108280254777069,0.06790401199850019,1.0049961907627787,0.2625293525662529,0.737470647433747,0.24443653890483819,0.23579274486151736,0.2849025515070621,0.19101912260089407
hashing,openssl,0.01,0.1,vultriage_full_gate_clip_20,0.0010955414012738854,0.047206599175103114,0.4720659917510311,0.1987252599798725,0.8012747400201274,0.24443653890483819,0.23579274486151736,0.2849025515070621,0.19101912260089407
hashing,openssl,0.01,0.2,estimated_weight_no_gate_clip_20,0.0010955414012738854,0.05369328833895761,0.26846644169478806,0.30734652801073464,0.6926534719892653,0.24443653890483819,0.23579274486151736,0.2849025515070621,0.19101912260089407
hashing,openssl,0.01,0.2,unweighted_mondrian,0.009108280254777069,0.07754030746156729,0.928641881548246,0.37329755115732977,0.6267024488426702,0.24443653890483819,0.23579274486151736,0.2849025515070621,0.19101912260089407
hashing,openssl,0.01,0.2,vultriage_full_gate_clip_20,0.0010955414012738854,0.05369328833895761,0.26846644169478806,0.30734652801073464,0.6926534719892653,0.24443653890483819,0.23579274486151736,0.2849025515070621,0.19101912260089407
hashing,openssl,0.05,0.05,estimated_weight_no_gate_clip_20,0.04490445859872612,0.03166479190101237,0.8980891719745223,0.3176786313317678,0.6823213686682321,0.24443653890483819,0.23579274486151736,0.2849025515070621,0.19101912260089407
hashing,openssl,0.05,0.05,unweighted_mondrian,0.0589171974522293,0.04336332958380203,1.178343949044586,0.40033545790003355,0.5996645420999664,0.24443653890483819,0.23579274486151736,0.2849025515070621,0.19101912260089407
hashing,openssl,0.05,0.05,vultriage_full_gate_clip_20,0.04490445859872612,0.03166479190101237,0.8980891719745223,0.3176786313317678,0.6823213686682321,0.24443653890483819,0.23579274486151736,0.2849025515070621,0.19101912260089407
hashing,openssl,0.05,0.1,estimated_weight_no_gate_clip_20,0.04490445859872612,0.047206599175103114,0.8980891719745223,0.3893995303589399,0.6106004696410601,0.24443653890483819,0.23579274486151736,0.2849025515070621,0.19101912260089407
hashing,openssl,0.05,0.1,unweighted_mondrian,0.0589171974522293,0.06790401199850019,1.178343949044586,0.48097953706809793,0.5190204629319021,0.24443653890483819,0.23579274486151736,0.2849025515070621,0.19101912260089407
hashing,openssl,0.05,0.1,vultriage_full_gate_clip_20,0.04490445859872612,0.047206599175103114,0.8980891719745223,0.3893995303589399,0.6106004696410601,0.24443653890483819,0.23579274486151736,0.2849025515070621,0.19101912260089407
hashing,openssl,0.05,0.2,estimated_weight_no_gate_clip_20,0.04490445859872612,0.05369328833895761,0.8980891719745223,0.49802079838980207,0.5019792016101979,0.24443653890483819,0.23579274486151736,0.2849025515070621,0.19101912260089407
hashing,openssl,0.05,0.2,unweighted_mondrian,0.0589171974522293,0.07754030746156729,1.178343949044586,0.5917477356591748,0.4082522643408252,0.24443653890483819,0.23579274486151736,0.2849025515070621,0.19101912260089407
hashing,openssl,0.05,0.2,vultriage_full_gate_clip_20,0.04490445859872612,0.05369328833895761,0.8980891719745223,0.49802079838980207,0.5019792016101979,0.24443653890483819,0.23579274486151736,0.2849025515070621,0.19101912260089407
hashing,openssl,0.1,0.05,estimated_weight_no_gate_clip_20,0.07515923566878979,0.03166479190101237,0.7604694317668889,0.4939282120093928,0.5060717879906071,0.24443653890483819,0.23579274486151736,0.2849025515070621,0.19101912260089407
hashing,openssl,0.1,0.05,unweighted_mondrian,0.08535031847133757,0.04336332958380203,0.943802406864747,0.547869842334787,0.452130157665213,0.24443653890483819,0.23579274486151736,0.2849025515070621,0.19101912260089407
hashing,openssl,0.1,0.05,vultriage_full_gate_clip_20,0.07515923566878979,0.03166479190101237,0.7604694317668889,0.4939282120093928,0.5060717879906071,0.24443653890483819,0.23579274486151736,0.2849025515070621,0.19101912260089407
hashing,openssl,0.1,0.1,estimated_weight_no_gate_clip_20,0.07515923566878979,0.047206599175103114,0.751592356687898,0.5656491110365649,0.4343508889634351,0.24443653890483819,0.23579274486151736,0.2849025515070621,0.19101912260089407
hashing,openssl,0.1,0.1,unweighted_mondrian,0.08535031847133757,0.06790401199850019,0.8612601768727952,0.6285139215028515,0.3714860784971486,0.24443653890483819,0.23579274486151736,0.2849025515070621,0.19101912260089407
hashing,openssl,0.1,0.1,vultriage_full_gate_clip_20,0.07515923566878979,0.047206599175103114,0.751592356687898,0.5656491110365649,0.4343508889634351,0.24443653890483819,0.23579274486151736,0.2849025515070621,0.19101912260089407
hashing,openssl,0.1,0.2,estimated_weight_no_gate_clip_20,0.07515923566878979,0.05369328833895761,0.751592356687898,0.674270379067427,0.32572962093257296,0.24443653890483819,0.23579274486151736,0.2849025515070621,0.19101912260089407
hashing,openssl,0.1,0.2,unweighted_mondrian,0.08535031847133757,0.07754030746156729,0.8535031847133757,0.7392821200939282,0.26071787990607176,0.24443653890483819,0.23579274486151736,0.2849025515070621,0.19101912260089407
hashing,openssl,0.1,0.2,vultriage_full_gate_clip_20,0.07515923566878979,0.05369328833895761,0.751592356687898,0.674270379067427,0.32572962093257296,0.24443653890483819,0.23579274486151736,0.2849025515070621,0.19101912260089407
hashing,php,0.01,0.05,estimated_weight_no_gate_clip_20,0.0,0.0,0.0,0.03762517882689557,0.9623748211731045,0.16357851704202933,0.15172656390022687,0.24917980658264435,0.1935518085431904
hashing,php,0.01,0.05,unweighted_mondrian,0.0072588832487309645,0.0,0.7258883248730964,0.10371959942775393,0.8962804005722461,0.16357851704202933,0.15172656390022687,0.24917980658264435,0.1935518085431904
hashing,php,0.01,0.05,vultriage_full_gate_clip_20,0.0,0.0,0.0,0.03762517882689557,0.9623748211731045,0.16357851704202933,0.15172656390022687,0.24917980658264435,0.1935518085431904
hashing,php,0.01,0.1,estimated_weight_no_gate_clip_20,0.0,0.0,0.0,0.06444921316165951,0.9355507868383406,0.16357851704202933,0.15172656390022687,0.24917980658264435,0.1935518085431904
hashing,php,0.01,0.1,unweighted_mondrian,0.0072588832487309645,0.0,0.7258883248730964,0.14234620886981403,0.857653791130186,0.16357851704202933,0.15172656390022687,0.24917980658264435,0.1935518085431904
hashing,php,0.01,0.1,vultriage_full_gate_clip_20,0.0,0.0,0.0,0.06444921316165951,0.9355507868383406,0.16357851704202933,0.15172656390022687,0.24917980658264435,0.1935518085431904
hashing,php,0.01,0.2,estimated_weight_no_gate_clip_20,0.0,0.0,0.0,0.15128755364806867,0.8487124463519313,0.16357851704202933,0.15172656390022687,0.24917980658264435,0.1935518085431904
hashing,php,0.01,0.2,unweighted_mondrian,0.0072588832487309645,0.0,0.7258883248730964,0.24091559370529328,0.7590844062947066,0.16357851704202933,0.15172656390022687,0.24917980658264435,0.1935518085431904
hashing,php,0.01,0.2,vultriage_full_gate_clip_20,0.0,0.0,0.0,0.15128755364806867,0.8487124463519313,0.16357851704202933,0.15172656390022687,0.24917980658264435,0.1935518085431904
hashing,php,0.05,0.05,estimated_weight_no_gate_clip_20,0.009898477157360405,0.0,0.1979695431472081,0.17939914163090126,0.8206008583690988,0.16357851704202933,0.15172656390022687,0.24917980658264435,0.1935518085431904
hashing,php,0.05,0.05,unweighted_mondrian,0.03832487309644669,0.0,0.7664974619289339,0.3660228898426323,0.6339771101573677,0.16357851704202933,0.15172656390022687,0.24917980658264435,0.1935518085431904
hashing,php,0.05,0.05,vultriage_full_gate_clip_20,0.009898477157360405,0.0,0.1979695431472081,0.17939914163090126,0.8206008583690988,0.16357851704202933,0.15172656390022687,0.24917980658264435,0.1935518085431904
hashing,php,0.05,0.1,estimated_weight_no_gate_clip_20,0.009898477157360405,0.0,0.1979695431472081,0.20622317596566525,0.7937768240343347,0.16357851704202933,0.15172656390022687,0.24917980658264435,0.1935518085431904
hashing,php,0.05,0.1,unweighted_mondrian,0.03832487309644669,0.0,0.7664974619289339,0.4046494992846924,0.5953505007153076,0.16357851704202933,0.15172656390022687,0.24917980658264435,0.1935518085431904
hashing,php,0.05,0.1,vultriage_full_gate_clip_20,0.009898477157360405,0.0,0.1979695431472081,0.20622317596566525,0.7937768240343347,0.16357851704202933,0.15172656390022687,0.24917980658264435,0.1935518085431904
hashing,php,0.05,0.2,estimated_weight_no_gate_clip_20,0.009898477157360405,0.0,0.1979695431472081,0.2930615164520744,0.7069384835479255,0.16357851704202933,0.15172656390022687,0.24917980658264435,0.1935518085431904
hashing,php,0.05,0.2,unweighted_mondrian,0.03832487309644669,0.0,0.7664974619289339,0.5032188841201717,0.4967811158798283,0.16357851704202933,0.15172656390022687,0.24917980658264435,0.1935518085431904
hashing,php,0.05,0.2,vultriage_full_gate_clip_20,0.009898477157360405,0.0,0.1979695431472081,0.2930615164520744,0.7069384835479255,0.16357851704202933,0.15172656390022687,0.24917980658264435,0.1935518085431904
hashing,php,0.1,0.05,estimated_weight_no_gate_clip_20,0.04213197969543146,0.0,0.42131979695431465,0.4371959942775393,0.5628040057224607,0.16357851704202933,0.15172656390022687,0.24917980658264435,0.1935518085431904
hashing,php,0.1,0.05,unweighted_mondrian,0.09390862944162436,0.0,0.9390862944162436,0.517238912732475,0.48276108726752504,0.16357851704202933,0.15172656390022687,0.24917980658264435,0.1935518085431904
hashing,php,0.1,0.05,vultriage_full_gate_clip_20,0.04213197969543146,0.0,0.42131979695431465,0.4371959942775393,0.5628040057224607,0.16357851704202933,0.15172656390022687,0.24917980658264435,0.1935518085431904
hashing,php,0.1,0.1,estimated_weight_no_gate_clip_20,0.04213197969543146,0.0,0.42131979695431465,0.4640200286123033,0.5359799713876967,0.16357851704202933,0.15172656390022687,0.24917980658264435,0.1935518085431904
hashing,php,0.1,0.1,unweighted_mondrian,0.09390862944162436,0.0,0.9390862944162436,0.5558655221745351,0.4441344778254649,0.16357851704202933,0.15172656390022687,0.24917980658264435,0.1935518085431904
hashing,php,0.1,0.1,vultriage_full_gate_clip_20,0.04213197969543146,0.0,0.42131979695431465,0.4640200286123033,0.5359799713876967,0.16357851704202933,0.15172656390022687,0.24917980658264435,0.1935518085431904
hashing,php,0.1,0.2,estimated_weight_no_gate_clip_20,0.04213197969543146,0.0,0.42131979695431465,0.5508583690987124,0.44914163090128756,0.16357851704202933,0.15172656390022687,0.24917980658264435,0.1935518085431904
hashing,php,0.1,0.2,unweighted_mondrian,0.09390862944162436,0.0,0.9390862944162436,0.6544349070100143,0.3455650929899857,0.16357851704202933,0.15172656390022687,0.24917980658264435,0.1935518085431904
hashing,php,0.1,0.2,vultriage_full_gate_clip_20,0.04213197969543146,0.0,0.42131979695431465,0.5508583690987124,0.44914163090128756,0.16357851704202933,0.15172656390022687,0.24917980658264435,0.1935518085431904
hashing,postgres,0.01,0.05,estimated_weight_no_gate_clip_20,0.0,0.0,0.0,0.056132075471698115,0.9438679245283019,0.1395963445972766,0.1749949764259356,0.19889867136592307,0.18549307314786706
hashing,postgres,0.01,0.05,unweighted_mondrian,0.005384615384615385,0.0,0.5384615384615385,0.10652515723270439,0.8934748427672956,0.1395963445972766,0.1749949764259356,0.19889867136592307,0.18549307314786706
hashing,postgres,0.01,0.05,vultriage_full_gate_clip_20,0.0,0.0,0.0,0.056132075471698115,0.9438679245283019,0.1395963445972766,0.1749949764259356,0.19889867136592307,0.18549307314786706
hashing,postgres,0.01,0.1,estimated_weight_no_gate_clip_20,0.0,0.000546810273405135,0.00546810273405135,0.11635220125786164,0.8836477987421384,0.1395963445972766,0.1749949764259356,0.19889867136592307,0.18549307314786706
hashing,postgres,0.01,0.1,unweighted_mondrian,0.005384615384615385,0.0003976801988400974,0.5384615384615385,0.16792452830188678,0.8320754716981131,0.1395963445972766,0.1749949764259356,0.19889867136592307,0.18549307314786706
hashing,postgres,0.01,0.1,vultriage_full_gate_clip_20,0.0,0.000546810273405135,0.00546810273405135,0.11635220125786164,0.8836477987421384,0.1395963445972766,0.1749949764259356,0.19889867136592307,0.18549307314786706
hashing,postgres,0.01,0.2,estimated_weight_no_gate_clip_20,0.0,0.008682684341342162,0.04341342170671081,0.23553459119496853,0.7644654088050314,0.1395963445972766,0.1749949764259356,0.19889867136592307,0.18549307314786706
hashing,postgres,0.01,0.2,unweighted_mondrian,0.005384615384615385,0.013487986743993364,0.5384615384615385,0.2922169811320755,0.7077830188679245,0.1395963445972766,0.1749949764259356,0.19889867136592307,0.18549307314786706
hashing,postgres,0.01,0.2,vultriage_full_gate_clip_20,0.0,0.008682684341342162,0.04341342170671081,0.23553459119496853,0.7644654088050314,0.1395963445972766,0.1749949764259356,0.19889867136592307,0.18549307314786706
hashing,postgres,0.05,0.05,estimated_weight_no_gate_clip_20,0.0,0.0,0.0,0.18081761006289307,0.8191823899371069,0.1395963445972766,0.1749949764259356,0.19889867136592307,0.18549307314786706
hashing,postgres,0.05,0.05,unweighted_mondrian,0.03461538461538462,0.0,0.6923076923076923,0.4093553459119497,0.5906446540880503,0.1395963445972766,0.1749949764259356,0.19889867136592307,0.18549307314786706
hashing,postgres,0.05,0.05,vultriage_full_gate_clip_20,0.0,0.0,0.0,0.18081761006289307,0.8191823899371069,0.1395963445972766,0.1749949764259356,0.19889867136592307,0.18549307314786706
hashing,postgres,0.05,0.1,estimated_weight_no_gate_clip_20,0.0,0.000546810273405135,0.00546810273405135,0.2410377358490566,0.7589622641509435,0.1395963445972766,0.1749949764259356,0.19889867136592307,0.18549307314786706
hashing,postgres,0.05,0.1,unweighted_mondrian,0.03461538461538462,0.0003976801988400974,0.6923076923076923,0.470754716981132,0.529245283018868,0.1395963445972766,0.1749949764259356,0.19889867136592307,0.18549307314786706
hashing,postgres,0.05,0.1,vultriage_full_gate_clip_20,0.0,0.000546810273405135,0.00546810273405135,0.2410377358490566,0.7589622641509435,0.1395963445972766,0.1749949764259356,0.19889867136592307,0.18549307314786706
hashing,postgres,0.05,0.2,estimated_weight_no_gate_clip_20,0.0,0.008682684341342162,0.04341342170671081,0.3602201257861635,0.6397798742138365,0.1395963445972766,0.1749949764259356,0.19889867136592307,0.18549307314786706
hashing,postgres,0.05,0.2,unweighted_mondrian,0.03461538461538462,0.013487986743993364,0.6923076923076923,0.5950471698113208,0.4049528301886792,0.1395963445972766,0.1749949764259356,0.19889867136592307,0.18549307314786706
hashing,postgres,0.05,0.2,vultriage_full_gate_clip_20,0.0,0.008682684341342162,0.04341342170671081,0.3602201257861635,0.6397798742138365,0.1395963445972766,0.1749949764259356,0.19889867136592307,0.18549307314786706
hashing,postgres,0.1,0.05,estimated_weight_no_gate_clip_20,0.02153846153846154,0.0,0.21538461538461542,0.48066037735849054,0.5193396226415095,0.1395963445972766,0.1749949764259356,0.19889867136592307,0.18549307314786706
hashing,postgres,0.1,0.05,unweighted_mondrian,0.04923076923076923,0.0,0.49230769230769234,0.538443396226415,0.46155660377358493,0.1395963445972766,0.1749949764259356,0.19889867136592307,0.18549307314786706
hashing,postgres,0.1,0.05,vultriage_full_gate_clip_20,0.02153846153846154,0.0,0.21538461538461542,0.48066037735849054,0.5193396226415095,0.1395963445972766,0.1749949764259356,0.19889867136592307,0.18549307314786706
hashing,postgres,0.1,0.1,estimated_weight_no_gate_clip_20,0.02153846153846154,0.000546810273405135,0.21538461538461542,0.5408805031446541,0.4591194968553459,0.1395963445972766,0.1749949764259356,0.19889867136592307,0.18549307314786706
hashing,postgres,0.1,0.1,unweighted_mondrian,0.04923076923076923,0.0003976801988400974,0.49230769230769234,0.5998427672955975,0.4001572327044025,0.1395963445972766,0.1749949764259356,0.19889867136592307,0.18549307314786706
hashing,postgres,0.1,0.1,vultriage_full_gate_clip_20,0.02153846153846154,0.000546810273405135,0.21538461538461542,0.5408805031446541,0.4591194968553459,0.1395963445972766,0.1749949764259356,0.19889867136592307,0.18549307314786706
hashing,postgres,0.1,0.2,estimated_weight_no_gate_clip_20,0.02153846153846154,0.008682684341342162,0.21538461538461542,0.660062893081761,0.339937106918239,0.1395963445972766,0.1749949764259356,0.19889867136592307,0.18549307314786706
hashing,postgres,0.1,0.2,unweighted_mondrian,0.04923076923076923,0.013487986743993364,0.49230769230769234,0.7241352201257862,0.2758647798742138,0.1395963445972766,0.1749949764259356,0.19889867136592307,0.18549307314786706
hashing,postgres,0.1,0.2,vultriage_full_gate_clip_20,0.02153846153846154,0.008682684341342162,0.21538461538461542,0.660062893081761,0.339937106918239,0.1395963445972766,0.1749949764259356,0.19889867136592307,0.18549307314786706
hashing,qemu,0.01,0.05,estimated_weight_no_gate_clip_20,0.0,0.0,0.0,0.02627939142461964,0.9737206085753802,0.1630732562287974,0.12914503926263732,0.19632412489596704,0.1035824136104148
hashing,qemu,0.01,0.05,unweighted_mondrian,0.02179487179487179,0.0,2.1794871794871793,0.16551406177962194,0.8344859382203781,0.1630732562287974,0.12914503926263732,0.19632412489596704,0.1035824136104148
hashing,qemu,0.01,0.05,vultriage_full_gate_clip_20,0.0,0.0,0.0,0.0,1.0,0.1630732562287974,0.12914503926263732,0.19632412489596704,0.1035824136104148
hashing,qemu,0.01,0.1,estimated_weight_no_gate_clip_20,0.0,0.0,0.0,0.0516366989396035,0.9483633010603965,0.1630732562287974,0.12914503926263732,0.19632412489596704,0.1035824136104148
hashing,qemu,0.01,0.1,unweighted_mondrian,0.02179487179487179,0.0,2.1794871794871793,0.1868142000922084,0.8131857999077916,0.1630732562287974,0.12914503926263732,0.19632412489596704,0.1035824136104148
hashing,qemu,0.01,0.1,vultriage_full_gate_clip_20,0.0,0.0,0.0,0.0,1.0,0.1630732562287974,0.12914503926263732,0.19632412489596704,0.1035824136104148
hashing,qemu,0.01,0.2,estimated_weight_no_gate_clip_20,0.0,0.0,0.0,0.1269709543568465,0.8730290456431536,0.1630732562287974,0.12914503926263732,0.19632412489596704,0.1035824136104148
hashing,qemu,0.01,0.2,unweighted_mondrian,0.02179487179487179,0.0,2.1794871794871793,0.24619640387275243,0.7538035961272476,0.1630732562287974,0.12914503926263732,0.19632412489596704,0.1035824136104148
hashing,qemu,0.01,0.2,vultriage_full_gate_clip_20,0.0,0.0,0.0,0.0,1.0,0.1630732562287974,0.12914503926263732,0.19632412489596704,0.1035824136104148
hashing,qemu,0.05,0.05,estimated_weight_no_gate_clip_20,0.002307692307692308,0.0,0.046153846153846156,0.17777777777777776,0.8222222222222222,0.1630732562287974,0.12914503926263732,0.19632412489596704,0.1035824136104148
hashing,qemu,0.05,0.05,unweighted_mondrian,0.2166666666666667,0.0,4.333333333333333,0.49644997694790227,0.5035500230520977,0.1630732562287974,0.12914503926263732,0.19632412489596704,0.1035824136104148
hashing,qemu,0.05,0.05,vultriage_full_gate_clip_20,0.0,0.0,0.0,0.0,1.0,0.1630732562287974,0.12914503926263732,0.19632412489596704,0.1035824136104148
hashing,qemu,0.05,0.1,estimated_weight_no_gate_clip_20,0.002307692307692308,0.0,0.046153846153846156,0.20313508529276164,0.7968649147072384,0.1630732562287974,0.12914503926263732,0.19632412489596704,0.1035824136104148
hashing,qemu,0.05,0.1,unweighted_mondrian,0.2166666666666667,0.0,4.333333333333333,0.5177501152604886,0.48224988473951125,0.1630732562287974,0.12914503926263732,0.19632412489596704,0.1035824136104148
hashing,qemu,0.05,0.1,vultriage_full_gate_clip_20,0.0,0.0,0.0,0.0,1.0,0.1630732562287974,0.12914503926263732,0.19632412489596704,0.1035824136104148
hashing,qemu,0.05,0.2,estimated_weight_no_gate_clip_20,0.002307692307692308,0.0,0.046153846153846156,0.2784693407100046,0.7215306592899954,0.1630732562287974,0.12914503926263732,0.19632412489596704,0.1035824136104148
hashing,qemu,0.05,0.2,unweighted_mondrian,0.2166666666666667,0.0,4.333333333333333,0.5771323190410327,0.42286768095896726,0.1630732562287974,0.12914503926263732,0.19632412489596704,0.1035824136104148
hashing,qemu,0.05,0.2,vultriage_full_gate_clip_20,0.0,0.0,0.0,0.0,1.0,0.1630732562287974,0.12914503926263732,0.19632412489596704,0.1035824136104148
hashing,qemu,0.1,0.05,estimated_weight_no_gate_clip_20,0.1594871794871795,0.0,1.5948717948717948,0.5388658367911481,0.461134163208852,0.1630732562287974,0.12914503926263732,0.19632412489596704,0.1035824136104148
hashing,qemu,0.1,0.05,unweighted_mondrian,0.3225641025641025,0.0,3.225641025641025,0.667680958967266,0.33231904103273396,0.1630732562287974,0.12914503926263732,0.19632412489596704,0.1035824136104148
hashing,qemu,0.1,0.05,vultriage_full_gate_clip_20,0.0,0.0,0.0,0.0,1.0,0.1630732562287974,0.12914503926263732,0.19632412489596704,0.1035824136104148
hashing,qemu,0.1,0.1,estimated_weight_no_gate_clip_20,0.1594871794871795,0.0,1.5948717948717948,0.5642231443061319,0.4357768556938682,0.1630732562287974,0.12914503926263732,0.19632412489596704,0.1035824136104148
hashing,qemu,0.1,0.1,unweighted_mondrian,0.3225641025641025,0.0,3.225641025641025,0.6889810972798525,0.31101890272014754,0.1630732562287974,0.12914503926263732,0.19632412489596704,0.1035824136104148
hashing,qemu,0.1,0.1,vultriage_full_gate_clip_20,0.0,0.0,0.0,0.0,1.0,0.1630732562287974,0.12914503926263732,0.19632412489596704,0.1035824136104148
hashing,qemu,0.1,0.2,estimated_weight_no_gate_clip_20,0.1594871794871795,0.0,1.5948717948717948,0.6395573997233749,0.36044260027662517,0.1630732562287974,0.12914503926263732,0.19632412489596704,0.1035824136104148
hashing,qemu,0.1,0.2,unweighted_mondrian,0.3225641025641025,0.0,3.225641025641025,0.7483633010603965,0.2516366989396035,0.1630732562287974,0.12914503926263732,0.19632412489596704,0.1035824136104148
hashing,qemu,0.1,0.2,vultriage_full_gate_clip_20,0.0,0.0,0.0,0.0,1.0,0.1630732562287974,0.12914503926263732,0.19632412489596704,0.1035824136104148
hashing,qpdf,0.01,0.05,estimated_weight_no_gate_clip_20,0.0,0.0030662782228696285,0.06132556445739257,0.07592137592137592,0.9240786240786241,0.29128725303873326,0.1708832255507643,0.37667542300825224,0.24098962159548104
hashing,qpdf,0.01,0.05,unweighted_mondrian,0.0,0.0,0.0,0.11412776412776413,0.8858722358722358,0.29128725303873326,0.1708832255507643,0.37667542300825224,0.24098962159548104
hashing,qpdf,0.01,0.05,vultriage_full_gate_clip_20,0.0,0.0,0.0,0.0,1.0,0.29128725303873326,0.1708832255507643,0.37667542300825224,0.24098962159548104
hashing,qpdf,0.01,0.1,estimated_weight_no_gate_clip_20,0.0,0.013765477057538231,0.1376547705753823,0.1514742014742015,0.8485257985257985,0.29128725303873326,0.1708832255507643,0.37667542300825224,0.24098962159548104
hashing,qpdf,0.01,0.1,unweighted_mondrian,0.0,0.0,0.0,0.15982800982800982,0.8401719901719902,0.29128725303873326,0.1708832255507643,0.37667542300825224,0.24098962159548104
hashing,qpdf,0.01,0.1,vultriage_full_gate_clip_20,0.0,0.0,0.0,0.0,1.0,0.29128725303873326,0.1708832255507643,0.37667542300825224,0.24098962159548104
hashing,qpdf,0.01,0.2,estimated_weight_no_gate_clip_20,0.0,0.02214129643117261,0.11070648215586303,0.27751842751842754,0.7224815724815725,0.29128725303873326,0.1708832255507643,0.37667542300825224,0.24098962159548104
hashing,qpdf,0.01,0.2,unweighted_mondrian,0.0,0.0,0.0,0.26879606879606877,0.7312039312039312,0.29128725303873326,0.1708832255507643,0.37667542300825224,0.24098962159548104
hashing,qpdf,0.01,0.2,vultriage_full_gate_clip_20,0.0,0.0,0.0,0.0,1.0,0.29128725303873326,0.1708832255507643,0.37667542300825224,0.24098962159548104
hashing,qpdf,0.05,0.05,estimated_weight_no_gate_clip_20,0.0,0.0030662782228696285,0.06132556445739257,0.18611793611793612,0.8138820638820639,0.29128725303873326,0.1708832255507643,0.37667542300825224,0.24098962159548104
hashing,qpdf,0.05,0.05,unweighted_mondrian,0.11549019607843139,0.0,2.3098039215686272,0.41744471744471745,0.5825552825552827,0.29128725303873326,0.1708832255507643,0.37667542300825224,0.24098962159548104
hashing,qpdf,0.05,0.05,vultriage_full_gate_clip_20,0.0,0.0,0.0,0.0,1.0,0.29128725303873326,0.1708832255507643,0.37667542300825224,0.24098962159548104
hashing,qpdf,0.05,0.1,estimated_weight_no_gate_clip_20,0.0,0.013765477057538231,0.1376547705753823,0.26167076167076164,0.7383292383292384,0.29128725303873326,0.1708832255507643,0.37667542300825224,0.24098962159548104
hashing,qpdf,0.05,0.1,unweighted_mondrian,0.11549019607843139,0.0,2.3098039215686272,0.4631449631449631,0.5368550368550369,0.29128725303873326,0.1708832255507643,0.37667542300825224,0.24098962159548104
hashing,qpdf,0.05,0.1,vultriage_full_gate_clip_20,0.0,0.0,0.0,0.0,1.0,0.29128725303873326,0.1708832255507643,0.37667542300825224,0.24098962159548104
hashing,qpdf,0.05,0.2,estimated_weight_no_gate_clip_20,0.0,0.02214129643117261,0.11070648215586303,0.38771498771498775,0.6122850122850123,0.29128725303873326,0.1708832255507643,0.37667542300825224,0.24098962159548104
hashing,qpdf,0.05,0.2,unweighted_mondrian,0.11549019607843139,0.0,2.3098039215686272,0.5721130221130222,0.4278869778869779,0.29128725303873326,0.1708832255507643,0.37667542300825224,0.24098962159548104
hashing,qpdf,0.05,0.2,vultriage_full_gate_clip_20,0.0,0.0,0.0,0.0,1.0,0.29128725303873326,0.1708832255507643,0.37667542300825224,0.24098962159548104
hashing,qpdf,0.1,0.05,estimated_weight_no_gate_clip_20,0.0780392156862745,0.0030662782228696285,0.7803921568627451,0.4136363636363637,0.5863636363636363,0.29128725303873326,0.1708832255507643,0.37667542300825224,0.24098962159548104
hashing,qpdf,0.1,0.05,unweighted_mondrian,0.19098039215686274,0.0,1.9098039215686273,0.5906633906633907,0.4093366093366093,0.29128725303873326,0.1708832255507643,0.37667542300825224,0.24098962159548104
hashing,qpdf,0.1,0.05,vultriage_full_gate_clip_20,0.0,0.0,0.0,0.0,1.0,0.29128725303873326,0.1708832255507643,0.37667542300825224,0.24098962159548104
hashing,qpdf,0.1,0.1,estimated_weight_no_gate_clip_20,0.0780392156862745,0.013765477057538231,0.7803921568627451,0.4891891891891892,0.5108108108108108,0.29128725303873326,0.1708832255507643,0.37667542300825224,0.24098962159548104
hashing,qpdf,0.1,0.1,unweighted_mondrian,0.19098039215686274,0.0,1.9098039215686273,0.6363636363636364,0.36363636363636365,0.29128725303873326,0.1708832255507643,0.37667542300825224,0.24098962159548104
hashing,qpdf,0.1,0.1,vultriage_full_gate_clip_20,0.0,0.0,0.0,0.0,1.0,0.29128725303873326,0.1708832255507643,0.37667542300825224,0.24098962159548104
hashing,qpdf,0.1,0.2,estimated_weight_no_gate_clip_20,0.0780392156862745,0.02214129643117261,0.7803921568627451,0.6152334152334152,0.38476658476658476,0.29128725303873326,0.1708832255507643,0.37667542300825224,0.24098962159548104
hashing,qpdf,0.1,0.2,unweighted_mondrian,0.19098039215686274,0.0,1.9098039215686273,0.7453316953316953,0.25466830466830465,0.29128725303873326,0.1708832255507643,0.37667542300825224,0.24098962159548104
hashing,qpdf,0.1,0.2,vultriage_full_gate_clip_20,0.0,0.0,0.0,0.0,1.0,0.29128725303873326,0.1708832255507643,0.37667542300825224,0.24098962159548104
hashing,radare2,0.01,0.05,estimated_weight_no_gate_clip_20,0.0,0.00525918944392083,0.10518378887841659,0.05312225153913809,0.9468777484608619,0.1296722238624285,0.18623306289428765,0.17165128115128117,0.09758179845043317
hashing,radare2,0.01,0.05,unweighted_mondrian,0.016315789473684207,0.006201696512723845,1.6315789473684206,0.12770448548812666,0.8722955145118734,0.1296722238624285,0.18623306289428765,0.17165128115128117,0.09758179845043317
hashing,radare2,0.01,0.05,vultriage_full_gate_clip_20,0.0,0.00525918944392083,0.10518378887841659,0.05312225153913809,0.9468777484608619,0.1296722238624285,0.18623306289428765,0.17165128115128117,0.09758179845043317
hashing,radare2,0.01,0.1,estimated_weight_no_gate_clip_20,0.0,0.004863336475023561,0.04863336475023561,0.10061565523306948,0.8993843447669306,0.1296722238624285,0.18623306289428765,0.17165128115128117,0.09758179845043317
hashing,radare2,0.01,0.1,unweighted_mondrian,0.016315789473684207,0.00599434495758718,1.6315789473684206,0.17766051011433598,0.822339489885664,0.1296722238624285,0.18623306289428765,0.17165128115128117,0.09758179845043317
hashing,radare2,0.01,0.1,vultriage_full_gate_clip_20,0.0,0.004863336475023561,0.04863336475023561,0.10061565523306948,0.8993843447669306,0.1296722238624285,0.18623306289428765,0.17165128115128117,0.09758179845043317
hashing,radare2,0.01,0.2,estimated_weight_no_gate_clip_20,0.0,0.005956644674835055,0.02978322337417527,0.2024626209322779,0.797537379067722,0.1296722238624285,0.18623306289428765,0.17165128115128117,0.09758179845043317
hashing,radare2,0.01,0.2,unweighted_mondrian,0.016315789473684207,0.010292177191328933,1.6315789473684206,0.28830255057167986,0.7116974494283201,0.1296722238624285,0.18623306289428765,0.17165128115128117,0.09758179845043317
hashing,radare2,0.01,0.2,vultriage_full_gate_clip_20,0.0,0.005956644674835055,0.02978322337417527,0.2024626209322779,0.797537379067722,0.1296722238624285,0.18623306289428765,0.17165128115128117,0.09758179845043317
hashing,radare2,0.05,0.05,estimated_weight_no_gate_clip_20,0.0,0.00525918944392083,0.10518378887841659,0.09815303430079156,0.9018469656992085,0.1296722238624285,0.18623306289428765,0.17165128115128117,0.09758179845043317
hashing,radare2,0.05,0.05,unweighted_mondrian,0.13684210526315788,0.006201696512723845,2.7368421052631575,0.40263852242744064,0.5973614775725593,0.1296722238624285,0.18623306289428765,0.17165128115128117,0.09758179845043317
hashing,radare2,0.05,0.05,vultriage_full_gate_clip_20,0.0,0.00525918944392083,0.10518378887841659,0.09815303430079156,0.9018469656992085,0.1296722238624285,0.18623306289428765,0.17165128115128117,0.09758179845043317
hashing,radare2,0.05,0.1,estimated_weight_no_gate_clip_20,0.0,0.004863336475023561,0.04863336475023561,0.14564643799472296,0.854353562005277,0.1296722238624285,0.18623306289428765,0.17165128115128117,0.09758179845043317
hashing,radare2,0.05,0.1,unweighted_mondrian,0.13684210526315788,0.00599434495758718,2.7368421052631575,0.45259454705365,0.54740545294635,0.1296722238624285,0.18623306289428765,0.17165128115128117,0.09758179845043317
hashing,radare2,0.05,0.1,vultriage_full_gate_clip_20,0.0,0.004863336475023561,0.04863336475023561,0.14564643799472296,0.854353562005277,0.1296722238624285,0.18623306289428765,0.17165128115128117,0.09758179845043317
hashing,radare2,0.05,0.2,estimated_weight_no_gate_clip_20,0.0,0.005956644674835055,0.02978322337417527,0.2474934036939314,0.7525065963060686,0.1296722238624285,0.18623306289428765,0.17165128115128117,0.09758179845043317
hashing,radare2,0.05,0.2,unweighted_mondrian,0.13684210526315788,0.010292177191328933,2.7368421052631575,0.5632365875109938,0.4367634124890062,0.1296722238624285,0.18623306289428765,0.17165128115128117,0.09758179845043317
hashing,radare2,0.05,0.2,vultriage_full_gate_clip_20,0.0,0.005956644674835055,0.02978322337417527,0.2474934036939314,0.7525065963060686,0.1296722238624285,0.18623306289428765,0.17165128115128117,0.09758179845043317
hashing,radare2,0.1,0.05,estimated_weight_no_gate_clip_20,0.044736842105263144,0.00525918944392083,0.4473684210526315,0.2809146877748461,0.7190853122251539,0.1296722238624285,0.18623306289428765,0.17165128115128117,0.09758179845043317
hashing,radare2,0.1,0.05,unweighted_mondrian,0.21315789473684213,0.006201696512723845,2.1315789473684212,0.5653474054529464,0.43465259454705363,0.1296722238624285,0.18623306289428765,0.17165128115128117,0.09758179845043317
hashing,radare2,0.1,0.05,vultriage_full_gate_clip_20,0.044736842105263144,0.00525918944392083,0.4473684210526315,0.2809146877748461,0.7190853122251539,0.1296722238624285,0.18623306289428765,0.17165128115128117,0.09758179845043317
hashing,radare2,0.1,0.1,estimated_weight_no_gate_clip_20,0.044736842105263144,0.004863336475023561,0.4473684210526315,0.3284080914687775,0.6715919085312225,0.1296722238624285,0.18623306289428765,0.17165128115128117,0.09758179845043317
hashing,radare2,0.1,0.1,unweighted_mondrian,0.21315789473684213,0.00599434495758718,2.1315789473684212,0.6153034300791557,0.38469656992084433,0.1296722238624285,0.18623306289428765,0.17165128115128117,0.09758179845043317
hashing,radare2,0.1,0.1,vultriage_full_gate_clip_20,0.044736842105263144,0.004863336475023561,0.4473684210526315,0.3284080914687775,0.6715919085312225,0.1296722238624285,0.18623306289428765,0.17165128115128117,0.09758179845043317
hashing,radare2,0.1,0.2,estimated_weight_no_gate_clip_20,0.044736842105263144,0.005956644674835055,0.4473684210526315,0.4302550571679859,0.569744942832014,0.1296722238624285,0.18623306289428765,0.17165128115128117,0.09758179845043317
hashing,radare2,0.1,0.2,unweighted_mondrian,0.21315789473684213,0.010292177191328933,2.1315789473684212,0.7259454705364996,0.27405452946350045,0.1296722238624285,0.18623306289428765,0.17165128115128117,0.09758179845043317
hashing,radare2,0.1,0.2,vultriage_full_gate_clip_20,0.044736842105263144,0.005956644674835055,0.4473684210526315,0.4302550571679859,0.569744942832014,0.1296722238624285,0.18623306289428765,0.17165128115128117,0.09758179845043317
hashing,samba,0.01,0.05,estimated_weight_no_gate_clip_20,0.0,0.0,0.0,0.022088572990705303,0.9779114270092947,0.13356249185807734,0.12086165944706675,0.18118087978632316,0.12830016937900626
hashing,samba,0.01,0.05,unweighted_mondrian,0.002,0.0,0.2,0.1259704756697649,0.8740295243302351,0.13356249185807734,0.12086165944706675,0.18118087978632316,0.12830016937900626
hashing,samba,0.01,0.05,vultriage_full_gate_clip_20,0.0,0.0,0.0,0.022088572990705303,0.9779114270092947,0.13356249185807734,0.12086165944706675,0.18118087978632316,0.12830016937900626
hashing,samba,0.01,0.1,estimated_weight_no_gate_clip_20,0.0,0.0,0.0,0.05084745762711864,0.9491525423728813,0.13356249185807734,0.12086165944706675,0.18118087978632316,0.12830016937900626
hashing,samba,0.01,0.1,unweighted_mondrian,0.002,0.0,0.2,0.15144887916894478,0.8485511208310552,0.13356249185807734,0.12086165944706675,0.18118087978632316,0.12830016937900626
hashing,samba,0.01,0.1,vultriage_full_gate_clip_20,0.0,0.0,0.0,0.05084745762711864,0.9491525423728813,0.13356249185807734,0.12086165944706675,0.18118087978632316,0.12830016937900626
hashing,samba,0.01,0.2,estimated_weight_no_gate_clip_20,0.0,0.0,0.0,0.13570256971022415,0.8642974302897759,0.13356249185807734,0.12086165944706675,0.18118087978632316,0.12830016937900626
hashing,samba,0.01,0.2,unweighted_mondrian,0.002,0.0,0.2,0.22832148715144887,0.771678512848551,0.13356249185807734,0.12086165944706675,0.18118087978632316,0.12830016937900626
hashing,samba,0.01,0.2,vultriage_full_gate_clip_20,0.0,0.0,0.0,0.13570256971022415,0.8642974302897759,0.13356249185807734,0.12086165944706675,0.18118087978632316,0.12830016937900626
hashing,samba,0.05,0.05,estimated_weight_no_gate_clip_20,0.0,0.0,0.0,0.1081465281574631,0.891853471842537,0.13356249185807734,0.12086165944706675,0.18118087978632316,0.12830016937900626
hashing,samba,0.05,0.05,unweighted_mondrian,0.076,0.0,1.52,0.4680153089119738,0.5319846910880262,0.13356249185807734,0.12086165944706675,0.18118087978632316,0.12830016937900626
hashing,samba,0.05,0.05,vultriage_full_gate_clip_20,0.0,0.0,0.0,0.1081465281574631,0.891853471842537,0.13356249185807734,0.12086165944706675,0.18118087978632316,0.12830016937900626
hashing,samba,0.05,0.1,estimated_weight_no_gate_clip_20,0.0,0.0,0.0,0.1369054127938764,0.8630945872061236,0.13356249185807734,0.12086165944706675,0.18118087978632316,0.12830016937900626
hashing,samba,0.05,0.1,unweighted_mondrian,0.076,0.0,1.52,0.4934937124111537,0.5065062875888463,0.13356249185807734,0.12086165944706675,0.18118087978632316,0.12830016937900626
hashing,samba,0.05,0.1,vultriage_full_gate_clip_20,0.0,0.0,0.0,0.1369054127938764,0.8630945872061236,0.13356249185807734,0.12086165944706675,0.18118087978632316,0.12830016937900626
hashing,samba,0.05,0.2,estimated_weight_no_gate_clip_20,0.0,0.0,0.0,0.22176052487698197,0.778239475123018,0.13356249185807734,0.12086165944706675,0.18118087978632316,0.12830016937900626
hashing,samba,0.05,0.2,unweighted_mondrian,0.076,0.0,1.52,0.5703663203936578,0.42963367960634224,0.13356249185807734,0.12086165944706675,0.18118087978632316,0.12830016937900626
hashing,samba,0.05,0.2,vultriage_full_gate_clip_20,0.0,0.0,0.0,0.22176052487698197,0.778239475123018,0.13356249185807734,0.12086165944706675,0.18118087978632316,0.12830016937900626
hashing,samba,0.1,0.05,estimated_weight_no_gate_clip_20,0.0,0.0,0.0,0.37244395844723893,0.6275560415527611,0.13356249185807734,0.12086165944706675,0.18118087978632316,0.12830016937900626
hashing,samba,0.1,0.05,unweighted_mondrian,0.18,0.0,1.8,0.6299617277200655,0.37003827227993435,0.13356249185807734,0.12086165944706675,0.18118087978632316,0.12830016937900626
hashing,samba,0.1,0.05,vultriage_full_gate_clip_20,0.0,0.0,0.0,0.37244395844723893,0.6275560415527611,0.13356249185807734,0.12086165944706675,0.18118087978632316,0.12830016937900626
hashing,samba,0.1,0.1,estimated_weight_no_gate_clip_20,0.0,0.0,0.0,0.4012028430836523,0.5987971569163477,0.13356249185807734,0.12086165944706675,0.18118087978632316,0.12830016937900626
hashing,samba,0.1,0.1,unweighted_mondrian,0.18,0.0,1.8,0.6554401312192455,0.3445598687807545,0.13356249185807734,0.12086165944706675,0.18118087978632316,0.12830016937900626
hashing,samba,0.1,0.1,vultriage_full_gate_clip_20,0.0,0.0,0.0,0.4012028430836523,0.5987971569163477,0.13356249185807734,0.12086165944706675,0.18118087978632316,0.12830016937900626
hashing,samba,0.1,0.2,estimated_weight_no_gate_clip_20,0.0,0.0,0.0,0.48605795516675776,0.5139420448332422,0.13356249185807734,0.12086165944706675,0.18118087978632316,0.12830016937900626
hashing,samba,0.1,0.2,unweighted_mondrian,0.18,0.0,1.8,0.7323127392017497,0.26768726079825045,0.13356249185807734,0.12086165944706675,0.18118087978632316,0.12830016937900626
hashing,samba,0.1,0.2,vultriage_full_gate_clip_20,0.0,0.0,0.0,0.48605795516675776,0.5139420448332422,0.13356249185807734,0.12086165944706675,0.18118087978632316,0.12830016937900626
hashing,tcpdump,0.01,0.05,estimated_weight_no_gate_clip_20,0.0,0.0,0.0,0.0152046783625731,0.9847953216374268,0.26772911000972466,0.2979865329203936,0.2679903509916616,-0.049267293328748005
hashing,tcpdump,0.01,0.05,unweighted_mondrian,0.0,0.0,0.0,0.02456140350877193,0.9754385964912281,0.26772911000972466,0.2979865329203936,0.2679903509916616,-0.049267293328748005
hashing,tcpdump,0.01,0.05,vultriage_full_gate_clip_20,0.0,0.0,0.0,0.0152046783625731,0.9847953216374268,0.26772911000972466,0.2979865329203936,0.2679903509916616,-0.049267293328748005
hashing,tcpdump,0.01,0.1,estimated_weight_no_gate_clip_20,0.0,0.0,0.0,0.0608187134502924,0.9391812865497077,0.26772911000972466,0.2979865329203936,0.2679903509916616,-0.049267293328748005
hashing,tcpdump,0.01,0.1,unweighted_mondrian,0.0,0.015409836065573765,0.15409836065573765,0.08654970760233918,0.9134502923976608,0.26772911000972466,0.2979865329203936,0.2679903509916616,-0.049267293328748005
hashing,tcpdump,0.01,0.1,vultriage_full_gate_clip_20,0.0,0.0,0.0,0.0608187134502924,0.9391812865497077,0.26772911000972466,0.2979865329203936,0.2679903509916616,-0.049267293328748005
hashing,tcpdump,0.01,0.2,estimated_weight_no_gate_clip_20,0.0,0.049180327868852444,0.24590163934426226,0.2327485380116959,0.7672514619883041,0.26772911000972466,0.2979865329203936,0.2679903509916616,-0.049267293328748005
hashing,tcpdump,0.01,0.2,unweighted_mondrian,0.0,0.09508196721311475,0.47540983606557374,0.2783625730994152,0.7216374269005847,0.26772911000972466,0.2979865329203936,0.2679903509916616,-0.049267293328748005
hashing,tcpdump,0.01,0.2,vultriage_full_gate_clip_20,0.0,0.049180327868852444,0.24590163934426226,0.2327485380116959,0.7672514619883041,0.26772911000972466,0.2979865329203936,0.2679903509916616,-0.049267293328748005
hashing,tcpdump,0.05,0.05,estimated_weight_no_gate_clip_20,0.0,0.0,0.0,0.0304093567251462,0.9695906432748538,0.26772911000972466,0.2979865329203936,0.2679903509916616,-0.049267293328748005
hashing,tcpdump,0.05,0.05,unweighted_mondrian,0.08244897959183674,0.0,1.6489795918367345,0.18596491228070175,0.8140350877192983,0.26772911000972466,0.2979865329203936,0.2679903509916616,-0.049267293328748005
hashing,tcpdump,0.05,0.05,vultriage_full_gate_clip_20,0.0,0.0,0.0,0.0304093567251462,0.9695906432748538,0.26772911000972466,0.2979865329203936,0.2679903509916616,-0.049267293328748005
hashing,tcpdump,0.05,0.1,estimated_weight_no_gate_clip_20,0.0,0.0,0.0,0.07602339181286549,0.9239766081871345,0.26772911000972466,0.2979865329203936,0.2679903509916616,-0.049267293328748005
hashing,tcpdump,0.05,0.1,unweighted_mondrian,0.08244897959183674,0.015409836065573765,1.7122783539645365,0.24795321637426898,0.752046783625731,0.26772911000972466,0.2979865329203936,0.2679903509916616,-0.049267293328748005
hashing,tcpdump,0.05,0.1,vultriage_full_gate_clip_20,0.0,0.0,0.0,0.07602339181286549,0.9239766081871345,0.26772911000972466,0.2979865329203936,0.2679903509916616,-0.049267293328748005
hashing,tcpdump,0.05,0.2,estimated_weight_no_gate_clip_20,0.0,0.049180327868852444,0.24590163934426226,0.24795321637426898,0.752046783625731,0.26772911000972466,0.2979865329203936,0.2679903509916616,-0.049267293328748005
hashing,tcpdump,0.05,0.2,unweighted_mondrian,0.08244897959183674,0.09508196721311475,1.8434258949481432,0.439766081871345,0.560233918128655,0.26772911000972466,0.2979865329203936,0.2679903509916616,-0.049267293328748005
hashing,tcpdump,0.05,0.2,vultriage_full_gate_clip_20,0.0,0.049180327868852444,0.24590163934426226,0.24795321637426898,0.752046783625731,0.26772911000972466,0.2979865329203936,0.2679903509916616,-0.049267293328748005
hashing,tcpdump,0.1,0.05,estimated_weight_no_gate_clip_20,0.0,0.0,0.0,0.05380116959064327,0.9461988304093566,0.26772911000972466,0.2979865329203936,0.2679903509916616,-0.049267293328748005
hashing,tcpdump,0.1,0.05,unweighted_mondrian,0.3040816326530612,0.0,3.0408163265306123,0.38245614035087716,0.6175438596491227,0.26772911000972466,0.2979865329203936,0.2679903509916616,-0.049267293328748005
hashing,tcpdump,0.1,0.05,vultriage_full_gate_clip_20,0.0,0.0,0.0,0.05380116959064327,0.9461988304093566,0.26772911000972466,0.2979865329203936,0.2679903509916616,-0.049267293328748005
hashing,tcpdump,0.1,0.1,estimated_weight_no_gate_clip_20,0.0,0.0,0.0,0.09941520467836257,0.9005847953216375,0.26772911000972466,0.2979865329203936,0.2679903509916616,-0.049267293328748005
hashing,tcpdump,0.1,0.1,unweighted_mondrian,0.3040816326530612,0.015409836065573765,3.0408163265306123,0.4444444444444445,0.5555555555555556,0.26772911000972466,0.2979865329203936,0.2679903509916616,-0.049267293328748005
hashing,tcpdump,0.1,0.1,vultriage_full_gate_clip_20,0.0,0.0,0.0,0.09941520467836257,0.9005847953216375,0.26772911000972466,0.2979865329203936,0.2679903509916616,-0.049267293328748005
hashing,tcpdump,0.1,0.2,estimated_weight_no_gate_clip_20,0.0,0.049180327868852444,0.24590163934426226,0.27134502923976606,0.7286549707602339,0.26772911000972466,0.2979865329203936,0.2679903509916616,-0.049267293328748005
hashing,tcpdump,0.1,0.2,unweighted_mondrian,0.3040816326530612,0.09508196721311475,3.0408163265306123,0.6362573099415204,0.36374269005847953,0.26772911000972466,0.2979865329203936,0.2679903509916616,-0.049267293328748005
hashing,tcpdump,0.1,0.2,vultriage_full_gate_clip_20,0.0,0.049180327868852444,0.24590163934426226,0.27134502923976606,0.7286549707602339,0.26772911000972466,0.2979865329203936,0.2679903509916616,-0.049267293328748005
hashing,tensorflow,0.01,0.05,estimated_weight_no_gate_clip_20,0.0,0.0,0.0,0.014883346741753822,0.985116653258246,0.2831626181273041,0.136018041051101,0.28353511077185145,0.17171978154922987
hashing,tensorflow,0.01,0.05,unweighted_mondrian,0.009983651226158036,0.0,0.9983651226158038,0.16926790024135158,0.8307320997586484,0.2831626181273041,0.136018041051101,0.28353511077185145,0.17171978154922987
hashing,tensorflow,0.01,0.05,vultriage_full_gate_clip_20,0.0,0.0,0.0,0.014883346741753822,0.985116653258246,0.2831626181273041,0.136018041051101,0.28353511077185145,0.17171978154922987
hashing,tensorflow,0.01,0.1,estimated_weight_no_gate_clip_20,0.0,0.0,0.0,0.06540627514078842,0.9345937248592115,0.2831626181273041,0.136018041051101,0.28353511077185145,0.17171978154922987
hashing,tensorflow,0.01,0.1,unweighted_mondrian,0.009983651226158036,0.0,0.9983651226158038,0.18278358809332262,0.8172164119066775,0.2831626181273041,0.136018041051101,0.28353511077185145,0.17171978154922987
hashing,tensorflow,0.01,0.1,vultriage_full_gate_clip_20,0.0,0.0,0.0,0.06540627514078842,0.9345937248592115,0.2831626181273041,0.136018041051101,0.28353511077185145,0.17171978154922987
hashing,tensorflow,0.01,0.2,estimated_weight_no_gate_clip_20,0.0,0.0,0.0,0.200804505229284,0.799195494770716,0.2831626181273041,0.136018041051101,0.28353511077185145,0.17171978154922987
hashing,tensorflow,0.01,0.2,unweighted_mondrian,0.009983651226158036,0.0,0.9983651226158038,0.25518905872888176,0.7448109412711184,0.2831626181273041,0.136018041051101,0.28353511077185145,0.17171978154922987
hashing,tensorflow,0.01,0.2,vultriage_full_gate_clip_20,0.0,0.0,0.0,0.200804505229284,0.799195494770716,0.2831626181273041,0.136018041051101,0.28353511077185145,0.17171978154922987
hashing,tensorflow,0.05,0.05,estimated_weight_no_gate_clip_20,0.0,0.0,0.0,0.08197908286403861,0.9180209171359615,0.2831626181273041,0.136018041051101,0.28353511077185145,0.17171978154922987
hashing,tensorflow,0.05,0.05,unweighted_mondrian,0.12438692098092644,0.0,2.4877384196185286,0.48648431214802895,0.5135156878519711,0.2831626181273041,0.136018041051101,0.28353511077185145,0.17171978154922987
hashing,tensorflow,0.05,0.05,vultriage_full_gate_clip_20,0.0,0.0,0.0,0.08197908286403861,0.9180209171359615,0.2831626181273041,0.136018041051101,0.28353511077185145,0.17171978154922987
hashing,tensorflow,0.05,0.1,estimated_weight_no_gate_clip_20,0.0,0.0,0.0,0.1325020112630732,0.8674979887369269,0.2831626181273041,0.136018041051101,0.28353511077185145,0.17171978154922987
hashing,tensorflow,0.05,0.1,unweighted_mondrian,0.12438692098092644,0.0,2.4877384196185286,0.5,0.5,0.2831626181273041,0.136018041051101,0.28353511077185145,0.17171978154922987
hashing,tensorflow,0.05,0.1,vultriage_full_gate_clip_20,0.0,0.0,0.0,0.1325020112630732,0.8674979887369269,0.2831626181273041,0.136018041051101,0.28353511077185145,0.17171978154922987
hashing,tensorflow,0.05,0.2,estimated_weight_no_gate_clip_20,0.0,0.0,0.0,0.2679002413515688,0.7320997586484312,0.2831626181273041,0.136018041051101,0.28353511077185145,0.17171978154922987
hashing,tensorflow,0.05,0.2,unweighted_mondrian,0.12438692098092644,0.0,2.4877384196185286,0.5724054706355591,0.42759452936444087,0.2831626181273041,0.136018041051101,0.28353511077185145,0.17171978154922987
hashing,tensorflow,0.05,0.2,vultriage_full_gate_clip_20,0.0,0.0,0.0,0.2679002413515688,0.7320997586484312,0.2831626181273041,0.136018041051101,0.28353511077185145,0.17171978154922987
hashing,tensorflow,0.1,0.05,estimated_weight_no_gate_clip_20,0.0,0.0,0.0,0.1996781979082864,0.8003218020917137,0.2831626181273041,0.136018041051101,0.28353511077185145,0.17171978154922987
hashing,tensorflow,0.1,0.05,unweighted_mondrian,0.2438692098092643,0.0,2.438692098092643,0.6273531777956556,0.3726468222043443,0.2831626181273041,0.136018041051101,0.28353511077185145,0.17171978154922987
hashing,tensorflow,0.1,0.05,vultriage_full_gate_clip_20,0.0,0.0,0.0,0.1996781979082864,0.8003218020917137,0.2831626181273041,0.136018041051101,0.28353511077185145,0.17171978154922987
hashing,tensorflow,0.1,0.1,estimated_weight_no_gate_clip_20,0.0,0.0,0.0,0.250201126307321,0.7497988736926791,0.2831626181273041,0.136018041051101,0.28353511077185145,0.17171978154922987
hashing,tensorflow,0.1,0.1,unweighted_mondrian,0.2438692098092643,0.0,2.438692098092643,0.6408688656476267,0.3591311343523733,0.2831626181273041,0.136018041051101,0.28353511077185145,0.17171978154922987
hashing,tensorflow,0.1,0.1,vultriage_full_gate_clip_20,0.0,0.0,0.0,0.250201126307321,0.7497988736926791,0.2831626181273041,0.136018041051101,0.28353511077185145,0.17171978154922987
hashing,tensorflow,0.1,0.2,estimated_weight_no_gate_clip_20,0.0,0.0,0.0,0.38559935639581655,0.6144006436041833,0.2831626181273041,0.136018041051101,0.28353511077185145,0.17171978154922987
hashing,tensorflow,0.1,0.2,unweighted_mondrian,0.2438692098092643,0.0,2.438692098092643,0.7132743362831858,0.2867256637168142,0.2831626181273041,0.136018041051101,0.28353511077185145,0.17171978154922987
hashing,tensorflow,0.1,0.2,vultriage_full_gate_clip_20,0.0,0.0,0.0,0.38559935639581655,0.6144006436041833,0.2831626181273041,0.136018041051101,0.28353511077185145,0.17171978154922987
hashing,vim,0.01,0.05,estimated_weight_no_gate_clip_20,0.0,0.0,0.0,0.0615260395639887,0.9384739604360114,0.061796495946576456,0.16468178830357458,0.10618213307711295,0.08373528949558344
hashing,vim,0.01,0.05,unweighted_mondrian,0.04365853658536585,0.0,4.365853658536585,0.12216390795316916,0.8778360920468309,0.061796495946576456,0.16468178830357458,0.10618213307711295,0.08373528949558344
hashing,vim,0.01,0.05,vultriage_full_gate_clip_20,0.0,0.0,0.0,0.0615260395639887,0.9384739604360114,0.061796495946576456,0.16468178830357458,0.10618213307711295,0.08373528949558344
hashing,vim,0.01,0.1,estimated_weight_no_gate_clip_20,0.0,0.0,0.0,0.10827614049253129,0.8917238595074688,0.061796495946576456,0.16468178830357458,0.10618213307711295,0.08373528949558344
hashing,vim,0.01,0.1,unweighted_mondrian,0.04365853658536585,0.0,4.365853658536585,0.16560355268469923,0.8343964473153008,0.061796495946576456,0.16468178830357458,0.10618213307711295,0.08373528949558344
hashing,vim,0.01,0.1,vultriage_full_gate_clip_20,0.0,0.0,0.0,0.10827614049253129,0.8917238595074688,0.061796495946576456,0.16468178830357458,0.10618213307711295,0.08373528949558344
hashing,vim,0.01,0.2,estimated_weight_no_gate_clip_20,0.0,0.0,0.0,0.21114251110213972,0.7888574888978603,0.061796495946576456,0.16468178830357458,0.10618213307711295,0.08373528949558344
hashing,vim,0.01,0.2,unweighted_mondrian,0.04365853658536585,0.0,4.365853658536585,0.26701655228098503,0.7329834477190149,0.061796495946576456,0.16468178830357458,0.10618213307711295,0.08373528949558344
hashing,vim,0.01,0.2,vultriage_full_gate_clip_20,0.0,0.0,0.0,0.21114251110213972,0.7888574888978603,0.061796495946576456,0.16468178830357458,0.10618213307711295,0.08373528949558344
hashing,vim,0.05,0.05,estimated_weight_no_gate_clip_20,0.0,0.0,0.0,0.16915623738393218,0.8308437626160678,0.061796495946576456,0.16468178830357458,0.10618213307711295,0.08373528949558344
hashing,vim,0.05,0.05,unweighted_mondrian,0.19146341463414634,0.0,3.8292682926829267,0.3896649172385951,0.6103350827614049,0.061796495946576456,0.16468178830357458,0.10618213307711295,0.08373528949558344
hashing,vim,0.05,0.05,vultriage_full_gate_clip_20,0.0,0.0,0.0,0.16915623738393218,0.8308437626160678,0.061796495946576456,0.16468178830357458,0.10618213307711295,0.08373528949558344
hashing,vim,0.05,0.1,estimated_weight_no_gate_clip_20,0.0,0.0,0.0,0.21590633831247477,0.7840936616875253,0.061796495946576456,0.16468178830357458,0.10618213307711295,0.08373528949558344
hashing,vim,0.05,0.1,unweighted_mondrian,0.19146341463414634,0.0,3.8292682926829267,0.43310456197012515,0.5668954380298749,0.061796495946576456,0.16468178830357458,0.10618213307711295,0.08373528949558344
hashing,vim,0.05,0.1,vultriage_full_gate_clip_20,0.0,0.0,0.0,0.21590633831247477,0.7840936616875253,0.061796495946576456,0.16468178830357458,0.10618213307711295,0.08373528949558344
hashing,vim,0.05,0.2,estimated_weight_no_gate_clip_20,0.0,0.0,0.0,0.3187727089220832,0.6812272910779169,0.061796495946576456,0.16468178830357458,0.10618213307711295,0.08373528949558344
hashing,vim,0.05,0.2,unweighted_mondrian,0.19146341463414634,0.0,3.8292682926829267,0.5345175615664111,0.465482438433589,0.061796495946576456,0.16468178830357458,0.10618213307711295,0.08373528949558344
hashing,vim,0.05,0.2,vultriage_full_gate_clip_20,0.0,0.0,0.0,0.3187727089220832,0.6812272910779169,0.061796495946576456,0.16468178830357458,0.10618213307711295,0.08373528949558344
hashing,vim,0.1,0.05,estimated_weight_no_gate_clip_20,0.0951219512195122,0.0,0.9512195121951219,0.36124343964473155,0.6387565603552685,0.061796495946576456,0.16468178830357458,0.10618213307711295,0.08373528949558344
hashing,vim,0.1,0.05,unweighted_mondrian,0.25609756097560976,0.0,2.5609756097560976,0.5573677836092047,0.4426322163907953,0.061796495946576456,0.16468178830357458,0.10618213307711295,0.08373528949558344
hashing,vim,0.1,0.05,vultriage_full_gate_clip_20,0.0951219512195122,0.0,0.9512195121951219,0.36124343964473155,0.6387565603552685,0.061796495946576456,0.16468178830357458,0.10618213307711295,0.08373528949558344
hashing,vim,0.1,0.1,estimated_weight_no_gate_clip_20,0.0951219512195122,0.0,0.9512195121951219,0.40799354057327414,0.5920064594267258,0.061796495946576456,0.16468178830357458,0.10618213307711295,0.08373528949558344
hashing,vim,0.1,0.1,unweighted_mondrian,0.25609756097560976,0.0,2.5609756097560976,0.6008074283407348,0.39919257165926525,0.061796495946576456,0.16468178830357458,0.10618213307711295,0.08373528949558344
hashing,vim,0.1,0.1,vultriage_full_gate_clip_20,0.0951219512195122,0.0,0.9512195121951219,0.40799354057327414,0.5920064594267258,0.061796495946576456,0.16468178830357458,0.10618213307711295,0.08373528949558344
hashing,vim,0.1,0.2,estimated_weight_no_gate_clip_20,0.0951219512195122,0.0,0.9512195121951219,0.5108599111828825,0.48914008881711746,0.061796495946576456,0.16468178830357458,0.10618213307711295,0.08373528949558344
hashing,vim,0.1,0.2,unweighted_mondrian,0.25609756097560976,0.0,2.5609756097560976,0.7022204279370206,0.2977795720629794,0.061796495946576456,0.16468178830357458,0.10618213307711295,0.08373528949558344
hashing,vim,0.1,0.2,vultriage_full_gate_clip_20,0.0951219512195122,0.0,0.9512195121951219,0.5108599111828825,0.48914008881711746,0.061796495946576456,0.16468178830357458,0.10618213307711295,0.08373528949558344
