detector,alpha_vulnerable,alpha_safe,baseline,method,outcome,projects,nonzero_projects,median_paired_difference,hodges_lehmann_paired_shift,bootstrap_median_ci_lower,bootstrap_median_ci_upper,wins,ties,losses,exact_sign_p,wilcoxon_exact_p,holm_adjusted_wilcoxon_p
codebert,0.01,0.05,unweighted_mondrian,estimated_weight_no_gate_clip_20,max_relative_violation,24,17,0.0,-0.34246575342465746,-0.9262706715789826,0.0,11,7,6,0.332305908203125,0.5790557861328125,1.0
codebert,0.01,0.05,unweighted_mondrian,estimated_weight_no_gate_clip_20,vulnerable_violation,24,14,0.0,0.0,-0.0053097345132743015,0.0,8,10,6,0.79052734375,0.855224609375,1.0
codebert,0.01,0.05,unweighted_mondrian,estimated_weight_no_gate_clip_20,safe_violation,24,10,0.0,-0.004064043829042125,-0.010942384993300597,0.0,9,14,1,0.021484375,0.009765625,0.029296875
codebert,0.01,0.05,unweighted_mondrian,estimated_weight_no_gate_clip_20,singleton_coverage,24,23,-0.024756918474195953,-0.02575393769906178,-0.0603579588728104,0.0,7,1,16,0.0931396484375,0.09798812866210938,0.25748348236083984
codebert,0.01,0.05,unweighted_mondrian,estimated_weight_no_gate_clip_20,review_load,24,23,0.02475691847419592,0.025753937699061702,-0.0018993230570858999,0.06035795887281026,7,1,16,0.0931396484375,0.09798812866210938,0.25748348236083984
codebert,0.01,0.05,unweighted_mondrian,vultriage_ess_only_clip_20,max_relative_violation,24,18,-0.6408218463071487,-0.7326346352062212,-1.3824884792626737,0.0,13,6,5,0.09625244140625,0.11870574951171875,0.474822998046875
codebert,0.01,0.05,unweighted_mondrian,vultriage_ess_only_clip_20,vulnerable_violation,24,15,0.0,-0.00427350427350425,-0.0094805194805194,0.0,10,9,5,0.30175781249999994,0.207763671875,0.8310546875
codebert,0.01,0.05,unweighted_mondrian,vultriage_ess_only_clip_20,safe_violation,24,10,0.0,-0.007534453484527575,-0.0156431442608307,0.0,10,14,0,0.001953125,0.001953125,0.0078125
codebert,0.01,0.05,unweighted_mondrian,vultriage_ess_only_clip_20,singleton_coverage,24,24,-0.032714736709901396,-0.09293891109167424,-0.1879284082254379,-0.011513157894736809,6,0,18,0.022655844688415527,0.007189035415649414,0.028756141662597656
codebert,0.01,0.05,unweighted_mondrian,vultriage_ess_only_clip_20,review_load,24,24,0.032714736709901326,0.09293891109167426,0.011513157894736836,0.187928408225438,6,0,18,0.022655844688415527,0.007189035415649414,0.028756141662597656
codebert,0.01,0.05,unweighted_mondrian,vultriage_infinity_only_clip_20,max_relative_violation,24,17,0.0,-0.34246575342465746,-0.854700854700855,0.0,11,7,6,0.332305908203125,0.4873809814453125,1.0
codebert,0.01,0.05,unweighted_mondrian,vultriage_infinity_only_clip_20,vulnerable_violation,24,14,0.0,0.0,-0.0053097345132743015,0.0,8,10,6,0.79052734375,0.71484375,1.0
codebert,0.01,0.05,unweighted_mondrian,vultriage_infinity_only_clip_20,safe_violation,24,10,0.0,-0.004064043829042125,-0.010942384993300597,0.0,9,14,1,0.021484375,0.009765625,0.029296875
codebert,0.01,0.05,unweighted_mondrian,vultriage_infinity_only_clip_20,singleton_coverage,24,23,-0.024756918474195953,-0.026977122447320128,-0.0603579588728104,0.0,7,1,16,0.0931396484375,0.08582782745361328,0.25748348236083984
codebert,0.01,0.05,unweighted_mondrian,vultriage_infinity_only_clip_20,review_load,24,23,0.02475691847419592,0.026977122447320062,0.0,0.06035795887281026,7,1,16,0.0931396484375,0.08582782745361328,0.25748348236083984
codebert,0.01,0.05,unweighted_mondrian,vultriage_full_gate_clip_20,max_relative_violation,24,17,0.0,-0.34246575342465746,-0.8934013043602084,0.0,11,7,6,0.332305908203125,0.51708984375,1.0
codebert,0.01,0.05,unweighted_mondrian,vultriage_full_gate_clip_20,vulnerable_violation,24,14,0.0,0.0,-0.0053097345132743015,0.0,8,10,6,0.79052734375,0.7608642578125,1.0
codebert,0.01,0.05,unweighted_mondrian,vultriage_full_gate_clip_20,safe_violation,24,10,0.0,-0.004064043829042125,-0.010942384993300597,0.0,9,14,1,0.021484375,0.009765625,0.029296875
codebert,0.01,0.05,unweighted_mondrian,vultriage_full_gate_clip_20,singleton_coverage,24,23,-0.024756918474195953,-0.026977122447320128,-0.0603579588728104,0.0,7,1,16,0.0931396484375,0.09175300598144531,0.25748348236083984
codebert,0.01,0.05,unweighted_mondrian,vultriage_full_gate_clip_20,review_load,24,23,0.02475691847419592,0.026977122447320062,0.0,0.06035795887281026,7,1,16,0.0931396484375,0.09175300598144531,0.25748348236083984
codebert,0.01,0.05,unweighted_mondrian,prom_derived_union,max_relative_violation,24,22,-2.4091184232827296,-4.024336239430786,-6.758620689655173,-1.8169014084507045,22,2,0,4.76837158203125e-07,4.76837158203125e-07,2.384185791015625e-06
codebert,0.01,0.05,unweighted_mondrian,prom_derived_union,vulnerable_violation,24,19,-0.0240911842328272,-0.03781931317321512,-0.0675862068965517,-0.01655441903229505,19,5,0,3.814697265625e-06,3.814697265625e-06,1.9073486328125e-05
codebert,0.01,0.05,unweighted_mondrian,prom_derived_union,safe_violation,24,11,0.0,-0.0190447916954627,-0.0312862885216614,0.0,11,13,0,0.0009765625,0.0009765625,0.0048828125
codebert,0.01,0.05,unweighted_mondrian,prom_derived_union,singleton_coverage,24,24,-0.21864889298496706,-0.22543588484472113,-0.24579296277409482,-0.1940015186028853,0,0,24,1.1920928955078125e-07,1.1920928955078125e-07,5.960464477539062e-07
codebert,0.01,0.05,unweighted_mondrian,prom_derived_union,review_load,24,24,0.2186488929849671,0.22543588484472116,0.1940015186028854,0.2535223855268094,0,0,24,1.1920928955078125e-07,1.1920928955078125e-07,5.960464477539062e-07
codebert,0.01,0.1,unweighted_mondrian,estimated_weight_no_gate_clip_20,max_relative_violation,24,17,0.0,-0.34246575342465746,-0.777479892761394,0.0,11,7,6,0.332305908203125,0.5790557861328125,1.0
codebert,0.01,0.1,unweighted_mondrian,estimated_weight_no_gate_clip_20,vulnerable_violation,24,14,0.0,0.0,-0.0053097345132743015,0.0,8,10,6,0.79052734375,0.855224609375,1.0
codebert,0.01,0.1,unweighted_mondrian,estimated_weight_no_gate_clip_20,safe_violation,24,13,-0.0012239902080783509,-0.00998613037447985,-0.019205002233139805,0.0,12,11,1,0.00341796875,0.001220703125,0.00244140625
codebert,0.01,0.1,unweighted_mondrian,estimated_weight_no_gate_clip_20,singleton_coverage,24,24,-0.0309448641334987,-0.03916329066891992,-0.05976839745984319,-0.01580826109128003,6,0,18,0.022655844688415527,0.013779282569885254,0.03152346611022949
codebert,0.01,0.1,unweighted_mondrian,estimated_weight_no_gate_clip_20,review_load,24,24,0.030944864133498617,0.03916329066891988,0.015808261091279863,0.05976839745984308,6,0,18,0.022655844688415527,0.013779282569885254,0.03152346611022949
codebert,0.01,0.1,unweighted_mondrian,vultriage_ess_only_clip_20,max_relative_violation,24,18,-0.6514314261245464,-0.7105285536113449,-1.3648648648648647,0.0,13,6,5,0.09625244140625,0.11870574951171875,0.474822998046875
codebert,0.01,0.1,unweighted_mondrian,vultriage_ess_only_clip_20,vulnerable_violation,24,15,0.0,-0.00427350427350425,-0.0094805194805194,0.0,10,9,5,0.30175781249999994,0.207763671875,0.8310546875
codebert,0.01,0.1,unweighted_mondrian,vultriage_ess_only_clip_20,safe_violation,24,12,-0.0018084066471163,-0.0166666666666667,-0.0223990208078335,0.0,12,12,0,0.00048828125,0.00048828125,0.00244140625
codebert,0.01,0.1,unweighted_mondrian,vultriage_ess_only_clip_20,singleton_coverage,24,24,-0.05456704420898796,-0.12841406865014562,-0.2353389185072353,-0.021381578947368363,5,0,19,0.006610751152038574,0.0005675554275512695,0.002270221710205078
codebert,0.01,0.1,unweighted_mondrian,vultriage_ess_only_clip_20,review_load,24,24,0.05456704420898795,0.12841406865014562,0.021381578947368363,0.23533891850723532,5,0,19,0.006610751152038574,0.0005675554275512695,0.002270221710205078
codebert,0.01,0.1,unweighted_mondrian,vultriage_infinity_only_clip_20,max_relative_violation,24,17,0.0,-0.34246575342465746,-0.777479892761394,0.0,11,7,6,0.332305908203125,0.4873809814453125,1.0
codebert,0.01,0.1,unweighted_mondrian,vultriage_infinity_only_clip_20,vulnerable_violation,24,14,0.0,0.0,-0.0053097345132743015,0.0,8,10,6,0.79052734375,0.71484375,1.0
codebert,0.01,0.1,unweighted_mondrian,vultriage_infinity_only_clip_20,safe_violation,24,12,-0.0012239902080783509,-0.00998613037447985,-0.019205002233139805,0.0,12,12,0,0.00048828125,0.00048828125,0.00244140625
codebert,0.01,0.1,unweighted_mondrian,vultriage_infinity_only_clip_20,singleton_coverage,24,24,-0.0309448641334987,-0.04013886277142836,-0.06279515742782586,-0.01580826109128003,6,0,18,0.022655844688415527,0.010507822036743164,0.03152346611022949
codebert,0.01,0.1,unweighted_mondrian,vultriage_infinity_only_clip_20,review_load,24,24,0.030944864133498617,0.04013886277142836,0.015808261091279863,0.06279515742782582,6,0,18,0.022655844688415527,0.010507822036743164,0.03152346611022949
codebert,0.01,0.1,unweighted_mondrian,vultriage_full_gate_clip_20,max_relative_violation,24,17,0.0,-0.34246575342465746,-0.777479892761394,0.0,11,7,6,0.332305908203125,0.51708984375,1.0
codebert,0.01,0.1,unweighted_mondrian,vultriage_full_gate_clip_20,vulnerable_violation,24,14,0.0,0.0,-0.0053097345132743015,0.0,8,10,6,0.79052734375,0.7608642578125,1.0
codebert,0.01,0.1,unweighted_mondrian,vultriage_full_gate_clip_20,safe_violation,24,12,-0.0012239902080783509,-0.00998613037447985,-0.019205002233139805,0.0,12,12,0,0.00048828125,0.00048828125,0.00244140625
codebert,0.01,0.1,unweighted_mondrian,vultriage_full_gate_clip_20,singleton_coverage,24,24,-0.0309448641334987,-0.03983128110690398,-0.05976839745984319,-0.01580826109128003,6,0,18,0.022655844688415527,0.012604832649230957,0.03152346611022949
codebert,0.01,0.1,unweighted_mondrian,vultriage_full_gate_clip_20,review_load,24,24,0.030944864133498617,0.03983128110690398,0.015808261091279863,0.05976839745984308,6,0,18,0.022655844688415527,0.012604832649230957,0.03152346611022949
codebert,0.01,0.1,unweighted_mondrian,prom_derived_union,max_relative_violation,24,22,-2.4091184232827296,-4.018469656992084,-6.758620689655173,-1.73972602739726,22,2,0,4.76837158203125e-07,4.76837158203125e-07,2.384185791015625e-06
codebert,0.01,0.1,unweighted_mondrian,prom_derived_union,vulnerable_violation,24,19,-0.0240911842328272,-0.03781931317321512,-0.0675862068965517,-0.014206283734414349,19,5,0,3.814697265625e-06,3.814697265625e-06,1.9073486328125e-05
codebert,0.01,0.1,unweighted_mondrian,prom_derived_union,safe_violation,24,12,-0.0018084066471163,-0.030035530676979474,-0.0431972789115646,0.0,12,12,0,0.00048828125,0.00048828125,0.00244140625
codebert,0.01,0.1,unweighted_mondrian,prom_derived_union,singleton_coverage,24,24,-0.2952225774717166,-0.2983213199023832,-0.3279510022271715,-0.271424233221986,0,0,24,1.1920928955078125e-07,1.1920928955078125e-07,5.960464477539062e-07
codebert,0.01,0.1,unweighted_mondrian,prom_derived_union,review_load,24,24,0.29522257747171665,0.2983213199023832,0.27142423322198606,0.32795100222717144,0,0,24,1.1920928955078125e-07,1.1920928955078125e-07,5.960464477539062e-07
codebert,0.01,0.2,unweighted_mondrian,estimated_weight_no_gate_clip_20,max_relative_violation,24,17,0.0,-0.265486725663717,-0.6568364611260051,0.0,11,7,6,0.332305908203125,0.5790557861328125,1.0
codebert,0.01,0.2,unweighted_mondrian,estimated_weight_no_gate_clip_20,vulnerable_violation,24,14,0.0,0.0,-0.0053097345132743015,0.0,8,10,6,0.79052734375,0.855224609375,1.0
codebert,0.01,0.2,unweighted_mondrian,estimated_weight_no_gate_clip_20,safe_violation,24,17,-0.007546967257112201,-0.022319884802920603,-0.0379191972537628,0.0,14,7,3,0.012725830078125,0.007904052734375,0.007904052734375
codebert,0.01,0.2,unweighted_mondrian,estimated_weight_no_gate_clip_20,singleton_coverage,24,24,-0.049841487454038186,-0.05237045931487737,-0.07858455882352938,-0.022690463433326813,5,0,19,0.006610751152038574,0.0035042762756347656,0.006737351417541504
codebert,0.01,0.2,unweighted_mondrian,estimated_weight_no_gate_clip_20,review_load,24,24,0.04984148745403824,0.05237045931487738,0.026007139214686337,0.07858455882352944,5,0,19,0.006610751152038574,0.0035042762756347656,0.006737351417541504
codebert,0.01,0.2,unweighted_mondrian,vultriage_ess_only_clip_20,max_relative_violation,24,18,-0.5103023938664821,-0.5835694274962436,-0.9854469854469856,0.0,13,6,5,0.09625244140625,0.11870574951171875,0.474822998046875
codebert,0.01,0.2,unweighted_mondrian,vultriage_ess_only_clip_20,vulnerable_violation,24,15,0.0,-0.00427350427350425,-0.01135349739362345,0.0,10,9,5,0.30175781249999994,0.207763671875,0.8310546875
codebert,0.01,0.2,unweighted_mondrian,vultriage_ess_only_clip_20,safe_violation,24,16,-0.009780208379648152,-0.030050537522617576,-0.0534013605442176,0.0,15,8,1,0.000518798828125,6.103515625e-05,0.000244140625
codebert,0.01,0.2,unweighted_mondrian,vultriage_ess_only_clip_20,singleton_coverage,24,24,-0.08659645031715638,-0.19162272905960567,-0.3538344722854973,-0.046408839779005506,4,0,20,0.001543879508972168,6.389617919921875e-05,0.000255584716796875
codebert,0.01,0.2,unweighted_mondrian,vultriage_ess_only_clip_20,review_load,24,24,0.0865964503171564,0.1916227290596057,0.04640883977900556,0.35383447228549736,4,0,20,0.001543879508972168,6.389617919921875e-05,0.000255584716796875
codebert,0.01,0.2,unweighted_mondrian,vultriage_infinity_only_clip_20,max_relative_violation,24,17,0.0,-0.265486725663717,-0.6568364611260051,0.0,11,7,6,0.332305908203125,0.4873809814453125,1.0
codebert,0.01,0.2,unweighted_mondrian,vultriage_infinity_only_clip_20,vulnerable_violation,24,14,0.0,0.0,-0.0053097345132743015,0.0,8,10,6,0.79052734375,0.71484375,1.0
codebert,0.01,0.2,unweighted_mondrian,vultriage_infinity_only_clip_20,safe_violation,24,16,-0.007546967257112201,-0.02239944521497915,-0.0379191972537628,0.0,14,8,2,0.004180908203125,0.001678466796875,0.005035400390625
codebert,0.01,0.2,unweighted_mondrian,vultriage_infinity_only_clip_20,singleton_coverage,24,24,-0.049841487454038186,-0.06254804277380296,-0.09460834181078337,-0.026007139214686392,5,0,19,0.006610751152038574,0.002245783805847168,0.006737351417541504
codebert,0.01,0.2,unweighted_mondrian,vultriage_infinity_only_clip_20,review_load,24,24,0.04984148745403824,0.06254804277380296,0.026007139214686337,0.09460834181078337,5,0,19,0.006610751152038574,0.002245783805847168,0.006737351417541504
codebert,0.01,0.2,unweighted_mondrian,vultriage_full_gate_clip_20,max_relative_violation,24,17,0.0,-0.265486725663717,-0.6568364611260051,0.0,11,7,6,0.332305908203125,0.51708984375,1.0
codebert,0.01,0.2,unweighted_mondrian,vultriage_full_gate_clip_20,vulnerable_violation,24,14,0.0,0.0,-0.0053097345132743015,0.0,8,10,6,0.79052734375,0.7608642578125,1.0
codebert,0.01,0.2,unweighted_mondrian,vultriage_full_gate_clip_20,safe_violation,24,16,-0.007546967257112201,-0.02239944521497915,-0.0379191972537628,0.0,14,8,2,0.004180908203125,0.001678466796875,0.005035400390625
codebert,0.01,0.2,unweighted_mondrian,vultriage_full_gate_clip_20,singleton_coverage,24,24,-0.049841487454038186,-0.05915598093531291,-0.09460834181078337,-0.022690463433326813,5,0,19,0.006610751152038574,0.002814650535583496,0.006737351417541504
codebert,0.01,0.2,unweighted_mondrian,vultriage_full_gate_clip_20,review_load,24,24,0.04984148745403824,0.059155980935312866,0.026007139214686337,0.09460834181078337,5,0,19,0.006610751152038574,0.002814650535583496,0.006737351417541504
codebert,0.01,0.2,unweighted_mondrian,prom_derived_union,max_relative_violation,24,22,-2.4091184232827296,-3.994723476374853,-6.758620689655173,-1.73972602739726,22,2,0,4.76837158203125e-07,4.76837158203125e-07,2.384185791015625e-06
codebert,0.01,0.2,unweighted_mondrian,prom_derived_union,vulnerable_violation,24,19,-0.0240911842328272,-0.03781931317321512,-0.0675862068965517,-0.0166663760408038,19,5,0,3.814697265625e-06,3.814697265625e-06,1.9073486328125e-05
codebert,0.01,0.2,unweighted_mondrian,prom_derived_union,safe_violation,24,16,-0.0221439895606336,-0.040800111469836024,-0.06264062431279065,0.0,16,8,0,3.0517578125e-05,3.0517578125e-05,0.000152587890625
codebert,0.01,0.2,unweighted_mondrian,prom_derived_union,singleton_coverage,24,24,-0.42353258991798803,-0.42756687112834,-0.470873786407767,-0.3837076513132851,0,0,24,1.1920928955078125e-07,1.1920928955078125e-07,5.960464477539062e-07
codebert,0.01,0.2,unweighted_mondrian,prom_derived_union,review_load,24,24,0.4235325899179881,0.42756687112834013,0.3837076513132851,0.470873786407767,0,0,24,1.1920928955078125e-07,1.1920928955078125e-07,5.960464477539062e-07
codebert,0.05,0.05,unweighted_mondrian,estimated_weight_no_gate_clip_20,max_relative_violation,24,20,0.0,0.10607915136678901,-0.3571428571428572,0.3399433427762042,9,4,11,0.8238029479980469,0.6215133666992188,1.0
codebert,0.05,0.05,unweighted_mondrian,estimated_weight_no_gate_clip_20,vulnerable_violation,24,19,0.009896890476577054,0.0154411764705882,0.0,0.0308823529411764,6,5,13,0.1670684814453125,0.044559478759765625,0.1782379150390625
codebert,0.05,0.05,unweighted_mondrian,estimated_weight_no_gate_clip_20,safe_violation,24,10,0.0,-0.004064043829042125,-0.010942384993300597,0.0,9,14,1,0.021484375,0.009765625,0.0390625
codebert,0.05,0.05,unweighted_mondrian,estimated_weight_no_gate_clip_20,singleton_coverage,24,23,0.00893419867947183,0.008944500201108214,-0.01865245527217363,0.05095184770436734,14,1,9,0.4048728942871094,0.5599584579467773,1.0
codebert,0.05,0.05,unweighted_mondrian,estimated_weight_no_gate_clip_20,review_load,24,23,-0.008934198679471816,-0.00894450020110818,-0.05095184770436739,0.01865245527217363,14,1,9,0.4048728942871094,0.5599584579467773,1.0
codebert,0.05,0.05,unweighted_mondrian,vultriage_ess_only_clip_20,max_relative_violation,24,20,0.0,0.09174311926605505,-0.3928490581044622,0.3399433427762042,9,4,11,0.8238029479980469,0.7841262817382812,1.0
codebert,0.05,0.05,unweighted_mondrian,vultriage_ess_only_clip_20,vulnerable_violation,24,19,0.009896890476577054,0.013244396392150302,0.0,0.0308823529411764,6,5,13,0.1670684814453125,0.104156494140625,0.20831298828125
codebert,0.05,0.05,unweighted_mondrian,vultriage_ess_only_clip_20,safe_violation,24,10,0.0,-0.004064043829042125,-0.010942384993300597,0.0,9,14,1,0.021484375,0.009765625,0.0390625
codebert,0.05,0.05,unweighted_mondrian,vultriage_ess_only_clip_20,singleton_coverage,24,23,0.00893419867947183,0.0069707685854659696,-0.0204081632653062,0.05095184770436734,14,1,9,0.4048728942871094,0.776785135269165,1.0
codebert,0.05,0.05,unweighted_mondrian,vultriage_ess_only_clip_20,review_load,24,23,-0.008934198679471816,-0.006970768585465928,-0.05095184770436739,0.02366801580434289,14,1,9,0.4048728942871094,0.776785135269165,1.0
codebert,0.05,0.05,unweighted_mondrian,vultriage_infinity_only_clip_20,max_relative_violation,24,20,0.0,0.10607915136678901,-0.3571428571428572,0.3399433427762042,9,4,11,0.8238029479980469,0.6215133666992188,1.0
codebert,0.05,0.05,unweighted_mondrian,vultriage_infinity_only_clip_20,vulnerable_violation,24,19,0.009896890476577054,0.0154411764705882,0.0,0.0308823529411764,6,5,13,0.1670684814453125,0.044559478759765625,0.1782379150390625
codebert,0.05,0.05,unweighted_mondrian,vultriage_infinity_only_clip_20,safe_violation,24,10,0.0,-0.004064043829042125,-0.010942384993300597,0.0,9,14,1,0.021484375,0.009765625,0.0390625
codebert,0.05,0.05,unweighted_mondrian,vultriage_infinity_only_clip_20,singleton_coverage,24,23,0.00893419867947183,0.008944500201108214,-0.01865245527217363,0.05095184770436734,14,1,9,0.4048728942871094,0.5599584579467773,1.0
codebert,0.05,0.05,unweighted_mondrian,vultriage_infinity_only_clip_20,review_load,24,23,-0.008934198679471816,-0.00894450020110818,-0.05095184770436739,0.01865245527217363,14,1,9,0.4048728942871094,0.5599584579467773,1.0
codebert,0.05,0.05,unweighted_mondrian,vultriage_full_gate_clip_20,max_relative_violation,24,20,0.0,0.029461171155919223,-0.3928490581044622,0.3399433427762042,9,4,11,0.8238029479980469,0.8983173370361328,1.0
codebert,0.05,0.05,unweighted_mondrian,vultriage_full_gate_clip_20,vulnerable_violation,24,19,0.009896890476577054,0.0123152709359606,0.0,0.0308823529411764,6,5,13,0.1670684814453125,0.18186569213867188,0.20831298828125
codebert,0.05,0.05,unweighted_mondrian,vultriage_full_gate_clip_20,safe_violation,24,10,0.0,-0.004064043829042125,-0.010942384993300597,0.0,9,14,1,0.021484375,0.009765625,0.0390625
codebert,0.05,0.05,unweighted_mondrian,vultriage_full_gate_clip_20,singleton_coverage,24,23,0.00893419867947183,0.0069707685854659696,-0.0204081632653062,0.05095184770436734,14,1,9,0.4048728942871094,0.776785135269165,1.0
codebert,0.05,0.05,unweighted_mondrian,vultriage_full_gate_clip_20,review_load,24,23,-0.008934198679471816,-0.006970768585465928,-0.05095184770436739,0.02797869276685322,14,1,9,0.4048728942871094,0.776785135269165,1.0
codebert,0.05,0.05,unweighted_mondrian,prom_derived_union,max_relative_violation,24,22,-1.6605504587155964,-2.04246201500775,-2.5610766045548647,-1.198391420911528,22,2,0,4.76837158203125e-07,4.76837158203125e-07,2.384185791015625e-06
codebert,0.05,0.05,unweighted_mondrian,prom_derived_union,vulnerable_violation,24,19,-0.07616708614110575,-0.08713235294117645,-0.1168987549148099,-0.0207762557077625,19,5,0,3.814697265625e-06,3.814697265625e-06,1.9073486328125e-05
codebert,0.05,0.05,unweighted_mondrian,prom_derived_union,safe_violation,24,11,0.0,-0.0190447916954627,-0.0312862885216614,0.0,11,13,0,0.0009765625,0.0009765625,0.0048828125
codebert,0.05,0.05,unweighted_mondrian,prom_derived_union,singleton_coverage,24,24,-0.4430352831431079,-0.4265922536879198,-0.4694669958134876,-0.3825088339222615,0,0,24,1.1920928955078125e-07,1.1920928955078125e-07,5.960464477539062e-07
codebert,0.05,0.05,unweighted_mondrian,prom_derived_union,review_load,24,24,0.443035283143108,0.42659225368791986,0.38250883392226154,0.46631403118040093,0,0,24,1.1920928955078125e-07,1.1920928955078125e-07,5.960464477539062e-07
codebert,0.05,0.1,unweighted_mondrian,estimated_weight_no_gate_clip_20,max_relative_violation,24,21,0.0,0.09650223687860127,-0.19205002233139784,0.3399433427762042,10,3,11,1.0,0.5167608261108398,1.0
codebert,0.05,0.1,unweighted_mondrian,estimated_weight_no_gate_clip_20,vulnerable_violation,24,19,0.009896890476577054,0.0154411764705882,0.0,0.0308823529411764,6,5,13,0.1670684814453125,0.044559478759765625,0.1782379150390625
codebert,0.05,0.1,unweighted_mondrian,estimated_weight_no_gate_clip_20,safe_violation,24,13,-0.0012239902080783509,-0.00998613037447985,-0.019205002233139805,0.0,12,11,1,0.00341796875,0.001220703125,0.00244140625
codebert,0.05,0.1,unweighted_mondrian,estimated_weight_no_gate_clip_20,singleton_coverage,24,24,0.001922529667641143,-0.001578982412829319,-0.025700934579439227,0.010600706713780883,13,0,11,0.8388197422027588,0.8774070739746094,1.0
codebert,0.05,0.1,unweighted_mondrian,estimated_weight_no_gate_clip_20,review_load,24,24,-0.0019225296676411152,0.0015789824128292773,-0.010600706713780883,0.025700934579439227,13,0,11,0.8388197422027588,0.8774070739746094,1.0
codebert,0.05,0.1,unweighted_mondrian,vultriage_ess_only_clip_20,max_relative_violation,24,21,0.0,0.0842303715866935,-0.19205002233139784,0.3399433427762042,10,3,11,1.0,0.6578273773193359,1.0
codebert,0.05,0.1,unweighted_mondrian,vultriage_ess_only_clip_20,vulnerable_violation,24,19,0.009896890476577054,0.013244396392150302,0.0,0.0308823529411764,6,5,13,0.1670684814453125,0.104156494140625,0.20831298828125
codebert,0.05,0.1,unweighted_mondrian,vultriage_ess_only_clip_20,safe_violation,24,12,-0.0012239902080783509,-0.00998613037447985,-0.019205002233139805,0.0,12,12,0,0.00048828125,0.00048828125,0.00244140625
codebert,0.05,0.1,unweighted_mondrian,vultriage_ess_only_clip_20,singleton_coverage,24,24,0.0006436486555177201,-0.007601977841852986,-0.040331491712707224,0.010600706713780883,12,0,12,1.0,0.5838061571121216,1.0
codebert,0.05,0.1,unweighted_mondrian,vultriage_ess_only_clip_20,review_load,24,24,-0.0006436486555176646,0.007601977841853014,-0.010600706713780883,0.04033149171270711,12,0,12,1.0,0.5838061571121216,1.0
codebert,0.05,0.1,unweighted_mondrian,vultriage_infinity_only_clip_20,max_relative_violation,24,21,0.0,0.09650223687860127,-0.19205002233139784,0.3399433427762042,10,3,11,1.0,0.5167608261108398,1.0
codebert,0.05,0.1,unweighted_mondrian,vultriage_infinity_only_clip_20,vulnerable_violation,24,19,0.009896890476577054,0.0154411764705882,0.0,0.0308823529411764,6,5,13,0.1670684814453125,0.044559478759765625,0.1782379150390625
codebert,0.05,0.1,unweighted_mondrian,vultriage_infinity_only_clip_20,safe_violation,24,13,-0.0012239902080783509,-0.00998613037447985,-0.019205002233139805,0.0,12,11,1,0.00341796875,0.001220703125,0.00244140625
codebert,0.05,0.1,unweighted_mondrian,vultriage_infinity_only_clip_20,singleton_coverage,24,24,0.001922529667641143,-0.001578982412829319,-0.025700934579439227,0.010600706713780883,13,0,11,0.8388197422027588,0.8774070739746094,1.0
codebert,0.05,0.1,unweighted_mondrian,vultriage_infinity_only_clip_20,review_load,24,24,-0.0019225296676411152,0.0015789824128292773,-0.010600706713780883,0.025700934579439227,13,0,11,0.8388197422027588,0.8774070739746094,1.0
codebert,0.05,0.1,unweighted_mondrian,vultriage_full_gate_clip_20,max_relative_violation,24,21,0.0,0.07672493870383747,-0.19205002233139784,0.3399433427762042,10,3,11,1.0,0.7079343795776367,1.0
codebert,0.05,0.1,unweighted_mondrian,vultriage_full_gate_clip_20,vulnerable_violation,24,19,0.009896890476577054,0.0123152709359606,0.0,0.0308823529411764,6,5,13,0.1670684814453125,0.18186569213867188,0.20831298828125
codebert,0.05,0.1,unweighted_mondrian,vultriage_full_gate_clip_20,safe_violation,24,12,-0.0012239902080783509,-0.00998613037447985,-0.019205002233139805,0.0,12,12,0,0.00048828125,0.00048828125,0.00244140625
codebert,0.05,0.1,unweighted_mondrian,vultriage_full_gate_clip_20,singleton_coverage,24,24,0.0006436486555177201,-0.007601977841852986,-0.040331491712707224,0.010600706713780883,12,0,12,1.0,0.5838061571121216,1.0
codebert,0.05,0.1,unweighted_mondrian,vultriage_full_gate_clip_20,review_load,24,24,-0.0006436486555176646,0.007601977841853014,-0.010600706713780883,0.04033149171270711,12,0,12,1.0,0.5838061571121216,1.0
codebert,0.05,0.1,unweighted_mondrian,prom_derived_union,max_relative_violation,24,22,-1.6438506743330654,-1.9139697119857702,-2.333333333333333,-1.0643431635388738,22,2,0,4.76837158203125e-07,4.76837158203125e-07,2.384185791015625e-06
codebert,0.05,0.1,unweighted_mondrian,prom_derived_union,vulnerable_violation,24,19,-0.07616708614110575,-0.08713235294117645,-0.11666666666666661,-0.0207762557077625,19,5,0,3.814697265625e-06,3.814697265625e-06,1.9073486328125e-05
codebert,0.05,0.1,unweighted_mondrian,prom_derived_union,safe_violation,24,12,-0.0018084066471163,-0.030035530676979474,-0.0431972789115646,0.0,12,12,0,0.00048828125,0.00048828125,0.00244140625
codebert,0.05,0.1,unweighted_mondrian,prom_derived_union,singleton_coverage,24,24,-0.49910300434048427,-0.5006104127737312,-0.5312859884836852,-0.474059003051882,0,0,24,1.1920928955078125e-07,1.1920928955078125e-07,5.960464477539062e-07
codebert,0.05,0.1,unweighted_mondrian,prom_derived_union,review_load,24,24,0.4991030043404844,0.5006104127737312,0.474059003051882,0.5312859884836854,0,0,24,1.1920928955078125e-07,1.1920928955078125e-07,5.960464477539062e-07
codebert,0.05,0.2,unweighted_mondrian,estimated_weight_no_gate_clip_20,max_relative_violation,24,21,0.0,0.11450497167623358,-0.14184397163120632,0.3399433427762042,10,3,11,1.0,0.37372493743896484,1.0
codebert,0.05,0.2,unweighted_mondrian,estimated_weight_no_gate_clip_20,vulnerable_violation,24,19,0.009896890476577054,0.0154411764705882,0.0,0.0308823529411764,6,5,13,0.1670684814453125,0.044559478759765625,0.1782379150390625
codebert,0.05,0.2,unweighted_mondrian,estimated_weight_no_gate_clip_20,safe_violation,24,17,-0.007546967257112201,-0.022319884802920603,-0.0379191972537628,0.0,14,7,3,0.012725830078125,0.007904052734375,0.01580810546875
codebert,0.05,0.2,unweighted_mondrian,estimated_weight_no_gate_clip_20,singleton_coverage,24,24,-0.013344389989378203,-0.013378877295195296,-0.05138121546961327,0.010022271714922093,9,0,15,0.30745625495910645,0.2405325174331665,0.481065034866333
codebert,0.05,0.2,unweighted_mondrian,estimated_weight_no_gate_clip_20,review_load,24,24,0.013344389989378203,0.013378877295195268,-0.010022271714922149,0.05138121546961322,9,0,15,0.30745625495910645,0.2405325174331665,0.481065034866333
codebert,0.05,0.2,unweighted_mondrian,vultriage_ess_only_clip_20,max_relative_violation,24,21,0.0,0.0990708580218495,-0.14184397163120632,0.3399433427762042,10,3,11,1.0,0.49480247497558594,1.0
codebert,0.05,0.2,unweighted_mondrian,vultriage_ess_only_clip_20,vulnerable_violation,24,19,0.009896890476577054,0.013244396392150302,0.0,0.0308823529411764,6,5,13,0.1670684814453125,0.104156494140625,0.20831298828125
codebert,0.05,0.2,unweighted_mondrian,vultriage_ess_only_clip_20,safe_violation,24,16,-0.007546967257112201,-0.02239944521497915,-0.0379191972537628,0.0,14,8,2,0.004180908203125,0.001678466796875,0.0067138671875
codebert,0.05,0.2,unweighted_mondrian,vultriage_ess_only_clip_20,singleton_coverage,24,24,-0.02332885672472873,-0.02315136478760625,-0.059550561797752755,0.0010204081632653184,8,0,16,0.15158963203430176,0.08937323093414307,0.35749292373657227
codebert,0.05,0.2,unweighted_mondrian,vultriage_ess_only_clip_20,review_load,24,24,0.02332885672472873,0.023151364787606266,-0.0010204081632653184,0.05955056179775281,8,0,16,0.15158963203430176,0.08937323093414307,0.35749292373657227
codebert,0.05,0.2,unweighted_mondrian,vultriage_infinity_only_clip_20,max_relative_violation,24,21,0.0,0.11450497167623358,-0.14184397163120632,0.3399433427762042,10,3,11,1.0,0.37372493743896484,1.0
codebert,0.05,0.2,unweighted_mondrian,vultriage_infinity_only_clip_20,vulnerable_violation,24,19,0.009896890476577054,0.0154411764705882,0.0,0.0308823529411764,6,5,13,0.1670684814453125,0.044559478759765625,0.1782379150390625
codebert,0.05,0.2,unweighted_mondrian,vultriage_infinity_only_clip_20,safe_violation,24,17,-0.007546967257112201,-0.022319884802920603,-0.0379191972537628,0.0,14,7,3,0.012725830078125,0.007904052734375,0.01580810546875
codebert,0.05,0.2,unweighted_mondrian,vultriage_infinity_only_clip_20,singleton_coverage,24,24,-0.013344389989378203,-0.013378877295195296,-0.05138121546961327,0.010022271714922093,9,0,15,0.30745625495910645,0.2405325174331665,0.481065034866333
codebert,0.05,0.2,unweighted_mondrian,vultriage_infinity_only_clip_20,review_load,24,24,0.013344389989378203,0.013378877295195268,-0.010022271714922149,0.05138121546961322,9,0,15,0.30745625495910645,0.2405325174331665,0.481065034866333
codebert,0.05,0.2,unweighted_mondrian,vultriage_full_gate_clip_20,max_relative_violation,24,21,0.0,0.0920007233558196,-0.14184397163120632,0.3399433427762042,10,3,11,1.0,0.6091489791870117,1.0
codebert,0.05,0.2,unweighted_mondrian,vultriage_full_gate_clip_20,vulnerable_violation,24,19,0.009896890476577054,0.0123152709359606,0.0,0.0308823529411764,6,5,13,0.1670684814453125,0.18186569213867188,0.20831298828125
codebert,0.05,0.2,unweighted_mondrian,vultriage_full_gate_clip_20,safe_violation,24,16,-0.007546967257112201,-0.02239944521497915,-0.0379191972537628,0.0,14,8,2,0.004180908203125,0.001678466796875,0.0067138671875
codebert,0.05,0.2,unweighted_mondrian,vultriage_full_gate_clip_20,singleton_coverage,24,24,-0.02332885672472873,-0.02315136478760625,-0.059550561797752755,0.0010204081632653184,8,0,16,0.15158963203430176,0.08937323093414307,0.35749292373657227
codebert,0.05,0.2,unweighted_mondrian,vultriage_full_gate_clip_20,review_load,24,24,0.02332885672472873,0.023151364787606266,-0.0010204081632653184,0.05955056179775281,8,0,16,0.15158963203430176,0.08937323093414307,0.35749292373657227
codebert,0.05,0.2,unweighted_mondrian,prom_derived_union,max_relative_violation,24,23,-1.5233417228221156,-1.8810555028223794,-2.333333333333333,-0.9854469854469856,23,1,0,2.384185791015625e-07,2.384185791015625e-07,1.1920928955078125e-06
codebert,0.05,0.2,unweighted_mondrian,prom_derived_union,vulnerable_violation,24,19,-0.07616708614110575,-0.08713235294117645,-0.11666666666666661,-0.0207762557077625,19,5,0,3.814697265625e-06,3.814697265625e-06,1.9073486328125e-05
codebert,0.05,0.2,unweighted_mondrian,prom_derived_union,safe_violation,24,16,-0.0221439895606336,-0.040800111469836024,-0.06264062431279065,0.0,16,8,0,3.0517578125e-05,3.0517578125e-05,0.000152587890625
codebert,0.05,0.2,unweighted_mondrian,prom_derived_union,singleton_coverage,24,24,-0.6317810267615018,-0.6281644889280869,-0.6507991882952603,-0.5971443141254462,0,0,24,1.1920928955078125e-07,1.1920928955078125e-07,5.960464477539062e-07
codebert,0.05,0.2,unweighted_mondrian,prom_derived_union,review_load,24,24,0.6317810267615018,0.628164488928087,0.5971443141254462,0.6501086792496982,0,0,24,1.1920928955078125e-07,1.1920928955078125e-07,5.960464477539062e-07
codebert,0.1,0.05,unweighted_mondrian,estimated_weight_no_gate_clip_20,max_relative_violation,24,23,0.028328611898016942,-0.002768111357165537,-0.4273504273504276,0.5504587155963303,11,1,12,1.0,0.988100528717041,1.0
codebert,0.1,0.05,unweighted_mondrian,estimated_weight_no_gate_clip_20,vulnerable_violation,24,22,0.02980713033313849,0.029903565166569248,0.0,0.0617647058823529,7,2,15,0.13380050659179688,0.07942724227905273,0.31770896911621094
codebert,0.1,0.05,unweighted_mondrian,estimated_weight_no_gate_clip_20,safe_violation,24,10,0.0,-0.004064043829042125,-0.010942384993300597,0.0,9,14,1,0.021484375,0.009765625,0.0390625
codebert,0.1,0.05,unweighted_mondrian,estimated_weight_no_gate_clip_20,singleton_coverage,24,24,0.006781424275706133,0.007017930455179913,-0.010172939979654017,0.038633818589025815,14,0,10,0.5412561893463135,0.5270590782165527,1.0
codebert,0.1,0.05,unweighted_mondrian,estimated_weight_no_gate_clip_20,review_load,24,24,-0.006781424275706133,-0.007017930455179899,-0.03863381858902576,0.01772402085599035,14,0,10,0.5412561893463135,0.5270590782165527,1.0
codebert,0.1,0.05,unweighted_mondrian,vultriage_ess_only_clip_20,max_relative_violation,24,23,0.028328611898016942,-0.002768111357165537,-0.4273504273504276,0.5504587155963303,11,1,12,1.0,0.988100528717041,1.0
codebert,0.1,0.05,unweighted_mondrian,vultriage_ess_only_clip_20,vulnerable_violation,24,22,0.02980713033313849,0.029903565166569248,0.0,0.0617647058823529,7,2,15,0.13380050659179688,0.07942724227905273,0.31770896911621094
codebert,0.1,0.05,unweighted_mondrian,vultriage_ess_only_clip_20,safe_violation,24,10,0.0,-0.004064043829042125,-0.010942384993300597,0.0,9,14,1,0.021484375,0.009765625,0.0390625
codebert,0.1,0.05,unweighted_mondrian,vultriage_ess_only_clip_20,singleton_coverage,24,24,0.006781424275706133,0.007017930455179913,-0.01751050571549645,0.038633818589025815,14,0,10,0.5412561893463135,0.5270590782165527,1.0
codebert,0.1,0.05,unweighted_mondrian,vultriage_ess_only_clip_20,review_load,24,24,-0.006781424275706133,-0.007017930455179899,-0.03863381858902576,0.017351095224240415,14,0,10,0.5412561893463135,0.5270590782165527,1.0
codebert,0.1,0.05,unweighted_mondrian,vultriage_infinity_only_clip_20,max_relative_violation,24,23,0.028328611898016942,-0.002768111357165537,-0.4273504273504276,0.5504587155963303,11,1,12,1.0,0.988100528717041,1.0
codebert,0.1,0.05,unweighted_mondrian,vultriage_infinity_only_clip_20,vulnerable_violation,24,22,0.02980713033313849,0.029903565166569248,0.0,0.0617647058823529,7,2,15,0.13380050659179688,0.07942724227905273,0.31770896911621094
codebert,0.1,0.05,unweighted_mondrian,vultriage_infinity_only_clip_20,safe_violation,24,10,0.0,-0.004064043829042125,-0.010942384993300597,0.0,9,14,1,0.021484375,0.009765625,0.0390625
codebert,0.1,0.05,unweighted_mondrian,vultriage_infinity_only_clip_20,singleton_coverage,24,24,0.006781424275706133,0.007017930455179913,-0.010172939979654017,0.038633818589025815,14,0,10,0.5412561893463135,0.5270590782165527,1.0
codebert,0.1,0.05,unweighted_mondrian,vultriage_infinity_only_clip_20,review_load,24,24,-0.006781424275706133,-0.007017930455179899,-0.03863381858902576,0.020208826718794815,14,0,10,0.5412561893463135,0.5270590782165527,1.0
codebert,0.1,0.05,unweighted_mondrian,vultriage_full_gate_clip_20,max_relative_violation,24,23,-0.09174311926605505,-0.15140069290455893,-0.43103448275862066,0.21215830273357802,12,1,11,1.0,0.5399188995361328,1.0
codebert,0.1,0.05,unweighted_mondrian,vultriage_full_gate_clip_20,vulnerable_violation,24,22,0.006372684198651238,0.012086320707691268,-0.018348623853210996,0.055045871559632975,9,2,13,0.5234670639038086,0.4434065818786621,0.4434065818786621
codebert,0.1,0.05,unweighted_mondrian,vultriage_full_gate_clip_20,safe_violation,24,10,0.0,-0.004064043829042125,-0.010942384993300597,0.0,9,14,1,0.021484375,0.009765625,0.0390625
codebert,0.1,0.05,unweighted_mondrian,vultriage_full_gate_clip_20,singleton_coverage,24,24,0.003764107094690966,-0.0002781189712750265,-0.03847590586477401,0.021201413427561877,13,0,11,0.8388197422027588,0.9664472341537476,1.0
codebert,0.1,0.05,unweighted_mondrian,vultriage_full_gate_clip_20,review_load,24,24,-0.0037641070946910216,0.00027811897127512364,-0.02120521732118068,0.03847590586477401,13,0,11,0.8388197422027588,0.9664472341537476,1.0
codebert,0.1,0.05,unweighted_mondrian,prom_derived_union,max_relative_violation,24,23,-1.5174468752450405,-1.698672290748716,-2.235294117647059,-1.110091743119266,23,1,0,2.384185791015625e-07,2.384185791015625e-07,1.1920928955078125e-06
codebert,0.1,0.05,unweighted_mondrian,prom_derived_union,vulnerable_violation,24,21,-0.11598617355822956,-0.13286084529505582,-0.1976190476190476,-0.0477832512315271,21,3,0,9.5367431640625e-07,9.5367431640625e-07,4.76837158203125e-06
codebert,0.1,0.05,unweighted_mondrian,prom_derived_union,safe_violation,24,11,0.0,-0.0190447916954627,-0.0312862885216614,0.0,11,13,0,0.0009765625,0.0009765625,0.0048828125
codebert,0.1,0.05,unweighted_mondrian,prom_derived_union,singleton_coverage,24,24,-0.5665450158691498,-0.5657558922197545,-0.6221990620114644,-0.5402298850574713,0,0,24,1.1920928955078125e-07,1.1920928955078125e-07,5.960464477539062e-07
codebert,0.1,0.05,unweighted_mondrian,prom_derived_union,review_load,24,24,0.56654501586915,0.5657558922197545,0.5402298850574713,0.6221990620114644,0,0,24,1.1920928955078125e-07,1.1920928955078125e-07,5.960464477539062e-07
codebert,0.1,0.1,unweighted_mondrian,estimated_weight_no_gate_clip_20,max_relative_violation,24,24,0.01608870981723365,0.05877719910327309,-0.36942790930158587,0.5504587155963303,12,0,12,1.0,0.7898378372192383,1.0
codebert,0.1,0.1,unweighted_mondrian,estimated_weight_no_gate_clip_20,vulnerable_violation,24,22,0.02980713033313849,0.029903565166569248,-0.0005654413905674902,0.0617647058823529,7,2,15,0.13380050659179688,0.07942724227905273,0.31770896911621094
codebert,0.1,0.1,unweighted_mondrian,estimated_weight_no_gate_clip_20,safe_violation,24,13,-0.0012239902080783509,-0.00998613037447985,-0.019205002233139805,0.0,12,11,1,0.00341796875,0.001220703125,0.003662109375
codebert,0.1,0.1,unweighted_mondrian,estimated_weight_no_gate_clip_20,singleton_coverage,24,24,-0.008751948993864056,-0.005659683955847539,-0.03673469387755102,0.02631578947368418,10,0,14,0.5412561893463135,0.6634435653686523,1.0
codebert,0.1,0.1,unweighted_mondrian,estimated_weight_no_gate_clip_20,review_load,24,24,0.008751948993864,0.005659683955847525,-0.026315789473684292,0.03673469387755102,10,0,14,0.5412561893463135,0.6634435653686523,1.0
codebert,0.1,0.1,unweighted_mondrian,vultriage_ess_only_clip_20,max_relative_violation,24,24,0.01608870981723365,0.05877719910327309,-0.36942790930158587,0.5504587155963303,12,0,12,1.0,0.7898378372192383,1.0
codebert,0.1,0.1,unweighted_mondrian,vultriage_ess_only_clip_20,vulnerable_violation,24,22,0.02980713033313849,0.029903565166569248,0.0,0.0617647058823529,7,2,15,0.13380050659179688,0.07942724227905273,0.31770896911621094
codebert,0.1,0.1,unweighted_mondrian,vultriage_ess_only_clip_20,safe_violation,24,13,-0.0012239902080783509,-0.00998613037447985,-0.019205002233139805,0.0,12,11,1,0.00341796875,0.001220703125,0.003662109375
codebert,0.1,0.1,unweighted_mondrian,vultriage_ess_only_clip_20,singleton_coverage,24,24,-0.008751948993864056,-0.005659683955847539,-0.03673469387755102,0.02631578947368418,10,0,14,0.5412561893463135,0.6634435653686523,1.0
codebert,0.1,0.1,unweighted_mondrian,vultriage_ess_only_clip_20,review_load,24,24,0.008751948993864,0.005659683955847525,-0.026315789473684292,0.03673469387755102,10,0,14,0.5412561893463135,0.6634435653686523,1.0
codebert,0.1,0.1,unweighted_mondrian,vultriage_infinity_only_clip_20,max_relative_violation,24,24,0.01608870981723365,0.05877719910327309,-0.36942790930158587,0.5504587155963303,12,0,12,1.0,0.7898378372192383,1.0
codebert,0.1,0.1,unweighted_mondrian,vultriage_infinity_only_clip_20,vulnerable_violation,24,22,0.02980713033313849,0.029903565166569248,-0.001733348855860406,0.0617647058823529,7,2,15,0.13380050659179688,0.07942724227905273,0.31770896911621094
codebert,0.1,0.1,unweighted_mondrian,vultriage_infinity_only_clip_20,safe_violation,24,13,-0.0012239902080783509,-0.00998613037447985,-0.019205002233139805,0.0,12,11,1,0.00341796875,0.001220703125,0.003662109375
codebert,0.1,0.1,unweighted_mondrian,vultriage_infinity_only_clip_20,singleton_coverage,24,24,-0.008751948993864056,-0.005659683955847539,-0.03673469387755102,0.02631578947368418,10,0,14,0.5412561893463135,0.6634435653686523,1.0
codebert,0.1,0.1,unweighted_mondrian,vultriage_infinity_only_clip_20,review_load,24,24,0.008751948993864,0.005659683955847525,-0.026315789473684292,0.03673469387755102,10,0,14,0.5412561893463135,0.6634435653686523,1.0
codebert,0.1,0.1,unweighted_mondrian,vultriage_full_gate_clip_20,max_relative_violation,24,24,-0.10398302134683834,-0.09844330166078571,-0.4273504273504276,0.3162439944049139,13,0,11,0.8388197422027588,0.6431422233581543,1.0
codebert,0.1,0.1,unweighted_mondrian,vultriage_full_gate_clip_20,vulnerable_violation,24,22,0.006372684198651238,0.012086320707691268,-0.018348623853210996,0.055045871559632975,9,2,13,0.5234670639038086,0.4434065818786621,0.4434065818786621
codebert,0.1,0.1,unweighted_mondrian,vultriage_full_gate_clip_20,safe_violation,24,12,-0.0012239902080783509,-0.00998613037447985,-0.019205002233139805,0.0,12,12,0,0.00048828125,0.00048828125,0.00244140625
codebert,0.1,0.1,unweighted_mondrian,vultriage_full_gate_clip_20,singleton_coverage,24,24,-0.011386385768318852,-0.015599322988969322,-0.03735524841240201,0.009588287393649808,9,0,15,0.30745625495910645,0.27681541442871094,1.0
codebert,0.1,0.1,unweighted_mondrian,vultriage_full_gate_clip_20,review_load,24,24,0.011386385768318796,0.015599322988969294,-0.008835078534031426,0.0373552484124019,9,0,15,0.30745625495910645,0.27681541442871094,1.0
codebert,0.1,0.1,unweighted_mondrian,prom_derived_union,max_relative_violation,24,23,-1.5174468752450405,-1.6130391022830124,-1.9761904761904758,-1.0643431635388738,23,1,0,2.384185791015625e-07,2.384185791015625e-07,1.1920928955078125e-06
codebert,0.1,0.1,unweighted_mondrian,prom_derived_union,vulnerable_violation,24,21,-0.11598617355822956,-0.13286084529505582,-0.1976190476190476,-0.0477832512315271,21,3,0,9.5367431640625e-07,9.5367431640625e-07,4.76837158203125e-06
codebert,0.1,0.1,unweighted_mondrian,prom_derived_union,safe_violation,24,12,-0.0018084066471163,-0.030035530676979474,-0.0431972789115646,0.0,12,12,0,0.00048828125,0.00048828125,0.00244140625
codebert,0.1,0.1,unweighted_mondrian,prom_derived_union,singleton_coverage,24,24,-0.63659961064244,-0.6367564531911961,-0.6752950133231823,-0.6066598384568088,0,0,24,1.1920928955078125e-07,1.1920928955078125e-07,5.960464477539062e-07
codebert,0.1,0.1,unweighted_mondrian,prom_derived_union,review_load,24,24,0.63659961064244,0.6367564531911962,0.6077669902912621,0.6752950133231823,0,0,24,1.1920928955078125e-07,1.1920928955078125e-07,5.960464477539062e-07
codebert,0.1,0.2,unweighted_mondrian,estimated_weight_no_gate_clip_20,max_relative_violation,24,24,-0.005168485020250163,0.1263512111313576,-0.28368794326241176,0.5504587155963303,12,0,12,1.0,0.5270590782165527,1.0
codebert,0.1,0.2,unweighted_mondrian,estimated_weight_no_gate_clip_20,vulnerable_violation,24,22,0.02980713033313849,0.029903565166569248,0.0,0.0617647058823529,7,2,15,0.13380050659179688,0.07942724227905273,0.31770896911621094
codebert,0.1,0.2,unweighted_mondrian,estimated_weight_no_gate_clip_20,safe_violation,24,17,-0.007546967257112201,-0.022319884802920603,-0.0379191972537628,0.0,14,7,3,0.012725830078125,0.007904052734375,0.023712158203125
codebert,0.1,0.2,unweighted_mondrian,estimated_weight_no_gate_clip_20,singleton_coverage,24,24,-0.023476957800677156,-0.022989261906168956,-0.03967446592065105,0.0019487750556792527,8,0,16,0.15158963203430176,0.06464934349060059,0.19394803047180176
codebert,0.1,0.2,unweighted_mondrian,estimated_weight_no_gate_clip_20,review_load,24,24,0.023476957800677073,0.022989261906168977,-0.0019487750556793082,0.0396744659206511,8,0,16,0.15158963203430176,0.06464934349060059,0.19394803047180176
codebert,0.1,0.2,unweighted_mondrian,vultriage_ess_only_clip_20,max_relative_violation,24,24,-0.005168485020250163,0.1263512111313576,-0.28368794326241176,0.5504587155963303,12,0,12,1.0,0.5270590782165527,1.0
codebert,0.1,0.2,unweighted_mondrian,vultriage_ess_only_clip_20,vulnerable_violation,24,22,0.02980713033313849,0.029903565166569248,-0.0010263870368125566,0.0617647058823529,7,2,15,0.13380050659179688,0.07942724227905273,0.31770896911621094
codebert,0.1,0.2,unweighted_mondrian,vultriage_ess_only_clip_20,safe_violation,24,17,-0.007546967257112201,-0.022319884802920603,-0.0379191972537628,0.0,14,7,3,0.012725830078125,0.007904052734375,0.023712158203125
codebert,0.1,0.2,unweighted_mondrian,vultriage_ess_only_clip_20,singleton_coverage,24,24,-0.023476957800677156,-0.022989261906168956,-0.03967446592065105,0.0019487750556792527,8,0,16,0.15158963203430176,0.06464934349060059,0.19394803047180176
codebert,0.1,0.2,unweighted_mondrian,vultriage_ess_only_clip_20,review_load,24,24,0.023476957800677073,0.022989261906168977,-0.0019487750556793082,0.0396744659206511,8,0,16,0.15158963203430176,0.06464934349060059,0.19394803047180176
codebert,0.1,0.2,unweighted_mondrian,vultriage_infinity_only_clip_20,max_relative_violation,24,24,-0.005168485020250163,0.1263512111313576,-0.28368794326241176,0.5504587155963303,12,0,12,1.0,0.5270590782165527,1.0
codebert,0.1,0.2,unweighted_mondrian,vultriage_infinity_only_clip_20,vulnerable_violation,24,22,0.02980713033313849,0.029903565166569248,-2.5659675920086377e-05,0.0617647058823529,7,2,15,0.13380050659179688,0.07942724227905273,0.31770896911621094
codebert,0.1,0.2,unweighted_mondrian,vultriage_infinity_only_clip_20,safe_violation,24,17,-0.007546967257112201,-0.022319884802920603,-0.0379191972537628,0.0,14,7,3,0.012725830078125,0.007904052734375,0.023712158203125
codebert,0.1,0.2,unweighted_mondrian,vultriage_infinity_only_clip_20,singleton_coverage,24,24,-0.023476957800677156,-0.022989261906168956,-0.03967446592065105,0.0019487750556792527,8,0,16,0.15158963203430176,0.06464934349060059,0.19394803047180176
codebert,0.1,0.2,unweighted_mondrian,vultriage_infinity_only_clip_20,review_load,24,24,0.023476957800677073,0.022989261906168977,-0.0019487750556793082,0.0396744659206511,8,0,16,0.15158963203430176,0.06464934349060059,0.19394803047180176
codebert,0.1,0.2,unweighted_mondrian,vultriage_full_gate_clip_20,max_relative_violation,24,24,-0.08653667260166166,-0.05599098212852066,-0.3677999266234562,0.44334975369458096,13,0,11,0.8388197422027588,0.8553357124328613,1.0
codebert,0.1,0.2,unweighted_mondrian,vultriage_full_gate_clip_20,vulnerable_violation,24,22,0.006372684198651238,0.012086320707691268,-0.018348623853210996,0.055045871559632975,9,2,13,0.5234670639038086,0.4434065818786621,0.4434065818786621
codebert,0.1,0.2,unweighted_mondrian,vultriage_full_gate_clip_20,safe_violation,24,16,-0.007546967257112201,-0.02239944521497915,-0.0379191972537628,0.0,14,8,2,0.004180908203125,0.001678466796875,0.0067138671875
codebert,0.1,0.2,unweighted_mondrian,vultriage_full_gate_clip_20,singleton_coverage,24,24,-0.026629549370534744,-0.028668331968396688,-0.0507077767461363,-0.008695652173912993,7,0,17,0.06391465663909912,0.009575724601745605,0.03830289840698242
codebert,0.1,0.2,unweighted_mondrian,vultriage_full_gate_clip_20,review_load,24,24,0.026629549370534647,0.0286683319683967,0.008695652173913132,0.04940248855600425,7,0,17,0.06391465663909912,0.009575724601745605,0.03830289840698242
codebert,0.1,0.2,unweighted_mondrian,prom_derived_union,max_relative_violation,24,24,-1.2383562366934702,-1.5061125479933093,-1.9761904761904758,-0.9854469854469856,24,0,0,1.1920928955078125e-07,1.1920928955078125e-07,5.960464477539062e-07
codebert,0.1,0.2,unweighted_mondrian,prom_derived_union,vulnerable_violation,24,21,-0.11598617355822956,-0.13286084529505582,-0.1976190476190476,-0.0477832512315271,21,3,0,9.5367431640625e-07,9.5367431640625e-07,4.76837158203125e-06
codebert,0.1,0.2,unweighted_mondrian,prom_derived_union,safe_violation,24,16,-0.0221439895606336,-0.040800111469836024,-0.057050575901132404,0.0,16,8,0,3.0517578125e-05,3.0517578125e-05,0.000152587890625
codebert,0.1,0.2,unweighted_mondrian,prom_derived_union,singleton_coverage,24,24,-0.7680339319368932,-0.7658891910432999,-0.788488992227895,-0.744776119402985,0,0,24,1.1920928955078125e-07,1.1920928955078125e-07,5.960464477539062e-07
codebert,0.1,0.2,unweighted_mondrian,prom_derived_union,review_load,24,24,0.7680339319368932,0.7658891910433,0.7445266060710283,0.788488992227895,0,0,24,1.1920928955078125e-07,1.1920928955078125e-07,5.960464477539062e-07
hashing,0.01,0.05,unweighted_mondrian,estimated_weight_no_gate_clip_20,max_relative_violation,24,23,-0.42839794034780915,-0.5542419222712027,-0.8334552771172491,-0.1571428571428571,21,1,2,6.604194641113281e-05,3.337860107421875e-06,4.76837158203125e-06
hashing,0.01,0.05,unweighted_mondrian,estimated_weight_no_gate_clip_20,vulnerable_violation,24,15,-0.00173809523809523,-0.004603849943552395,-0.00724200913242008,0.0,15,9,0,6.103515625e-05,6.103515625e-05,0.000152587890625
hashing,0.01,0.05,unweighted_mondrian,estimated_weight_no_gate_clip_20,safe_violation,24,13,0.0,-0.0006241331484049999,-0.0012482662968099998,0.0,9,11,4,0.266845703125,0.09423828125,0.09423828125
hashing,0.01,0.05,unweighted_mondrian,estimated_weight_no_gate_clip_20,singleton_coverage,24,24,-0.057107364685004436,-0.05905448499357049,-0.06743295019157092,-0.04537131230925737,0,0,24,1.1920928955078125e-07,1.1920928955078125e-07,5.960464477539062e-07
hashing,0.01,0.05,unweighted_mondrian,estimated_weight_no_gate_clip_20,review_load,24,24,0.05710736468500455,0.05905448499357055,0.045371312309257505,0.06743295019157103,0,0,24,1.1920928955078125e-07,1.1920928955078125e-07,5.960464477539062e-07
hashing,0.01,0.05,unweighted_mondrian,vultriage_ess_only_clip_20,max_relative_violation,24,21,-0.5440628748185089,-0.6425420855194695,-0.8799171842650104,-0.1932011331444759,21,3,0,9.5367431640625e-07,9.5367431640625e-07,4.76837158203125e-06
hashing,0.01,0.05,unweighted_mondrian,vultriage_ess_only_clip_20,vulnerable_violation,24,16,-0.0019183866181033,-0.004620689655172401,-0.00724200913242008,0.0,16,8,0,3.0517578125e-05,3.0517578125e-05,0.000152587890625
hashing,0.01,0.05,unweighted_mondrian,vultriage_ess_only_clip_20,safe_violation,24,11,0.0,-0.0006241331484049999,-0.0018831168831168602,0.0,9,13,2,0.0654296875,0.0244140625,0.0732421875
hashing,0.01,0.05,unweighted_mondrian,vultriage_ess_only_clip_20,singleton_coverage,24,24,-0.09546146039701052,-0.10074009433265749,-0.12871690427698573,-0.05788819875776395,0,0,24,1.1920928955078125e-07,1.1920928955078125e-07,5.960464477539062e-07
hashing,0.01,0.05,unweighted_mondrian,vultriage_ess_only_clip_20,review_load,24,24,0.09546146039701053,0.10074009433265746,0.057888198757764076,0.1287169042769858,0,0,24,1.1920928955078125e-07,1.1920928955078125e-07,5.960464477539062e-07
hashing,0.01,0.05,unweighted_mondrian,vultriage_infinity_only_clip_20,max_relative_violation,24,21,-0.7468189552805219,-0.8035382806624349,-1.1126760563380282,-0.2987012987012987,21,3,0,9.5367431640625e-07,9.5367431640625e-07,4.76837158203125e-06
hashing,0.01,0.05,unweighted_mondrian,vultriage_infinity_only_clip_20,vulnerable_violation,24,16,-0.0019183866181033,-0.004620689655172401,-0.00724200913242008,0.0,16,8,0,3.0517578125e-05,3.0517578125e-05,0.000152587890625
hashing,0.01,0.05,unweighted_mondrian,vultriage_infinity_only_clip_20,safe_violation,24,10,0.0,-0.0019511440940012102,-0.00484049930651872,0.0,10,14,0,0.001953125,0.001953125,0.009765625
hashing,0.01,0.05,unweighted_mondrian,vultriage_infinity_only_clip_20,singleton_coverage,24,24,-0.11937325683808774,-0.12431093673249327,-0.15383447228549732,-0.10595009596928975,0,0,24,1.1920928955078125e-07,1.1920928955078125e-07,5.960464477539062e-07
hashing,0.01,0.05,unweighted_mondrian,vultriage_infinity_only_clip_20,review_load,24,24,0.11937325683808775,0.12431093673249333,0.10595009596928973,0.1538344722854973,0,0,24,1.1920928955078125e-07,1.1920928955078125e-07,5.960464477539062e-07
hashing,0.01,0.05,unweighted_mondrian,vultriage_full_gate_clip_20,max_relative_violation,24,22,-0.5440628748185089,-0.6425420855194695,-0.8968603585032566,-0.1932011331444759,21,2,1,1.0967254638671875e-05,1.430511474609375e-06,4.76837158203125e-06
hashing,0.01,0.05,unweighted_mondrian,vultriage_full_gate_clip_20,vulnerable_violation,24,16,-0.0019183866181033,-0.004620689655172401,-0.00724200913242008,0.0,16,8,0,3.0517578125e-05,3.0517578125e-05,0.000152587890625
hashing,0.01,0.05,unweighted_mondrian,vultriage_full_gate_clip_20,safe_violation,24,12,0.0,-0.0006241331484049999,-0.0012482662968099998,0.0,9,12,3,0.14599609375,0.04248046875,0.0849609375
hashing,0.01,0.05,unweighted_mondrian,vultriage_full_gate_clip_20,singleton_coverage,24,24,-0.08443527486752475,-0.08937622306120599,-0.1151576805696846,-0.05632653061224493,0,0,24,1.1920928955078125e-07,1.1920928955078125e-07,5.960464477539062e-07
hashing,0.01,0.05,unweighted_mondrian,vultriage_full_gate_clip_20,review_load,24,24,0.08443527486752489,0.08937622306120602,0.05632653061224502,0.11515768056968467,0,0,24,1.1920928955078125e-07,1.1920928955078125e-07,5.960464477539062e-07
hashing,0.01,0.05,unweighted_mondrian,prom_derived_union,max_relative_violation,24,21,-0.7468189552805219,-0.8035382806624349,-1.1126760563380282,-0.2987012987012987,21,3,0,9.5367431640625e-07,9.5367431640625e-07,4.76837158203125e-06
hashing,0.01,0.05,unweighted_mondrian,prom_derived_union,vulnerable_violation,24,16,-0.0019183866181033,-0.004620689655172401,-0.00724200913242008,0.0,16,8,0,3.0517578125e-05,3.0517578125e-05,0.000152587890625
hashing,0.01,0.05,unweighted_mondrian,prom_derived_union,safe_violation,24,10,0.0,-0.0019511440940012102,-0.00484049930651872,0.0,10,14,0,0.001953125,0.001953125,0.009765625
hashing,0.01,0.05,unweighted_mondrian,prom_derived_union,singleton_coverage,24,24,-0.11937325683808774,-0.12431093673249327,-0.15383447228549732,-0.10595009596928975,0,0,24,1.1920928955078125e-07,1.1920928955078125e-07,5.960464477539062e-07
hashing,0.01,0.05,unweighted_mondrian,prom_derived_union,review_load,24,24,0.11937325683808775,0.12431093673249333,0.10595009596928973,0.1538344722854973,0,0,24,1.1920928955078125e-07,1.1920928955078125e-07,5.960464477539062e-07
hashing,0.01,0.1,unweighted_mondrian,estimated_weight_no_gate_clip_20,max_relative_violation,24,23,-0.3781696298455261,-0.5375811591170567,-0.8821565758185478,-0.1571428571428571,20,1,3,0.00048828125,1.3113021850585938e-05,1.3113021850585938e-05
hashing,0.01,0.1,unweighted_mondrian,estimated_weight_no_gate_clip_20,vulnerable_violation,24,15,-0.00173809523809523,-0.004603849943552395,-0.00724200913242008,0.0,15,9,0,6.103515625e-05,6.103515625e-05,0.000152587890625
hashing,0.01,0.1,unweighted_mondrian,estimated_weight_no_gate_clip_20,safe_violation,24,15,0.0,-0.0005120974176600798,-0.0024687933425797427,0.0,9,9,6,0.6072387695312499,0.27685546875,0.27685546875
hashing,0.01,0.1,unweighted_mondrian,estimated_weight_no_gate_clip_20,singleton_coverage,24,24,-0.060471975474972586,-0.061431700910251116,-0.07668508287292819,-0.048895658796648915,2,0,22,3.5881996154785156e-05,2.2649765014648438e-06,2.2649765014648438e-06
hashing,0.01,0.1,unweighted_mondrian,estimated_weight_no_gate_clip_20,review_load,24,24,0.06047197547497263,0.0614317009102511,0.04889565879664903,0.07668508287292819,2,0,22,3.5881996154785156e-05,2.2649765014648438e-06,2.2649765014648438e-06
hashing,0.01,0.1,unweighted_mondrian,vultriage_ess_only_clip_20,max_relative_violation,24,21,-0.5483619493088434,-0.648031263697211,-0.9555428897121686,-0.1932011331444759,21,3,0,9.5367431640625e-07,9.5367431640625e-07,4.76837158203125e-06
hashing,0.01,0.1,unweighted_mondrian,vultriage_ess_only_clip_20,vulnerable_violation,24,16,-0.0019183866181033,-0.004620689655172401,-0.00724200913242008,0.0,16,8,0,3.0517578125e-05,3.0517578125e-05,0.000152587890625
hashing,0.01,0.1,unweighted_mondrian,vultriage_ess_only_clip_20,safe_violation,24,12,0.0,-0.0030932703659976102,-0.0061865407319952204,0.0,10,12,2,0.03857421875,0.02099609375,0.06298828125
hashing,0.01,0.1,unweighted_mondrian,vultriage_ess_only_clip_20,singleton_coverage,24,24,-0.11762612375846232,-0.13151028836198642,-0.16249999999999995,-0.0751670378619154,0,0,24,1.1920928955078125e-07,1.1920928955078125e-07,5.960464477539062e-07
hashing,0.01,0.1,unweighted_mondrian,vultriage_ess_only_clip_20,review_load,24,24,0.11762612375846243,0.13151028836198647,0.07516703786191525,0.16249999999999998,0,0,24,1.1920928955078125e-07,1.1920928955078125e-07,5.960464477539062e-07
hashing,0.01,0.1,unweighted_mondrian,vultriage_infinity_only_clip_20,max_relative_violation,24,21,-0.8020590487535096,-0.7631578947368421,-1.1126760563380282,-0.25104022191400815,21,3,0,9.5367431640625e-07,9.5367431640625e-07,4.76837158203125e-06
hashing,0.01,0.1,unweighted_mondrian,vultriage_infinity_only_clip_20,vulnerable_violation,24,16,-0.0019183866181033,-0.004620689655172401,-0.00724200913242008,0.0,16,8,0,3.0517578125e-05,3.0517578125e-05,0.000152587890625
hashing,0.01,0.1,unweighted_mondrian,vultriage_infinity_only_clip_20,safe_violation,24,11,0.0,-0.007170596393897351,-0.01358748778103612,0.0,11,13,0,0.0009765625,0.0009765625,0.0048828125
hashing,0.01,0.1,unweighted_mondrian,vultriage_infinity_only_clip_20,singleton_coverage,24,24,-0.1767694848691686,-0.18820412844477002,-0.2238674033149171,-0.1558790593505039,0,0,24,1.1920928955078125e-07,1.1920928955078125e-07,5.960464477539062e-07
hashing,0.01,0.1,unweighted_mondrian,vultriage_infinity_only_clip_20,review_load,24,24,0.1767694848691686,0.1882041284447701,0.15587905935050395,0.22386740331491717,0,0,24,1.1920928955078125e-07,1.1920928955078125e-07,5.960464477539062e-07
hashing,0.01,0.1,unweighted_mondrian,vultriage_full_gate_clip_20,max_relative_violation,24,22,-0.5483619493088434,-0.648031263697211,-0.9555428897121686,-0.1932011331444759,21,2,1,1.0967254638671875e-05,9.5367431640625e-07,4.76837158203125e-06
hashing,0.01,0.1,unweighted_mondrian,vultriage_full_gate_clip_20,vulnerable_violation,24,16,-0.0019183866181033,-0.004620689655172401,-0.00724200913242008,0.0,16,8,0,3.0517578125e-05,3.0517578125e-05,0.000152587890625
hashing,0.01,0.1,unweighted_mondrian,vultriage_full_gate_clip_20,safe_violation,24,13,0.0,-0.0030932703659976102,-0.00707526163837607,0.0,10,11,3,0.09228515625,0.03271484375,0.0654296875
hashing,0.01,0.1,unweighted_mondrian,vultriage_full_gate_clip_20,singleton_coverage,24,24,-0.09563198851264203,-0.11447004422716683,-0.1558790593505039,-0.06204081632653061,1,0,23,2.9802322387695312e-06,3.5762786865234375e-07,7.152557373046875e-07
hashing,0.01,0.1,unweighted_mondrian,vultriage_full_gate_clip_20,review_load,24,24,0.09563198851264193,0.11447004422716678,0.06204081632653058,0.15587905935050395,1,0,23,2.9802322387695312e-06,3.5762786865234375e-07,7.152557373046875e-07
hashing,0.01,0.1,unweighted_mondrian,prom_derived_union,max_relative_violation,24,21,-0.8020590487535096,-0.7631578947368421,-1.1126760563380282,-0.25104022191400815,21,3,0,9.5367431640625e-07,9.5367431640625e-07,4.76837158203125e-06
hashing,0.01,0.1,unweighted_mondrian,prom_derived_union,vulnerable_violation,24,16,-0.0019183866181033,-0.004620689655172401,-0.00724200913242008,0.0,16,8,0,3.0517578125e-05,3.0517578125e-05,0.000152587890625
hashing,0.01,0.1,unweighted_mondrian,prom_derived_union,safe_violation,24,11,0.0,-0.007170596393897351,-0.01358748778103612,0.0,11,13,0,0.0009765625,0.0009765625,0.0048828125
hashing,0.01,0.1,unweighted_mondrian,prom_derived_union,singleton_coverage,24,24,-0.1767694848691686,-0.18820412844477002,-0.2238674033149171,-0.1558790593505039,0,0,24,1.1920928955078125e-07,1.1920928955078125e-07,5.960464477539062e-07
hashing,0.01,0.1,unweighted_mondrian,prom_derived_union,review_load,24,24,0.1767694848691686,0.1882041284447701,0.15587905935050395,0.22386740331491717,0,0,24,1.1920928955078125e-07,1.1920928955078125e-07,5.960464477539062e-07
hashing,0.01,0.2,unweighted_mondrian,estimated_weight_no_gate_clip_20,max_relative_violation,24,23,-0.30077613328926256,-0.4898766580844557,-0.7124992607185612,-0.1418803418803419,20,1,3,0.00048828125,7.867813110351562e-06,7.867813110351562e-06
hashing,0.01,0.2,unweighted_mondrian,estimated_weight_no_gate_clip_20,vulnerable_violation,24,15,-0.00173809523809523,-0.004603849943552395,-0.00724200913242008,0.0,15,9,0,6.103515625e-05,6.103515625e-05,0.000152587890625
hashing,0.01,0.2,unweighted_mondrian,estimated_weight_no_gate_clip_20,safe_violation,24,17,0.0,-0.0016869478353814995,-0.010956316410861821,0.00234033050468958,9,7,8,1.0,0.4873809814453125,0.4873809814453125
hashing,0.01,0.2,unweighted_mondrian,estimated_weight_no_gate_clip_20,singleton_coverage,24,24,-0.05886645097098343,-0.05571885320174085,-0.08350305498981675,-0.03593574897273069,5,0,19,0.006610751152038574,4.4226646423339844e-05,4.4226646423339844e-05
hashing,0.01,0.2,unweighted_mondrian,estimated_weight_no_gate_clip_20,review_load,24,24,0.058866450970983364,0.055718853201740776,0.03593574897273066,0.08350305498981658,5,0,19,0.006610751152038574,4.4226646423339844e-05,4.4226646423339844e-05
hashing,0.01,0.2,unweighted_mondrian,vultriage_ess_only_clip_20,max_relative_violation,24,22,-0.43844237826326693,-0.5913980184970267,-0.9561332084843055,-0.1571428571428571,22,2,0,4.76837158203125e-07,4.76837158203125e-07,2.384185791015625e-06
hashing,0.01,0.2,unweighted_mondrian,vultriage_ess_only_clip_20,vulnerable_violation,24,16,-0.0019183866181033,-0.004620689655172401,-0.00724200913242008,0.0,16,8,0,3.0517578125e-05,3.0517578125e-05,0.000152587890625
hashing,0.01,0.2,unweighted_mondrian,vultriage_ess_only_clip_20,safe_violation,24,15,-0.00052173913043478,-0.008534676717306858,-0.015703855779240897,0.0,12,9,3,0.03515625,0.0067138671875,0.0201416015625
hashing,0.01,0.2,unweighted_mondrian,vultriage_ess_only_clip_20,singleton_coverage,24,24,-0.16650576954395693,-0.19346523839432767,-0.2704946996466431,-0.06919254658385099,0,0,24,1.1920928955078125e-07,1.1920928955078125e-07,5.960464477539062e-07
hashing,0.01,0.2,unweighted_mondrian,vultriage_ess_only_clip_20,review_load,24,24,0.16650576954395702,0.1934652383943277,0.0691925465838511,0.2704946996466432,0,0,24,1.1920928955078125e-07,1.1920928955078125e-07,5.960464477539062e-07
hashing,0.01,0.2,unweighted_mondrian,vultriage_infinity_only_clip_20,max_relative_violation,24,22,-0.6175034347098961,-0.700694511521486,-1.0080645161290323,-0.23786407766990275,22,2,0,4.76837158203125e-07,4.76837158203125e-07,2.384185791015625e-06
hashing,0.01,0.2,unweighted_mondrian,vultriage_infinity_only_clip_20,vulnerable_violation,24,16,-0.0019183866181033,-0.004620689655172401,-0.00724200913242008,0.0,16,8,0,3.0517578125e-05,3.0517578125e-05,0.000152587890625
hashing,0.01,0.2,unweighted_mondrian,vultriage_infinity_only_clip_20,safe_violation,24,13,-0.0052130971551261306,-0.018437856325166008,-0.024242424242424197,0.0,13,11,0,0.000244140625,0.000244140625,0.001220703125
hashing,0.01,0.2,unweighted_mondrian,vultriage_infinity_only_clip_20,singleton_coverage,24,24,-0.2947161997166142,-0.3032485358441462,-0.3470468431771894,-0.26230855435188644,0,0,24,1.1920928955078125e-07,1.1920928955078125e-07,5.960464477539062e-07
hashing,0.01,0.2,unweighted_mondrian,vultriage_infinity_only_clip_20,review_load,24,24,0.29471619971661417,0.3032485358441463,0.25961298584026105,0.34704684317718937,0,0,24,1.1920928955078125e-07,1.1920928955078125e-07,5.960464477539062e-07
hashing,0.01,0.2,unweighted_mondrian,vultriage_full_gate_clip_20,max_relative_violation,24,22,-0.43844237826326693,-0.5887627536642175,-0.9561332084843055,-0.1571428571428571,21,2,1,1.0967254638671875e-05,9.5367431640625e-07,2.384185791015625e-06
hashing,0.01,0.2,unweighted_mondrian,vultriage_full_gate_clip_20,vulnerable_violation,24,16,-0.0019183866181033,-0.004620689655172401,-0.00724200913242008,0.0,16,8,0,3.0517578125e-05,3.0517578125e-05,0.000152587890625
hashing,0.01,0.2,unweighted_mondrian,vultriage_full_gate_clip_20,safe_violation,24,15,0.0,-0.0061171595010017284,-0.011234396671289858,0.0,11,9,4,0.11846923828124999,0.02557373046875,0.0511474609375
hashing,0.01,0.2,unweighted_mondrian,vultriage_full_gate_clip_20,singleton_coverage,24,24,-0.12195572957210721,-0.16357572163826906,-0.25125284738041,-0.06673469387755102,1,0,23,2.9802322387695312e-06,2.384185791015625e-07,5.960464477539062e-07
hashing,0.01,0.2,unweighted_mondrian,vultriage_full_gate_clip_20,review_load,24,24,0.12195572957210721,0.16357572163826906,0.06673469387755104,0.2512528473804101,1,0,23,2.9802322387695312e-06,2.384185791015625e-07,5.960464477539062e-07
hashing,0.01,0.2,unweighted_mondrian,prom_derived_union,max_relative_violation,24,22,-0.6175034347098961,-0.700694511521486,-1.0080645161290323,-0.23786407766990275,22,2,0,4.76837158203125e-07,4.76837158203125e-07,2.384185791015625e-06
hashing,0.01,0.2,unweighted_mondrian,prom_derived_union,vulnerable_violation,24,16,-0.0019183866181033,-0.004620689655172401,-0.00724200913242008,0.0,16,8,0,3.0517578125e-05,3.0517578125e-05,0.000152587890625
hashing,0.01,0.2,unweighted_mondrian,prom_derived_union,safe_violation,24,13,-0.0052130971551261306,-0.018437856325166008,-0.02454889329558345,0.0,13,11,0,0.000244140625,0.000244140625,0.001220703125
hashing,0.01,0.2,unweighted_mondrian,prom_derived_union,singleton_coverage,24,24,-0.2947161997166142,-0.3032485358441462,-0.3470468431771894,-0.26087377351352653,0,0,24,1.1920928955078125e-07,1.1920928955078125e-07,5.960464477539062e-07
hashing,0.01,0.2,unweighted_mondrian,prom_derived_union,review_load,24,24,0.29471619971661417,0.3032485358441463,0.25961298584026105,0.34704684317718937,0,0,24,1.1920928955078125e-07,1.1920928955078125e-07,5.960464477539062e-07
hashing,0.05,0.05,unweighted_mondrian,estimated_weight_no_gate_clip_20,max_relative_violation,24,23,-1.2450193909964025,-1.3383048262351518,-2.013698630136986,-0.5142857142857143,23,1,0,2.384185791015625e-07,2.384185791015625e-07,1.1920928955078125e-06
hashing,0.05,0.05,unweighted_mondrian,estimated_weight_no_gate_clip_20,vulnerable_violation,24,23,-0.06292998189549909,-0.06637506007761665,-0.10068493150684928,-0.023999999999999938,23,1,0,2.384185791015625e-07,2.384185791015625e-07,1.1920928955078125e-06
hashing,0.05,0.05,unweighted_mondrian,estimated_weight_no_gate_clip_20,safe_violation,24,13,0.0,-0.0006241331484049999,-0.0012482662968099998,0.0,9,11,4,0.266845703125,0.09423828125,0.1884765625
hashing,0.05,0.05,unweighted_mondrian,estimated_weight_no_gate_clip_20,singleton_coverage,24,24,-0.1970669883566461,-0.19435179734907704,-0.23919372900335953,-0.1266990291262136,0,0,24,1.1920928955078125e-07,1.1920928955078125e-07,5.960464477539062e-07
hashing,0.05,0.05,unweighted_mondrian,estimated_weight_no_gate_clip_20,review_load,24,24,0.19706698835664616,0.19435179734907704,0.12669902912621356,0.23919372900335945,0,0,24,1.1920928955078125e-07,1.1920928955078125e-07,5.960464477539062e-07
hashing,0.05,0.05,unweighted_mondrian,vultriage_ess_only_clip_20,max_relative_violation,24,23,-1.2450193909964025,-1.3383048262351518,-2.013698630136986,-0.5142857142857143,23,1,0,2.384185791015625e-07,2.384185791015625e-07,1.1920928955078125e-06
hashing,0.05,0.05,unweighted_mondrian,vultriage_ess_only_clip_20,vulnerable_violation,24,23,-0.06292998189549909,-0.06637506007761665,-0.10068493150684928,-0.023999999999999938,23,1,0,2.384185791015625e-07,2.384185791015625e-07,1.1920928955078125e-06
hashing,0.05,0.05,unweighted_mondrian,vultriage_ess_only_clip_20,safe_violation,24,13,0.0,-0.0006241331484049999,-0.0012482662968099998,0.0,9,11,4,0.266845703125,0.09423828125,0.1884765625
hashing,0.05,0.05,unweighted_mondrian,vultriage_ess_only_clip_20,singleton_coverage,24,24,-0.1970669883566461,-0.19435179734907704,-0.23919372900335953,-0.1266990291262136,0,0,24,1.1920928955078125e-07,1.1920928955078125e-07,5.960464477539062e-07
hashing,0.05,0.05,unweighted_mondrian,vultriage_ess_only_clip_20,review_load,24,24,0.19706698835664616,0.19435179734907704,0.12669902912621356,0.23919372900335945,0,0,24,1.1920928955078125e-07,1.1920928955078125e-07,5.960464477539062e-07
hashing,0.05,0.05,unweighted_mondrian,vultriage_infinity_only_clip_20,max_relative_violation,24,23,-1.4022935779816512,-1.5638862873151225,-2.013698630136986,-0.9903105590062111,23,1,0,2.384185791015625e-07,2.384185791015625e-07,1.1920928955078125e-06
hashing,0.05,0.05,unweighted_mondrian,vultriage_infinity_only_clip_20,vulnerable_violation,24,23,-0.06292998189549909,-0.06747660655006557,-0.10068493150684928,-0.02433628318584066,23,1,0,2.384185791015625e-07,2.384185791015625e-07,1.1920928955078125e-06
hashing,0.05,0.05,unweighted_mondrian,vultriage_infinity_only_clip_20,safe_violation,24,10,0.0,-0.0019511440940012102,-0.0037662337662337205,0.0,10,14,0,0.001953125,0.001953125,0.009765625
hashing,0.05,0.05,unweighted_mondrian,vultriage_infinity_only_clip_20,singleton_coverage,24,24,-0.35234917034946767,-0.3481247913377338,-0.4180433955081842,-0.3023880597014925,0,0,24,1.1920928955078125e-07,1.1920928955078125e-07,5.960464477539062e-07
hashing,0.05,0.05,unweighted_mondrian,vultriage_infinity_only_clip_20,review_load,24,24,0.3523491703494677,0.34812479133773383,0.3023880597014925,0.41804339550818426,0,0,24,1.1920928955078125e-07,1.1920928955078125e-07,5.960464477539062e-07
hashing,0.05,0.05,unweighted_mondrian,vultriage_full_gate_clip_20,max_relative_violation,24,23,-1.3109718221368705,-1.4986396611590767,-2.013698630136986,-0.6497695852534562,23,1,0,2.384185791015625e-07,2.384185791015625e-07,1.1920928955078125e-06
hashing,0.05,0.05,unweighted_mondrian,vultriage_full_gate_clip_20,vulnerable_violation,24,23,-0.06292998189549909,-0.06835700117703472,-0.10068493150684928,-0.023999999999999938,23,1,0,2.384185791015625e-07,2.384185791015625e-07,1.1920928955078125e-06
hashing,0.05,0.05,unweighted_mondrian,vultriage_full_gate_clip_20,safe_violation,24,12,0.0,-0.0006241331484049999,-0.0018831168831168602,0.0,9,12,3,0.14599609375,0.04248046875,0.12744140625
hashing,0.05,0.05,unweighted_mondrian,vultriage_full_gate_clip_20,singleton_coverage,24,24,-0.2574058381487321,-0.26902083341547006,-0.3393166751657318,-0.22349328214971215,0,0,24,1.1920928955078125e-07,1.1920928955078125e-07,5.960464477539062e-07
hashing,0.05,0.05,unweighted_mondrian,vultriage_full_gate_clip_20,review_load,24,24,0.25740583814873214,0.26902083341547006,0.2234932821497121,0.3393166751657317,0,0,24,1.1920928955078125e-07,1.1920928955078125e-07,5.960464477539062e-07
hashing,0.05,0.05,unweighted_mondrian,prom_derived_union,max_relative_violation,24,23,-1.5160550458715594,-1.583105713615532,-2.013698630136986,-0.9903105590062111,23,1,0,2.384185791015625e-07,2.384185791015625e-07,1.1920928955078125e-06
hashing,0.05,0.05,unweighted_mondrian,prom_derived_union,vulnerable_violation,24,23,-0.06292998189549909,-0.0693663670945385,-0.10068493150684928,-0.02433628318584066,23,1,0,2.384185791015625e-07,2.384185791015625e-07,1.1920928955078125e-06
hashing,0.05,0.05,unweighted_mondrian,prom_derived_union,safe_violation,24,10,0.0,-0.0019511440940012102,-0.00484049930651872,0.0,10,14,0,0.001953125,0.001953125,0.009765625
hashing,0.05,0.05,unweighted_mondrian,prom_derived_union,singleton_coverage,24,24,-0.35763216050497143,-0.3625466205498667,-0.4180433955081842,-0.3111650485436893,0,0,24,1.1920928955078125e-07,1.1920928955078125e-07,5.960464477539062e-07
hashing,0.05,0.05,unweighted_mondrian,prom_derived_union,review_load,24,24,0.3576321605049715,0.3625466205498667,0.3111650485436893,0.41804339550818426,0,0,24,1.1920928955078125e-07,1.1920928955078125e-07,5.960464477539062e-07
hashing,0.05,0.1,unweighted_mondrian,estimated_weight_no_gate_clip_20,max_relative_violation,24,23,-1.235142847786526,-1.357492264789172,-1.9364946771310898,-0.5931034482758621,23,1,0,2.384185791015625e-07,2.384185791015625e-07,1.1920928955078125e-06
hashing,0.05,0.1,unweighted_mondrian,estimated_weight_no_gate_clip_20,vulnerable_violation,24,23,-0.06292998189549909,-0.06637506007761665,-0.10068493150684928,-0.023999999999999938,23,1,0,2.384185791015625e-07,2.384185791015625e-07,1.1920928955078125e-06
hashing,0.05,0.1,unweighted_mondrian,estimated_weight_no_gate_clip_20,safe_violation,24,15,0.0,-0.0005120974176600798,-0.0024687933425797427,0.0,9,9,6,0.6072387695312499,0.27685546875,0.5537109375
hashing,0.05,0.1,unweighted_mondrian,estimated_weight_no_gate_clip_20,singleton_coverage,24,24,-0.18744061108072202,-0.19356202273839648,-0.2310204081632653,-0.14912621359223305,0,0,24,1.1920928955078125e-07,1.1920928955078125e-07,5.960464477539062e-07
hashing,0.05,0.1,unweighted_mondrian,estimated_weight_no_gate_clip_20,review_load,24,24,0.18744061108072207,0.19356202273839643,0.1491262135922331,0.2310204081632652,0,0,24,1.1920928955078125e-07,1.1920928955078125e-07,5.960464477539062e-07
hashing,0.05,0.1,unweighted_mondrian,vultriage_ess_only_clip_20,max_relative_violation,24,23,-1.235142847786526,-1.357492264789172,-1.9364946771310898,-0.5931034482758621,23,1,0,2.384185791015625e-07,2.384185791015625e-07,1.1920928955078125e-06
hashing,0.05,0.1,unweighted_mondrian,vultriage_ess_only_clip_20,vulnerable_violation,24,23,-0.06292998189549909,-0.06637506007761665,-0.10068493150684928,-0.023999999999999938,23,1,0,2.384185791015625e-07,2.384185791015625e-07,1.1920928955078125e-06
hashing,0.05,0.1,unweighted_mondrian,vultriage_ess_only_clip_20,safe_violation,24,15,0.0,-0.0005120974176600798,-0.0024687933425797427,0.0,9,9,6,0.6072387695312499,0.27685546875,0.5537109375
hashing,0.05,0.1,unweighted_mondrian,vultriage_ess_only_clip_20,singleton_coverage,24,24,-0.18744061108072202,-0.19356202273839648,-0.2310204081632653,-0.14912621359223305,0,0,24,1.1920928955078125e-07,1.1920928955078125e-07,5.960464477539062e-07
hashing,0.05,0.1,unweighted_mondrian,vultriage_ess_only_clip_20,review_load,24,24,0.18744061108072207,0.19356202273839643,0.1491262135922331,0.2310204081632652,0,0,24,1.1920928955078125e-07,1.1920928955078125e-07,5.960464477539062e-07
hashing,0.05,0.1,unweighted_mondrian,vultriage_infinity_only_clip_20,max_relative_violation,24,23,-1.2949534270931133,-1.5262546448319,-2.013698630136986,-0.9613250517598342,23,1,0,2.384185791015625e-07,2.384185791015625e-07,1.1920928955078125e-06
hashing,0.05,0.1,unweighted_mondrian,vultriage_infinity_only_clip_20,vulnerable_violation,24,23,-0.06292998189549909,-0.06747660655006557,-0.10068493150684928,-0.02433628318584066,23,1,0,2.384185791015625e-07,2.384185791015625e-07,1.1920928955078125e-06
hashing,0.05,0.1,unweighted_mondrian,vultriage_infinity_only_clip_20,safe_violation,24,11,0.0,-0.0044445785683666595,-0.0061865407319952204,0.0,11,13,0,0.0009765625,0.0009765625,0.0048828125
hashing,0.05,0.1,unweighted_mondrian,vultriage_infinity_only_clip_20,singleton_coverage,24,24,-0.4089938132093265,-0.40986552933769604,-0.47391469916222384,-0.35795918367346935,0,0,24,1.1920928955078125e-07,1.1920928955078125e-07,5.960464477539062e-07
hashing,0.05,0.1,unweighted_mondrian,vultriage_infinity_only_clip_20,review_load,24,24,0.40899381320932654,0.40986552933769604,0.35795918367346935,0.47391469916222395,0,0,24,1.1920928955078125e-07,1.1920928955078125e-07,5.960464477539062e-07
hashing,0.05,0.1,unweighted_mondrian,vultriage_full_gate_clip_20,max_relative_violation,24,23,-1.248209748209748,-1.460652889607831,-2.013698630136986,-0.778888535465988,23,1,0,2.384185791015625e-07,2.384185791015625e-07,1.1920928955078125e-06
hashing,0.05,0.1,unweighted_mondrian,vultriage_full_gate_clip_20,vulnerable_violation,24,23,-0.06292998189549909,-0.06835700117703472,-0.10068493150684928,-0.023999999999999938,23,1,0,2.384185791015625e-07,2.384185791015625e-07,1.1920928955078125e-06
hashing,0.05,0.1,unweighted_mondrian,vultriage_full_gate_clip_20,safe_violation,24,13,0.0,-0.0030932703659976102,-0.00679374389051806,0.0,10,11,3,0.09228515625,0.03271484375,0.09814453125
hashing,0.05,0.1,unweighted_mondrian,vultriage_full_gate_clip_20,singleton_coverage,24,24,-0.3345656818990106,-0.29703353415290523,-0.3873855544252289,-0.2174570088587806,0,0,24,1.1920928955078125e-07,1.1920928955078125e-07,5.960464477539062e-07
hashing,0.05,0.1,unweighted_mondrian,vultriage_full_gate_clip_20,review_load,24,24,0.3345656818990106,0.2970335341529053,0.21252673297458802,0.3873855544252288,0,0,24,1.1920928955078125e-07,1.1920928955078125e-07,5.960464477539062e-07
hashing,0.05,0.1,unweighted_mondrian,prom_derived_union,max_relative_violation,24,23,-1.3325137571712915,-1.5512917840446363,-2.013698630136986,-1.0714285714285714,23,1,0,2.384185791015625e-07,2.384185791015625e-07,1.1920928955078125e-06
hashing,0.05,0.1,unweighted_mondrian,prom_derived_union,vulnerable_violation,24,23,-0.06292998189549909,-0.0693663670945385,-0.10068493150684928,-0.02433628318584066,23,1,0,2.384185791015625e-07,2.384185791015625e-07,1.1920928955078125e-06
hashing,0.05,0.1,unweighted_mondrian,prom_derived_union,safe_violation,24,11,0.0,-0.007170596393897351,-0.01358748778103612,0.0,11,13,0,0.0009765625,0.0009765625,0.0048828125
hashing,0.05,0.1,unweighted_mondrian,prom_derived_union,singleton_coverage,24,24,-0.42076643172785244,-0.42320322739863775,-0.47391469916222384,-0.3873855544252289,0,0,24,1.1920928955078125e-07,1.1920928955078125e-07,5.960464477539062e-07
hashing,0.05,0.1,unweighted_mondrian,prom_derived_union,review_load,24,24,0.42076643172785244,0.42320322739863775,0.3873855544252288,0.47391469916222395,0,0,24,1.1920928955078125e-07,1.1920928955078125e-07,5.960464477539062e-07
hashing,0.05,0.2,unweighted_mondrian,estimated_weight_no_gate_clip_20,max_relative_violation,24,23,-1.1992966881660743,-1.2996399884057468,-1.9860323257440358,-0.5138810198300283,23,1,0,2.384185791015625e-07,2.384185791015625e-07,1.1920928955078125e-06
hashing,0.05,0.2,unweighted_mondrian,estimated_weight_no_gate_clip_20,vulnerable_violation,24,23,-0.06292998189549909,-0.06637506007761665,-0.10068493150684928,-0.023999999999999938,23,1,0,2.384185791015625e-07,2.384185791015625e-07,1.1920928955078125e-06
hashing,0.05,0.2,unweighted_mondrian,estimated_weight_no_gate_clip_20,safe_violation,24,17,0.0,-0.0016869478353814995,-0.010956316410861821,0.00425170068027211,9,7,8,1.0,0.4873809814453125,0.974761962890625
hashing,0.05,0.2,unweighted_mondrian,estimated_weight_no_gate_clip_20,singleton_coverage,24,24,-0.1857522242563463,-0.18928529223832133,-0.2297888675623801,-0.1600970873786408,0,0,24,1.1920928955078125e-07,1.1920928955078125e-07,5.960464477539062e-07
hashing,0.05,0.2,unweighted_mondrian,estimated_weight_no_gate_clip_20,review_load,24,24,0.18575222425634627,0.1892852922383213,0.1600970873786408,0.2297888675623801,0,0,24,1.1920928955078125e-07,1.1920928955078125e-07,5.960464477539062e-07
hashing,0.05,0.2,unweighted_mondrian,vultriage_ess_only_clip_20,max_relative_violation,24,23,-1.1992966881660743,-1.2996399884057468,-1.9860323257440358,-0.5138810198300283,23,1,0,2.384185791015625e-07,2.384185791015625e-07,1.1920928955078125e-06
hashing,0.05,0.2,unweighted_mondrian,vultriage_ess_only_clip_20,vulnerable_violation,24,23,-0.06292998189549909,-0.06637506007761665,-0.10068493150684928,-0.023999999999999938,23,1,0,2.384185791015625e-07,2.384185791015625e-07,1.1920928955078125e-06
hashing,0.05,0.2,unweighted_mondrian,vultriage_ess_only_clip_20,safe_violation,24,17,0.0,-0.0016869478353814995,-0.010956316410861821,0.00425170068027211,9,7,8,1.0,0.4873809814453125,0.974761962890625
hashing,0.05,0.2,unweighted_mondrian,vultriage_ess_only_clip_20,singleton_coverage,24,24,-0.1857522242563463,-0.18928529223832133,-0.2297888675623801,-0.1600970873786408,0,0,24,1.1920928955078125e-07,1.1920928955078125e-07,5.960464477539062e-07
hashing,0.05,0.2,unweighted_mondrian,vultriage_ess_only_clip_20,review_load,24,24,0.18575222425634627,0.1892852922383213,0.1600970873786408,0.2297888675623801,0,0,24,1.1920928955078125e-07,1.1920928955078125e-07,5.960464477539062e-07
hashing,0.05,0.2,unweighted_mondrian,vultriage_infinity_only_clip_20,max_relative_violation,24,23,-1.2905546001136412,-1.4880920172016059,-2.013698630136986,-0.688385269121813,23,1,0,2.384185791015625e-07,2.384185791015625e-07,1.1920928955078125e-06
hashing,0.05,0.2,unweighted_mondrian,vultriage_infinity_only_clip_20,vulnerable_violation,24,23,-0.06292998189549909,-0.06747660655006557,-0.10068493150684928,-0.02433628318584066,23,1,0,2.384185791015625e-07,2.384185791015625e-07,1.1920928955078125e-06
hashing,0.05,0.2,unweighted_mondrian,vultriage_infinity_only_clip_20,safe_violation,24,13,-0.0052130971551261306,-0.014760458984973733,-0.01780497756017948,0.0,13,11,0,0.000244140625,0.000244140625,0.001220703125
hashing,0.05,0.2,unweighted_mondrian,vultriage_infinity_only_clip_20,singleton_coverage,24,24,-0.5361779291730351,-0.5257929967751318,-0.5729126213592233,-0.4893795203654358,0,0,24,1.1920928955078125e-07,1.1920928955078125e-07,5.960464477539062e-07
hashing,0.05,0.2,unweighted_mondrian,vultriage_infinity_only_clip_20,review_load,24,24,0.5361779291730351,0.5257929967751318,0.48937952036543586,0.5729126213592233,0,0,24,1.1920928955078125e-07,1.1920928955078125e-07,5.960464477539062e-07
hashing,0.05,0.2,unweighted_mondrian,vultriage_full_gate_clip_20,max_relative_violation,24,23,-1.1993403786507235,-1.4230969667577935,-2.001517721540197,-0.6502022083882399,23,1,0,2.384185791015625e-07,2.384185791015625e-07,1.1920928955078125e-06
hashing,0.05,0.2,unweighted_mondrian,vultriage_full_gate_clip_20,vulnerable_violation,24,23,-0.06292998189549909,-0.06835700117703472,-0.10068493150684928,-0.023999999999999938,23,1,0,2.384185791015625e-07,2.384185791015625e-07,1.1920928955078125e-06
hashing,0.05,0.2,unweighted_mondrian,vultriage_full_gate_clip_20,safe_violation,24,15,0.0,-0.0061171595010017284,-0.011234396671289858,0.0,11,9,4,0.11846923828124999,0.02557373046875,0.07672119140625
hashing,0.05,0.2,unweighted_mondrian,vultriage_full_gate_clip_20,singleton_coverage,24,24,-0.299940833553509,-0.35586998886457316,-0.4893795203654358,-0.2064616988014591,0,0,24,1.1920928955078125e-07,1.1920928955078125e-07,5.960464477539062e-07
hashing,0.05,0.2,unweighted_mondrian,vultriage_full_gate_clip_20,review_load,24,24,0.299940833553509,0.3558699888645732,0.20646169880145904,0.48937952036543586,0,0,24,1.1920928955078125e-07,1.1920928955078125e-07,5.960464477539062e-07
hashing,0.05,0.2,unweighted_mondrian,prom_derived_union,max_relative_violation,24,23,-1.3051164968973188,-1.5182156107100744,-2.013698630136986,-0.7616563146997929,23,1,0,2.384185791015625e-07,2.384185791015625e-07,1.1920928955078125e-06
hashing,0.05,0.2,unweighted_mondrian,prom_derived_union,vulnerable_violation,24,23,-0.06292998189549909,-0.0693663670945385,-0.10068493150684928,-0.02433628318584066,23,1,0,2.384185791015625e-07,2.384185791015625e-07,1.1920928955078125e-06
hashing,0.05,0.2,unweighted_mondrian,prom_derived_union,safe_violation,24,13,-0.0052130971551261306,-0.018437856325166008,-0.024242424242424197,0.0,13,11,0,0.000244140625,0.000244140625,0.001220703125
hashing,0.05,0.2,unweighted_mondrian,prom_derived_union,singleton_coverage,24,24,-0.5527072662211538,-0.5431030903973879,-0.574020156774916,-0.5076837416481068,0,0,24,1.1920928955078125e-07,1.1920928955078125e-07,5.960464477539062e-07
hashing,0.05,0.2,unweighted_mondrian,prom_derived_union,review_load,24,24,0.552707266221154,0.543103090397388,0.5076837416481069,0.574020156774916,0,0,24,1.1920928955078125e-07,1.1920928955078125e-07,5.960464477539062e-07
hashing,0.1,0.05,unweighted_mondrian,estimated_weight_no_gate_clip_20,max_relative_violation,24,24,-1.005343545185064,-1.0558561151830186,-1.7218934911242603,-0.3229461756373937,24,0,0,1.1920928955078125e-07,1.1920928955078125e-07,5.960464477539062e-07
hashing,0.1,0.05,unweighted_mondrian,estimated_weight_no_gate_clip_20,vulnerable_violation,24,23,-0.08528571428571426,-0.10261210356873864,-0.1729064039408867,-0.03174311926605502,23,1,0,2.384185791015625e-07,2.384185791015625e-07,1.1920928955078125e-06
hashing,0.1,0.05,unweighted_mondrian,estimated_weight_no_gate_clip_20,safe_violation,24,13,0.0,-0.0006241331484049999,-0.0012482662968099998,0.0,9,11,4,0.266845703125,0.09423828125,0.204345703125
hashing,0.1,0.05,unweighted_mondrian,estimated_weight_no_gate_clip_20,singleton_coverage,24,24,-0.1719130980610964,-0.16174747443185447,-0.2189795918367346,-0.0894174757281554,0,0,24,1.1920928955078125e-07,1.1920928955078125e-07,5.960464477539062e-07
hashing,0.1,0.05,unweighted_mondrian,estimated_weight_no_gate_clip_20,review_load,24,24,0.17191309806109645,0.16174747443185444,0.08941747572815528,0.21897959183673465,0,0,24,1.1920928955078125e-07,1.1920928955078125e-07,5.960464477539062e-07
hashing,0.1,0.05,unweighted_mondrian,vultriage_ess_only_clip_20,max_relative_violation,24,24,-1.005343545185064,-1.0558561151830186,-1.7218934911242603,-0.3229461756373937,24,0,0,1.1920928955078125e-07,1.1920928955078125e-07,5.960464477539062e-07
hashing,0.1,0.05,unweighted_mondrian,vultriage_ess_only_clip_20,vulnerable_violation,24,23,-0.08528571428571426,-0.10261210356873864,-0.1729064039408867,-0.03174311926605502,23,1,0,2.384185791015625e-07,2.384185791015625e-07,1.1920928955078125e-06
hashing,0.1,0.05,unweighted_mondrian,vultriage_ess_only_clip_20,safe_violation,24,13,0.0,-0.0006241331484049999,-0.0012482662968099998,0.0,9,11,4,0.266845703125,0.09423828125,0.204345703125
hashing,0.1,0.05,unweighted_mondrian,vultriage_ess_only_clip_20,singleton_coverage,24,24,-0.1719130980610964,-0.16174747443185447,-0.2189795918367346,-0.0894174757281554,0,0,24,1.1920928955078125e-07,1.1920928955078125e-07,5.960464477539062e-07
hashing,0.1,0.05,unweighted_mondrian,vultriage_ess_only_clip_20,review_load,24,24,0.17191309806109645,0.16174747443185444,0.08941747572815528,0.21897959183673465,0,0,24,1.1920928955078125e-07,1.1920928955078125e-07,5.960464477539062e-07
hashing,0.1,0.05,unweighted_mondrian,vultriage_infinity_only_clip_20,max_relative_violation,24,24,-1.0779781090518399,-1.1091943737903847,-1.7218934911242603,-0.37156359340209943,24,0,0,1.1920928955078125e-07,1.1920928955078125e-07,5.960464477539062e-07
hashing,0.1,0.05,unweighted_mondrian,vultriage_infinity_only_clip_20,vulnerable_violation,24,23,-0.08528571428571426,-0.10261210356873864,-0.1729064039408867,-0.03174311926605502,23,1,0,2.384185791015625e-07,2.384185791015625e-07,1.1920928955078125e-06
hashing,0.1,0.05,unweighted_mondrian,vultriage_infinity_only_clip_20,safe_violation,24,13,0.0,-0.0006241331484049999,-0.0018831168831168602,0.0,9,11,4,0.266845703125,0.068115234375,0.204345703125
hashing,0.1,0.05,unweighted_mondrian,vultriage_infinity_only_clip_20,singleton_coverage,24,24,-0.17331190904118152,-0.17414027561560297,-0.24322981366459634,-0.0894174757281554,0,0,24,1.1920928955078125e-07,1.1920928955078125e-07,5.960464477539062e-07
hashing,0.1,0.05,unweighted_mondrian,vultriage_infinity_only_clip_20,review_load,24,24,0.17331190904118154,0.17414027561560297,0.08941747572815528,0.24322981366459628,0,0,24,1.1920928955078125e-07,1.1920928955078125e-07,5.960464477539062e-07
hashing,0.1,0.05,unweighted_mondrian,vultriage_full_gate_clip_20,max_relative_violation,24,24,-1.2636032900980703,-1.386116938629645,-1.7794117647058822,-0.6497695852534562,24,0,0,1.1920928955078125e-07,1.1920928955078125e-07,5.960464477539062e-07
hashing,0.1,0.05,unweighted_mondrian,vultriage_full_gate_clip_20,vulnerable_violation,24,23,-0.11087592835299256,-0.1226184216499642,-0.1779411764705882,-0.0349282296650717,23,1,0,2.384185791015625e-07,2.384185791015625e-07,1.1920928955078125e-06
hashing,0.1,0.05,unweighted_mondrian,vultriage_full_gate_clip_20,safe_violation,24,12,0.0,-0.0006241331484049999,-0.0018831168831168602,0.0,9,12,3,0.14599609375,0.04248046875,0.169921875
hashing,0.1,0.05,unweighted_mondrian,vultriage_full_gate_clip_20,singleton_coverage,24,24,-0.30932688960674143,-0.3292032505978169,-0.4586572438162544,-0.18363874345549736,0,0,24,1.1920928955078125e-07,1.1920928955078125e-07,5.960464477539062e-07
hashing,0.1,0.05,unweighted_mondrian,vultriage_full_gate_clip_20,review_load,24,24,0.3093268896067415,0.32920325059781697,0.18363874345549747,0.4586572438162545,0,0,24,1.1920928955078125e-07,1.1920928955078125e-07,5.960464477539062e-07
hashing,0.1,0.05,unweighted_mondrian,prom_derived_union,max_relative_violation,24,24,-1.5919097887674596,-1.5656599515329572,-1.906334152909495,-1.0325805425546417,24,0,0,1.1920928955078125e-07,1.1920928955078125e-07,5.960464477539062e-07
hashing,0.1,0.05,unweighted_mondrian,prom_derived_union,vulnerable_violation,24,23,-0.11301878549584968,-0.13564062265259014,-0.19063341529094946,-0.040259740259740204,23,1,0,2.384185791015625e-07,2.384185791015625e-07,1.1920928955078125e-06
hashing,0.1,0.05,unweighted_mondrian,prom_derived_union,safe_violation,24,10,0.0,-0.0019511440940012102,-0.0037662337662337205,0.0,10,14,0,0.001953125,0.001953125,0.009765625
hashing,0.1,0.05,unweighted_mondrian,prom_derived_union,singleton_coverage,24,24,-0.5076892804253781,-0.5132131678249297,-0.5883538633818588,-0.47631578947368414,0,0,24,1.1920928955078125e-07,1.1920928955078125e-07,5.960464477539062e-07
hashing,0.1,0.05,unweighted_mondrian,prom_derived_union,review_load,24,24,0.5076892804253781,0.5132131678249297,0.47631578947368414,0.5883538633818589,0,0,24,1.1920928955078125e-07,1.1920928955078125e-07,5.960464477539062e-07
hashing,0.1,0.1,unweighted_mondrian,estimated_weight_no_gate_clip_20,max_relative_violation,24,24,-0.9198622731272276,-1.032924341511739,-1.7218934911242603,-0.3229461756373937,24,0,0,1.1920928955078125e-07,1.1920928955078125e-07,5.960464477539062e-07
hashing,0.1,0.1,unweighted_mondrian,estimated_weight_no_gate_clip_20,vulnerable_violation,24,23,-0.08528571428571426,-0.10261210356873864,-0.1729064039408867,-0.03174311926605502,23,1,0,2.384185791015625e-07,2.384185791015625e-07,1.1920928955078125e-06
hashing,0.1,0.1,unweighted_mondrian,estimated_weight_no_gate_clip_20,safe_violation,24,15,0.0,-0.0005120974176600798,-0.0024687933425797427,0.0,9,9,6,0.6072387695312499,0.27685546875,0.5537109375
hashing,0.1,0.1,unweighted_mondrian,estimated_weight_no_gate_clip_20,singleton_coverage,24,24,-0.1495992044257993,-0.16197446185438236,-0.2246938775510205,-0.11184466019417483,0,0,24,1.1920928955078125e-07,1.1920928955078125e-07,5.960464477539062e-07
hashing,0.1,0.1,unweighted_mondrian,estimated_weight_no_gate_clip_20,review_load,24,24,0.14959920442579938,0.16197446185438236,0.11184466019417477,0.2246938775510205,0,0,24,1.1920928955078125e-07,1.1920928955078125e-07,5.960464477539062e-07
hashing,0.1,0.1,unweighted_mondrian,vultriage_ess_only_clip_20,max_relative_violation,24,24,-0.9198622731272276,-1.032924341511739,-1.7218934911242603,-0.3229461756373937,24,0,0,1.1920928955078125e-07,1.1920928955078125e-07,5.960464477539062e-07
hashing,0.1,0.1,unweighted_mondrian,vultriage_ess_only_clip_20,vulnerable_violation,24,23,-0.08528571428571426,-0.10261210356873864,-0.1729064039408867,-0.03174311926605502,23,1,0,2.384185791015625e-07,2.384185791015625e-07,1.1920928955078125e-06
hashing,0.1,0.1,unweighted_mondrian,vultriage_ess_only_clip_20,safe_violation,24,15,0.0,-0.0005120974176600798,-0.0024687933425797427,0.0,9,9,6,0.6072387695312499,0.27685546875,0.5537109375
hashing,0.1,0.1,unweighted_mondrian,vultriage_ess_only_clip_20,singleton_coverage,24,24,-0.1495992044257993,-0.16197446185438236,-0.2246938775510205,-0.11184466019417483,0,0,24,1.1920928955078125e-07,1.1920928955078125e-07,5.960464477539062e-07
hashing,0.1,0.1,unweighted_mondrian,vultriage_ess_only_clip_20,review_load,24,24,0.14959920442579938,0.16197446185438236,0.11184466019417477,0.2246938775510205,0,0,24,1.1920928955078125e-07,1.1920928955078125e-07,5.960464477539062e-07
hashing,0.1,0.1,unweighted_mondrian,vultriage_infinity_only_clip_20,max_relative_violation,24,24,-1.0358095847034465,-1.1154514849316288,-1.7218934911242603,-0.3286681510428501,24,0,0,1.1920928955078125e-07,1.1920928955078125e-07,5.960464477539062e-07
hashing,0.1,0.1,unweighted_mondrian,vultriage_infinity_only_clip_20,vulnerable_violation,24,23,-0.08528571428571426,-0.10261210356873864,-0.1729064039408867,-0.03174311926605502,23,1,0,2.384185791015625e-07,2.384185791015625e-07,1.1920928955078125e-06
hashing,0.1,0.1,unweighted_mondrian,vultriage_infinity_only_clip_20,safe_violation,24,15,0.0,-0.0024144672531769195,-0.004828934506353839,0.0,10,9,5,0.30175781249999994,0.0946044921875,0.2838134765625
hashing,0.1,0.1,unweighted_mondrian,vultriage_infinity_only_clip_20,singleton_coverage,24,24,-0.1581127591014009,-0.17527403041577214,-0.23875142748382183,-0.11184466019417483,0,0,24,1.1920928955078125e-07,1.1920928955078125e-07,5.960464477539062e-07
hashing,0.1,0.1,unweighted_mondrian,vultriage_infinity_only_clip_20,review_load,24,24,0.15811275910140093,0.17527403041577214,0.11184466019417477,0.23875142748382194,0,0,24,1.1920928955078125e-07,1.1920928955078125e-07,5.960464477539062e-07
hashing,0.1,0.1,unweighted_mondrian,vultriage_full_gate_clip_20,max_relative_violation,24,24,-1.1854794102500523,-1.3938920428431452,-1.8526277505000905,-0.9503236245954689,24,0,0,1.1920928955078125e-07,1.1920928955078125e-07,5.960464477539062e-07
hashing,0.1,0.1,unweighted_mondrian,vultriage_full_gate_clip_20,vulnerable_violation,24,23,-0.11087592835299256,-0.1226184216499642,-0.1779411764705882,-0.0349282296650717,23,1,0,2.384185791015625e-07,2.384185791015625e-07,1.1920928955078125e-06
hashing,0.1,0.1,unweighted_mondrian,vultriage_full_gate_clip_20,safe_violation,24,13,0.0,-0.0030932703659976102,-0.00679374389051806,0.0,10,11,3,0.09228515625,0.03271484375,0.130859375
hashing,0.1,0.1,unweighted_mondrian,vultriage_full_gate_clip_20,singleton_coverage,24,24,-0.3063606215867618,-0.3603514133233599,-0.5229126213592233,-0.1875,0,0,24,1.1920928955078125e-07,1.1920928955078125e-07,5.960464477539062e-07
hashing,0.1,0.1,unweighted_mondrian,vultriage_full_gate_clip_20,review_load,24,24,0.30636062158676175,0.36035141332335985,0.1875,0.5229126213592232,0,0,24,1.1920928955078125e-07,1.1920928955078125e-07,5.960464477539062e-07
hashing,0.1,0.1,unweighted_mondrian,prom_derived_union,max_relative_violation,24,24,-1.2901252147827489,-1.5244928982066506,-1.906334152909495,-1.0627120898318085,24,0,0,1.1920928955078125e-07,1.1920928955078125e-07,5.960464477539062e-07
hashing,0.1,0.1,unweighted_mondrian,prom_derived_union,vulnerable_violation,24,23,-0.11301878549584968,-0.13564062265259014,-0.1910631310484575,-0.040259740259740204,23,1,0,2.384185791015625e-07,2.384185791015625e-07,1.1920928955078125e-06
hashing,0.1,0.1,unweighted_mondrian,prom_derived_union,safe_violation,24,11,0.0,-0.007170596393897351,-0.01358748778103612,0.0,11,13,0,0.0009765625,0.0009765625,0.0048828125
hashing,0.1,0.1,unweighted_mondrian,prom_derived_union,singleton_coverage,24,24,-0.5758584145671227,-0.5784577861264921,-0.626113437381043,-0.5328621908127209,0,0,24,1.1920928955078125e-07,1.1920928955078125e-07,5.960464477539062e-07
hashing,0.1,0.1,unweighted_mondrian,prom_derived_union,review_load,24,24,0.5758584145671227,0.5784577861264921,0.5328621908127209,0.6261134373810431,0,0,24,1.1920928955078125e-07,1.1920928955078125e-07,5.960464477539062e-07
hashing,0.1,0.2,unweighted_mondrian,estimated_weight_no_gate_clip_20,max_relative_violation,24,24,-0.8161118816458621,-1.0300745689515987,-1.7218934911242603,-0.3174311926605505,24,0,0,1.1920928955078125e-07,1.1920928955078125e-07,5.960464477539062e-07
hashing,0.1,0.2,unweighted_mondrian,estimated_weight_no_gate_clip_20,vulnerable_violation,24,23,-0.08528571428571426,-0.10261210356873864,-0.1729064039408867,-0.03084073820915923,23,1,0,2.384185791015625e-07,2.384185791015625e-07,1.1920928955078125e-06
hashing,0.1,0.2,unweighted_mondrian,estimated_weight_no_gate_clip_20,safe_violation,24,17,0.0,-0.0016869478353814995,-0.010956316410861821,0.00234033050468958,9,7,8,1.0,0.4873809814453125,0.974761962890625
hashing,0.1,0.2,unweighted_mondrian,estimated_weight_no_gate_clip_20,singleton_coverage,24,24,-0.15873735071498513,-0.1582571589182363,-0.1985788035226238,-0.10212604403948378,0,0,24,1.1920928955078125e-07,1.1920928955078125e-07,5.960464477539062e-07
hashing,0.1,0.2,unweighted_mondrian,estimated_weight_no_gate_clip_20,review_load,24,24,0.15873735071498504,0.15825715891823627,0.10212604403948367,0.19857880352262378,0,0,24,1.1920928955078125e-07,1.1920928955078125e-07,5.960464477539062e-07
hashing,0.1,0.2,unweighted_mondrian,vultriage_ess_only_clip_20,max_relative_violation,24,24,-0.8161118816458621,-1.0300745689515987,-1.7218934911242603,-0.3174311926605505,24,0,0,1.1920928955078125e-07,1.1920928955078125e-07,5.960464477539062e-07
hashing,0.1,0.2,unweighted_mondrian,vultriage_ess_only_clip_20,vulnerable_violation,24,23,-0.08528571428571426,-0.10261210356873864,-0.1729064039408867,-0.03174311926605502,23,1,0,2.384185791015625e-07,2.384185791015625e-07,1.1920928955078125e-06
hashing,0.1,0.2,unweighted_mondrian,vultriage_ess_only_clip_20,safe_violation,24,17,0.0,-0.0016869478353814995,-0.010956316410861821,0.00425170068027211,9,7,8,1.0,0.4873809814453125,0.974761962890625
hashing,0.1,0.2,unweighted_mondrian,vultriage_ess_only_clip_20,singleton_coverage,24,24,-0.15873735071498513,-0.1582571589182363,-0.1985788035226238,-0.10212604403948378,0,0,24,1.1920928955078125e-07,1.1920928955078125e-07,5.960464477539062e-07
hashing,0.1,0.2,unweighted_mondrian,vultriage_ess_only_clip_20,review_load,24,24,0.15873735071498504,0.15825715891823627,0.10212604403948367,0.19857880352262378,0,0,24,1.1920928955078125e-07,1.1920928955078125e-07,5.960464477539062e-07
hashing,0.1,0.2,unweighted_mondrian,vultriage_infinity_only_clip_20,max_relative_violation,24,24,-1.0319732261836774,-1.0933070671593113,-1.7218934911242603,-0.3272666300835314,24,0,0,1.1920928955078125e-07,1.1920928955078125e-07,5.960464477539062e-07
hashing,0.1,0.2,unweighted_mondrian,vultriage_infinity_only_clip_20,vulnerable_violation,24,23,-0.08528571428571426,-0.10261210356873864,-0.1729064039408867,-0.03084073820915923,23,1,0,2.384185791015625e-07,2.384185791015625e-07,1.1920928955078125e-06
hashing,0.1,0.2,unweighted_mondrian,vultriage_infinity_only_clip_20,safe_violation,24,16,0.0,-0.005617198335644929,-0.011234396671289858,0.0,10,8,6,0.454498291015625,0.21142578125,0.63427734375
hashing,0.1,0.2,unweighted_mondrian,vultriage_infinity_only_clip_20,singleton_coverage,24,24,-0.17880882827743316,-0.1788251698864849,-0.2293877551020409,-0.10212604403948378,0,0,24,1.1920928955078125e-07,1.1920928955078125e-07,5.960464477539062e-07
hashing,0.1,0.2,unweighted_mondrian,vultriage_infinity_only_clip_20,review_load,24,24,0.17880882827743308,0.17882516988648484,0.10212604403948367,0.2293877551020408,0,0,24,1.1920928955078125e-07,1.1920928955078125e-07,5.960464477539062e-07
hashing,0.1,0.2,unweighted_mondrian,vultriage_full_gate_clip_20,max_relative_violation,24,24,-1.0866010654039657,-1.3542319233489688,-1.7794117647058822,-0.7883229813664595,24,0,0,1.1920928955078125e-07,1.1920928955078125e-07,5.960464477539062e-07
hashing,0.1,0.2,unweighted_mondrian,vultriage_full_gate_clip_20,vulnerable_violation,24,23,-0.11087592835299256,-0.1226184216499642,-0.1779411764705882,-0.0349282296650717,23,1,0,2.384185791015625e-07,2.384185791015625e-07,1.1920928955078125e-06
hashing,0.1,0.2,unweighted_mondrian,vultriage_full_gate_clip_20,safe_violation,24,15,0.0,-0.0061171595010017284,-0.012642951251646878,0.0,11,9,4,0.11846923828124999,0.02557373046875,0.102294921875
hashing,0.1,0.2,unweighted_mondrian,vultriage_full_gate_clip_20,singleton_coverage,24,24,-0.277024271630661,-0.41791661095830324,-0.6838979824895318,-0.1875,0,0,24,1.1920928955078125e-07,1.1920928955078125e-07,5.960464477539062e-07
hashing,0.1,0.2,unweighted_mondrian,vultriage_full_gate_clip_20,review_load,24,24,0.277024271630661,0.41791661095830324,0.1875,0.6838979824895318,0,0,24,1.1920928955078125e-07,1.1920928955078125e-07,5.960464477539062e-07
hashing,0.1,0.2,unweighted_mondrian,prom_derived_union,max_relative_violation,24,24,-1.2423861589376228,-1.4520030824134817,-1.879310344827586,-0.8981937487477458,24,0,0,1.1920928955078125e-07,1.1920928955078125e-07,5.960464477539062e-07
hashing,0.1,0.2,unweighted_mondrian,prom_derived_union,vulnerable_violation,24,23,-0.11301878549584968,-0.13564062265259014,-0.19063341529094946,-0.040259740259740204,23,1,0,2.384185791015625e-07,2.384185791015625e-07,1.1920928955078125e-06
hashing,0.1,0.2,unweighted_mondrian,prom_derived_union,safe_violation,24,13,-0.0052130971551261306,-0.018437856325166008,-0.024242424242424197,0.0,13,11,0,0.000244140625,0.000244140625,0.001220703125
hashing,0.1,0.2,unweighted_mondrian,prom_derived_union,singleton_coverage,24,24,-0.6969124382087816,-0.6969780863714932,-0.7266514806378133,-0.6838979824895318,0,0,24,1.1920928955078125e-07,1.1920928955078125e-07,5.960464477539062e-07
hashing,0.1,0.2,unweighted_mondrian,prom_derived_union,review_load,24,24,0.6969124382087817,0.6969780863714933,0.6838979824895318,0.7266514806378133,0,0,24,1.1920928955078125e-07,1.1920928955078125e-07,5.960464477539062e-07
