detector,target_group,fraction,method,vulnerable_miscoverage,safe_miscoverage,vulnerable_violation,safe_violation,max_relative_violation,singleton_coverage,review_load,pr_auc,brier
codebert,FreeRDP,0.25,estimated_weight_no_gate_clip_20,0.4482269503546099,0.17377830750893922,0.34822695035460993,0.0,3.482269503546099,0.7608163265306122,0.23918367346938776,0.19355493694736844,0.18961072014584748
codebert,FreeRDP,0.25,unweighted_mondrian,0.524822695035461,0.15280095351609058,0.424822695035461,0.0,4.248226950354609,0.8159183673469389,0.1840816326530612,0.19355493694736844,0.18961072014584748
codebert,FreeRDP,0.25,vultriage_full_gate_clip_20,0.350354609929078,0.13921334922526818,0.270354609929078,0.0,2.70354609929078,0.6034693877551021,0.39653061224489794,0.19355493694736844,0.18961072014584748
codebert,FreeRDP,0.5,estimated_weight_no_gate_clip_20,0.44964539007092197,0.16781883194278904,0.349645390070922,0.0,3.4964539007092195,0.7624489795918368,0.23755102040816325,0.19355493694736844,0.18961072014584748
codebert,FreeRDP,0.5,unweighted_mondrian,0.5205673758865248,0.15113230035756853,0.4205673758865248,0.0,4.205673758865248,0.810204081632653,0.18979591836734694,0.19355493694736844,0.18961072014584748
codebert,FreeRDP,0.5,vultriage_full_gate_clip_20,0.44964539007092197,0.16781883194278904,0.349645390070922,0.0,3.4964539007092195,0.7624489795918368,0.23755102040816325,0.19355493694736844,0.18961072014584748
codebert,FreeRDP,0.75,estimated_weight_no_gate_clip_20,0.49645390070921985,0.16710369487485102,0.3964539007092198,0.0,3.9645390070921978,0.7993877551020409,0.20061224489795917,0.19355493694736844,0.18961072014584748
codebert,FreeRDP,0.75,unweighted_mondrian,0.526241134751773,0.15113230035756853,0.42624113475177305,0.0,4.26241134751773,0.810204081632653,0.18979591836734694,0.19355493694736844,0.18961072014584748
codebert,FreeRDP,0.75,vultriage_full_gate_clip_20,0.49645390070921985,0.16710369487485102,0.3964539007092198,0.0,3.9645390070921978,0.7993877551020409,0.20061224489795917,0.19355493694736844,0.18961072014584748
codebert,FreeRDP,1.0,estimated_weight_no_gate_clip_20,0.5035460992907801,0.166865315852205,0.4035460992907801,0.0,4.035460992907801,0.7969387755102041,0.2030612244897959,0.19355493694736844,0.18961072014584748
codebert,FreeRDP,1.0,unweighted_mondrian,0.5319148936170213,0.15137067938021453,0.43191489361702134,0.0,4.319148936170213,0.8142857142857143,0.18571428571428572,0.19355493694736844,0.18961072014584748
codebert,FreeRDP,1.0,vultriage_full_gate_clip_20,0.5035460992907801,0.166865315852205,0.4035460992907801,0.0,4.035460992907801,0.7969387755102041,0.2030612244897959,0.19355493694736844,0.18961072014584748
codebert,envoy,0.25,estimated_weight_no_gate_clip_20,0.3110236220472441,0.2665066026410564,0.21102362204724406,0.0665066026410564,2.1102362204724407,0.6531987814166033,0.3468012185833968,0.07579686146103673,0.1926308476218194
codebert,envoy,0.25,unweighted_mondrian,0.4196850393700787,0.21052420968387356,0.31968503937007875,0.010524209683873543,3.196850393700787,0.723115003808073,0.27688499619192686,0.07579686146103673,0.1926308476218194
codebert,envoy,0.25,vultriage_full_gate_clip_20,0.11496062992125985,0.10576230492196878,0.07496062992125985,0.025762304921968782,0.7496062992125984,0.25038080731150036,0.7496191926884995,0.07579686146103673,0.1926308476218194
codebert,envoy,0.5,estimated_weight_no_gate_clip_20,0.30866141732283464,0.26254501800720287,0.20866141732283464,0.06254501800720286,2.0866141732283463,0.6554074638233054,0.3445925361766946,0.07579686146103673,0.1926308476218194
codebert,envoy,0.5,unweighted_mondrian,0.41653543307086616,0.20952380952380953,0.3165354330708661,0.009523809523809518,3.1653543307086607,0.715879664889566,0.2841203351104341,0.07579686146103673,0.1926308476218194
codebert,envoy,0.5,vultriage_full_gate_clip_20,0.30866141732283464,0.26254501800720287,0.20866141732283464,0.06254501800720286,2.0866141732283463,0.6554074638233054,0.3445925361766946,0.07579686146103673,0.1926308476218194
codebert,envoy,0.75,estimated_weight_no_gate_clip_20,0.28503937007874014,0.2633453381352541,0.18503937007874016,0.06334533813525409,1.8503937007874014,0.623000761614623,0.376999238385377,0.07579686146103673,0.1926308476218194
codebert,envoy,0.75,unweighted_mondrian,0.4267716535433071,0.20948379351740698,0.3267716535433071,0.009483793517406964,3.267716535433071,0.7246763137852247,0.2753236862147753,0.07579686146103673,0.1926308476218194
codebert,envoy,0.75,vultriage_full_gate_clip_20,0.28503937007874014,0.2633453381352541,0.18503937007874016,0.06334533813525409,1.8503937007874014,0.623000761614623,0.376999238385377,0.07579686146103673,0.1926308476218194
codebert,envoy,1.0,estimated_weight_no_gate_clip_20,0.2795275590551181,0.2617046818727491,0.1795275590551181,0.06170468187274908,1.795275590551181,0.6111957349581112,0.3888042650418888,0.07579686146103673,0.1926308476218194
codebert,envoy,1.0,unweighted_mondrian,0.4291338582677165,0.20968387354941978,0.3291338582677166,0.00968387354941977,3.2913385826771657,0.7252475247524752,0.2747524752475248,0.07579686146103673,0.1926308476218194
codebert,envoy,1.0,vultriage_full_gate_clip_20,0.2795275590551181,0.2617046818727491,0.1795275590551181,0.06170468187274908,1.795275590551181,0.6111957349581112,0.3888042650418888,0.07579686146103673,0.1926308476218194
codebert,ffmpeg,0.25,estimated_weight_no_gate_clip_20,0.08869565217391305,0.33271889400921656,0.00869565217391304,0.13271889400921658,0.6635944700460829,0.7263479145473042,0.2736520854526958,0.22743203479446705,0.30573902628649274
codebert,ffmpeg,0.25,unweighted_mondrian,0.04521739130434782,0.43364055299539167,0.0,0.23364055299539171,1.1682027649769584,0.7515768056968465,0.2484231943031536,0.22743203479446705,0.30573902628649274
codebert,ffmpeg,0.25,vultriage_full_gate_clip_20,0.08869565217391305,0.33271889400921656,0.00869565217391304,0.13271889400921658,0.6635944700460829,0.7263479145473042,0.2736520854526958,0.22743203479446705,0.30573902628649274
codebert,ffmpeg,0.5,estimated_weight_no_gate_clip_20,0.07478260869565218,0.3304147465437788,0.004347826086956522,0.1304147465437788,0.6520737327188939,0.7078331637843337,0.2921668362156663,0.22743203479446705,0.30573902628649274
codebert,ffmpeg,0.5,unweighted_mondrian,0.04521739130434782,0.4334101382488479,0.0,0.2334101382488479,1.1670506912442393,0.7446592065106816,0.25534079348931843,0.22743203479446705,0.30573902628649274
codebert,ffmpeg,0.5,vultriage_full_gate_clip_20,0.07478260869565218,0.3304147465437788,0.004347826086956522,0.1304147465437788,0.6520737327188939,0.7078331637843337,0.2921668362156663,0.22743203479446705,0.30573902628649274
codebert,ffmpeg,0.75,estimated_weight_no_gate_clip_20,0.06956521739130435,0.3320276497695852,0.0,0.13202764976958523,0.6601382488479259,0.7060020345879959,0.29399796541200407,0.22743203479446705,0.30573902628649274
codebert,ffmpeg,0.75,unweighted_mondrian,0.043478260869565216,0.4331797235023041,0.0,0.23317972350230412,1.1658986175115205,0.7464903357070193,0.25350966429298066,0.22743203479446705,0.30573902628649274
codebert,ffmpeg,0.75,vultriage_full_gate_clip_20,0.06956521739130435,0.3320276497695852,0.0,0.13202764976958523,0.6601382488479259,0.7060020345879959,0.29399796541200407,0.22743203479446705,0.30573902628649274
codebert,ffmpeg,1.0,estimated_weight_no_gate_clip_20,0.06956521739130435,0.3352534562211982,0.0,0.13525345622119817,0.6762672811059908,0.7100712105798576,0.28992878942014244,0.22743203479446705,0.30573902628649274
codebert,ffmpeg,1.0,unweighted_mondrian,0.043478260869565216,0.4331797235023041,0.0,0.23317972350230418,1.1658986175115207,0.7497456765005086,0.25025432349949134,0.22743203479446705,0.30573902628649274
codebert,ffmpeg,1.0,vultriage_full_gate_clip_20,0.06956521739130435,0.3352534562211982,0.0,0.13525345622119817,0.6762672811059908,0.7100712105798576,0.28992878942014244,0.22743203479446705,0.30573902628649274
codebert,ghostpdl,0.25,estimated_weight_no_gate_clip_20,0.26972477064220185,0.1652003910068426,0.16972477064220187,0.0,1.6972477064220184,0.7017667844522968,0.29823321554770316,0.19196182860588312,0.2058129686346183
codebert,ghostpdl,0.25,unweighted_mondrian,0.22752293577981653,0.23577712609970675,0.12752293577981652,0.035777126099706735,1.275229357798165,0.730565371024735,0.269434628975265,0.19196182860588312,0.2058129686346183
codebert,ghostpdl,0.25,vultriage_full_gate_clip_20,0.26972477064220185,0.1652003910068426,0.16972477064220187,0.0,1.6972477064220184,0.7017667844522968,0.29823321554770316,0.19196182860588312,0.2058129686346183
codebert,ghostpdl,0.5,estimated_weight_no_gate_clip_20,0.25688073394495414,0.15972629521016618,0.15688073394495414,0.0,1.5688073394495412,0.6840989399293287,0.31590106007067137,0.19196182860588312,0.2058129686346183
codebert,ghostpdl,0.5,unweighted_mondrian,0.21834862385321102,0.23440860215053763,0.11834862385321103,0.03440860215053762,1.18348623853211,0.7212014134275618,0.27879858657243817,0.19196182860588312,0.2058129686346183
codebert,ghostpdl,0.5,vultriage_full_gate_clip_20,0.25688073394495414,0.15972629521016618,0.15688073394495414,0.0,1.5688073394495412,0.6840989399293287,0.31590106007067137,0.19196182860588312,0.2058129686346183
codebert,ghostpdl,0.75,estimated_weight_no_gate_clip_20,0.26238532110091745,0.1616813294232649,0.16238532110091744,0.0,1.6238532110091741,0.6941696113074204,0.3058303886925795,0.19196182860588312,0.2058129686346183
codebert,ghostpdl,0.75,unweighted_mondrian,0.21100917431192662,0.23401759530791788,0.11100917431192661,0.034017595307917876,1.110091743119266,0.7192579505300354,0.28074204946996467,0.19196182860588312,0.2058129686346183
codebert,ghostpdl,0.75,vultriage_full_gate_clip_20,0.26238532110091745,0.1616813294232649,0.16238532110091744,0.0,1.6238532110091741,0.6941696113074204,0.3058303886925795,0.19196182860588312,0.2058129686346183
codebert,ghostpdl,1.0,estimated_weight_no_gate_clip_20,0.26605504587155965,0.16324535679374388,0.16605504587155961,0.0,1.6605504587155964,0.6978798586572438,0.30212014134275617,0.19196182860588312,0.2058129686346183
codebert,ghostpdl,1.0,unweighted_mondrian,0.21100917431192662,0.23460410557184752,0.11100917431192661,0.03460410557184751,1.110091743119266,0.7199646643109542,0.28003533568904593,0.19196182860588312,0.2058129686346183
codebert,ghostpdl,1.0,vultriage_full_gate_clip_20,0.26605504587155965,0.16324535679374388,0.16605504587155961,0.0,1.6605504587155964,0.6978798586572438,0.30212014134275617,0.19196182860588312,0.2058129686346183
codebert,imagemagick,0.25,estimated_weight_no_gate_clip_20,0.106,0.23022774327122153,0.024666666666666663,0.03022774327122153,0.2855900621118012,0.5136653895274584,0.4863346104725415,0.512426887316682,0.2736418284487547
codebert,imagemagick,0.25,unweighted_mondrian,0.154,0.4530020703933747,0.05399999999999999,0.25300207039337475,1.2650103519668736,0.8467432950191571,0.1532567049808429,0.512426887316682,0.2736418284487547
codebert,imagemagick,0.25,vultriage_full_gate_clip_20,0.0,0.0,0.0,0.0,0.0,0.0,1.0,0.512426887316682,0.2736418284487547
codebert,imagemagick,0.5,estimated_weight_no_gate_clip_20,0.17333333333333337,0.22939958592132506,0.07333333333333333,0.029399585921325033,0.7333333333333333,0.6385696040868454,0.3614303959131545,0.512426887316682,0.2736418284487547
codebert,imagemagick,0.5,unweighted_mondrian,0.154,0.4530020703933747,0.053999999999999986,0.25300207039337475,1.2650103519668736,0.8457215836526182,0.15427841634738187,0.512426887316682,0.2736418284487547
codebert,imagemagick,0.5,vultriage_full_gate_clip_20,0.0,0.0,0.0,0.0,0.0,0.0,1.0,0.512426887316682,0.2736418284487547
codebert,imagemagick,0.75,estimated_weight_no_gate_clip_20,0.188,0.23271221532091096,0.08800000000000001,0.03271221532091095,0.88,0.6597701149425288,0.3402298850574713,0.512426887316682,0.2736418284487547
codebert,imagemagick,0.75,unweighted_mondrian,0.15466666666666667,0.453416149068323,0.05466666666666667,0.253416149068323,1.2670807453416149,0.8467432950191571,0.15325670498084293,0.512426887316682,0.2736418284487547
codebert,imagemagick,0.75,vultriage_full_gate_clip_20,0.0,0.0,0.0,0.0,0.0,0.0,1.0,0.512426887316682,0.2736418284487547
codebert,imagemagick,1.0,estimated_weight_no_gate_clip_20,0.21333333333333335,0.22981366459627328,0.11333333333333334,0.029813664596273267,1.1333333333333333,0.6883780332056194,0.3116219667943806,0.512426887316682,0.2736418284487547
codebert,imagemagick,1.0,unweighted_mondrian,0.15333333333333332,0.453416149068323,0.053333333333333316,0.253416149068323,1.2670807453416149,0.8467432950191571,0.1532567049808429,0.512426887316682,0.2736418284487547
codebert,imagemagick,1.0,vultriage_full_gate_clip_20,0.0,0.0,0.0,0.0,0.0,0.0,1.0,0.512426887316682,0.2736418284487547
codebert,jasper,0.25,estimated_weight_no_gate_clip_20,0.1704433497536946,0.2854320987654321,0.07665024630541872,0.08543209876543209,0.8504530803381377,0.7407894736842106,0.25921052631578945,0.49493201397126607,0.23375411249868963
codebert,jasper,0.25,unweighted_mondrian,0.1438423645320197,0.29481481481481486,0.04384236453201971,0.09481481481481481,0.5268138417563705,0.7434210526315789,0.2565789473684211,0.49493201397126607,0.23375411249868963
codebert,jasper,0.25,vultriage_full_gate_clip_20,0.1704433497536946,0.2854320987654321,0.07665024630541872,0.08543209876543209,0.8504530803381377,0.7407894736842106,0.25921052631578945,0.49493201397126607,0.23375411249868963
codebert,jasper,0.5,estimated_weight_no_gate_clip_20,0.1940886699507389,0.28444444444444444,0.09408866995073892,0.08444444444444443,0.9489995742869306,0.7763157894736843,0.2236842105263158,0.49493201397126607,0.23375411249868963
codebert,jasper,0.5,unweighted_mondrian,0.14482758620689654,0.2938271604938272,0.04482758620689655,0.09382716049382717,0.5201362281822052,0.7407894736842106,0.25921052631578945,0.49493201397126607,0.23375411249868963
codebert,jasper,0.5,vultriage_full_gate_clip_20,0.1940886699507389,0.28444444444444444,0.09408866995073892,0.08444444444444443,0.9489995742869306,0.7763157894736843,0.2236842105263158,0.49493201397126607,0.23375411249868963
codebert,jasper,0.75,estimated_weight_no_gate_clip_20,0.20985221674876847,0.2839506172839506,0.10985221674876847,0.0839506172839506,1.0985221674876846,0.7871710526315789,0.21282894736842106,0.49493201397126607,0.23375411249868963
codebert,jasper,0.75,unweighted_mondrian,0.14482758620689656,0.2938271604938272,0.04482758620689656,0.09382716049382717,0.4760931703460439,0.7421052631578948,0.25789473684210523,0.49493201397126607,0.23375411249868963
codebert,jasper,0.75,vultriage_full_gate_clip_20,0.20985221674876847,0.2839506172839506,0.10985221674876847,0.0839506172839506,1.0985221674876846,0.7871710526315789,0.21282894736842106,0.49493201397126607,0.23375411249868963
codebert,jasper,1.0,estimated_weight_no_gate_clip_20,0.1921182266009852,0.2839506172839506,0.09211822660098519,0.0839506172839506,0.921182266009852,0.7680921052631579,0.23190789473684212,0.49493201397126607,0.23375411249868963
codebert,jasper,1.0,unweighted_mondrian,0.1477832512315271,0.2938271604938272,0.0477832512315271,0.09382716049382717,0.477832512315271,0.7450657894736843,0.25493421052631576,0.49493201397126607,0.23375411249868963
codebert,jasper,1.0,vultriage_full_gate_clip_20,0.1921182266009852,0.2839506172839506,0.09211822660098519,0.0839506172839506,0.921182266009852,0.7680921052631579,0.23190789473684212,0.49493201397126607,0.23375411249868963
codebert,krb5,0.25,estimated_weight_no_gate_clip_20,0.14745762711864407,0.27506702412868633,0.047457627118644055,0.07506702412868634,0.48180124505839045,0.6448065173116089,0.355193482688391,0.36772145412364354,0.27281984471676907
codebert,krb5,0.25,unweighted_mondrian,0.1271186440677966,0.4096514745308311,0.0271186440677966,0.20965147453083108,1.0482573726541553,0.7433808553971487,0.25661914460285135,0.36772145412364354,0.27281984471676907
codebert,krb5,0.25,vultriage_full_gate_clip_20,0.14745762711864407,0.27506702412868633,0.047457627118644055,0.07506702412868634,0.48180124505839045,0.6448065173116089,0.355193482688391,0.36772145412364354,0.27281984471676907
codebert,krb5,0.5,estimated_weight_no_gate_clip_20,0.15084745762711865,0.27453083109919574,0.050847457627118633,0.07453083109919571,0.5303766983232607,0.6476578411405295,0.35234215885947046,0.36772145412364354,0.27281984471676907
codebert,krb5,0.5,unweighted_mondrian,0.1288135593220339,0.4075067024128686,0.028813559322033888,0.20750670241286862,1.037533512064343,0.7397148676171079,0.2602851323828921,0.36772145412364354,0.27281984471676907
codebert,krb5,0.5,vultriage_full_gate_clip_20,0.15084745762711865,0.27453083109919574,0.050847457627118633,0.07453083109919571,0.5303766983232607,0.6476578411405295,0.35234215885947046,0.36772145412364354,0.27281984471676907
codebert,krb5,0.75,estimated_weight_no_gate_clip_20,0.16440677966101697,0.2761394101876676,0.06440677966101693,0.07613941018766757,0.6490207661198708,0.6639511201629328,0.33604887983706716,0.36772145412364354,0.27281984471676907
codebert,krb5,0.75,unweighted_mondrian,0.12542372881355932,0.4064343163538874,0.025423728813559313,0.20643431635388737,1.0321715817694368,0.7389002036659877,0.26109979633401226,0.36772145412364354,0.27281984471676907
codebert,krb5,0.75,vultriage_full_gate_clip_20,0.16440677966101697,0.2761394101876676,0.06440677966101693,0.07613941018766757,0.6490207661198708,0.6639511201629328,0.33604887983706716,0.36772145412364354,0.27281984471676907
codebert,krb5,1.0,estimated_weight_no_gate_clip_20,0.16949152542372878,0.2761394101876676,0.0694915254237288,0.07613941018766757,0.6949152542372878,0.6700610997963339,0.329938900203666,0.36772145412364354,0.27281984471676907
codebert,krb5,1.0,unweighted_mondrian,0.1271186440677966,0.4075067024128686,0.0271186440677966,0.20750670241286862,1.037533512064343,0.7393075356415478,0.2606924643584521,0.36772145412364354,0.27281984471676907
codebert,krb5,1.0,vultriage_full_gate_clip_20,0.16949152542372878,0.2761394101876676,0.0694915254237288,0.07613941018766757,0.6949152542372878,0.6700610997963339,0.329938900203666,0.36772145412364354,0.27281984471676907
codebert,librsvg,0.25,estimated_weight_no_gate_clip_20,0.6673684210526315,0.1711304347826087,0.5673684210526315,0.0,5.673684210526315,0.7808955223880596,0.2191044776119403,0.14152988160557767,0.22482075123650624
codebert,librsvg,0.25,unweighted_mondrian,0.5747368421052631,0.20730434782608698,0.4747368421052631,0.007304347826086943,4.747368421052631,0.7474626865671642,0.2525373134328358,0.14152988160557767,0.22482075123650624
codebert,librsvg,0.25,vultriage_full_gate_clip_20,0.6673684210526315,0.1711304347826087,0.5673684210526315,0.0,5.673684210526315,0.7808955223880596,0.2191044776119403,0.14152988160557767,0.22482075123650624
codebert,librsvg,0.5,estimated_weight_no_gate_clip_20,0.671578947368421,0.17078260869565218,0.5715789473684211,0.0,5.71578947368421,0.7725373134328357,0.22746268656716417,0.14152988160557767,0.22482075123650624
codebert,librsvg,0.5,unweighted_mondrian,0.5747368421052631,0.20591304347826087,0.4747368421052631,0.005913043478260854,4.747368421052631,0.7444776119402985,0.2555223880597015,0.14152988160557767,0.22482075123650624
codebert,librsvg,0.5,vultriage_full_gate_clip_20,0.671578947368421,0.17078260869565218,0.5715789473684211,0.0,5.71578947368421,0.7725373134328357,0.22746268656716417,0.14152988160557767,0.22482075123650624
codebert,librsvg,0.75,estimated_weight_no_gate_clip_20,0.6821052631578948,0.17008695652173914,0.5821052631578948,0.0,5.821052631578947,0.7788059701492537,0.22119402985074627,0.14152988160557767,0.22482075123650624
codebert,librsvg,0.75,unweighted_mondrian,0.5663157894736842,0.20521739130434782,0.46631578947368424,0.005217391304347813,4.663157894736842,0.7429850746268657,0.25701492537313436,0.14152988160557767,0.22482075123650624
codebert,librsvg,0.75,vultriage_full_gate_clip_20,0.6821052631578948,0.17008695652173914,0.5821052631578948,0.0,5.821052631578947,0.7788059701492537,0.22119402985074627,0.14152988160557767,0.22482075123650624
codebert,librsvg,1.0,estimated_weight_no_gate_clip_20,0.6842105263157895,0.16869565217391305,0.5842105263157895,0.0,5.842105263157895,0.7791044776119403,0.2208955223880597,0.14152988160557767,0.22482075123650624
codebert,librsvg,1.0,unweighted_mondrian,0.5684210526315789,0.20521739130434782,0.46842105263157896,0.005217391304347813,4.684210526315789,0.744776119402985,0.25522388059701495,0.14152988160557767,0.22482075123650624
codebert,librsvg,1.0,vultriage_full_gate_clip_20,0.6842105263157895,0.16869565217391305,0.5842105263157895,0.0,5.842105263157895,0.7791044776119403,0.2208955223880597,0.14152988160557767,0.22482075123650624
codebert,libtpms,0.25,estimated_weight_no_gate_clip_20,0.24036697247706423,0.14068241469816273,0.14036697247706423,0.0,1.4036697247706422,0.46244897959183673,0.5375510204081633,0.2636972050516083,0.24195198668570567
codebert,libtpms,0.25,unweighted_mondrian,0.24403669724770644,0.1979002624671916,0.14403669724770643,0.0009448818897637767,1.4403669724770642,0.5261224489795918,0.4738775510204081,0.2636972050516083,0.24195198668570567
codebert,libtpms,0.25,vultriage_full_gate_clip_20,0.24036697247706423,0.14068241469816273,0.14036697247706423,0.0,1.4036697247706422,0.46244897959183673,0.5375510204081633,0.2636972050516083,0.24195198668570567
codebert,libtpms,0.5,estimated_weight_no_gate_clip_20,0.23486238532110093,0.14540682414698164,0.13486238532110092,0.0,1.3486238532110093,0.4563265306122449,0.5436734693877551,0.2636972050516083,0.24195198668570567
codebert,libtpms,0.5,unweighted_mondrian,0.24403669724770644,0.19632545931758527,0.14403669724770643,0.0,1.4403669724770642,0.52,0.48,0.2636972050516083,0.24195198668570567
codebert,libtpms,0.5,vultriage_full_gate_clip_20,0.23486238532110093,0.14540682414698164,0.13486238532110092,0.0,1.3486238532110093,0.4563265306122449,0.5436734693877551,0.2636972050516083,0.24195198668570567
codebert,libtpms,0.75,estimated_weight_no_gate_clip_20,0.23669724770642206,0.14278215223097113,0.13669724770642203,0.0,1.3669724770642202,0.45877551020408164,0.5412244897959184,0.2636972050516083,0.24195198668570567
codebert,libtpms,0.75,unweighted_mondrian,0.24587155963302754,0.1984251968503937,0.14587155963302753,0.0,1.4587155963302751,0.5232653061224489,0.47673469387755096,0.2636972050516083,0.24195198668570567
codebert,libtpms,0.75,vultriage_full_gate_clip_20,0.23669724770642206,0.14278215223097113,0.13669724770642203,0.0,1.3669724770642202,0.45877551020408164,0.5412244897959184,0.2636972050516083,0.24195198668570567
codebert,libtpms,1.0,estimated_weight_no_gate_clip_20,0.22018348623853215,0.14173228346456693,0.12018348623853212,0.0,1.201834862385321,0.43673469387755104,0.563265306122449,0.2636972050516083,0.24195198668570567
codebert,libtpms,1.0,unweighted_mondrian,0.23853211009174313,0.19947506561679793,0.13853211009174313,0.0,1.385321100917431,0.5224489795918368,0.4775510204081633,0.2636972050516083,0.24195198668570567
codebert,libtpms,1.0,vultriage_full_gate_clip_20,0.22018348623853215,0.14173228346456693,0.12018348623853212,0.0,1.201834862385321,0.43673469387755104,0.563265306122449,0.2636972050516083,0.24195198668570567
codebert,libxml2,0.25,estimated_weight_no_gate_clip_20,0.16764705882352943,0.2733887733887734,0.06764705882352941,0.07338877338877339,0.676470588235294,0.7203883495145631,0.2796116504854369,0.140026669029387,0.2855308363820422
codebert,libxml2,0.25,unweighted_mondrian,0.10441176470588236,0.39729729729729735,0.0070588235294117615,0.1972972972972973,0.9864864864864864,0.7774757281553398,0.22252427184466017,0.140026669029387,0.2855308363820422
codebert,libxml2,0.25,vultriage_full_gate_clip_20,0.16764705882352943,0.2733887733887734,0.06764705882352941,0.07338877338877339,0.676470588235294,0.7203883495145631,0.2796116504854369,0.140026669029387,0.2855308363820422
codebert,libxml2,0.5,estimated_weight_no_gate_clip_20,0.15441176470588236,0.27193347193347195,0.054411764705882354,0.07193347193347192,0.5591904121315886,0.6954368932038836,0.30456310679611653,0.140026669029387,0.2855308363820422
codebert,libxml2,0.5,unweighted_mondrian,0.09852941176470587,0.3958419958419958,0.002058823529411763,0.19584199584199585,0.9792099792099791,0.7687378640776699,0.23126213592233008,0.140026669029387,0.2855308363820422
codebert,libxml2,0.5,vultriage_full_gate_clip_20,0.15441176470588236,0.27193347193347195,0.054411764705882354,0.07193347193347192,0.5591904121315886,0.6954368932038836,0.30456310679611653,0.140026669029387,0.2855308363820422
codebert,libxml2,0.75,estimated_weight_no_gate_clip_20,0.15294117647058825,0.27234927234927236,0.052941176470588235,0.07234927234927234,0.5294117647058824,0.7000970873786407,0.2999029126213592,0.140026669029387,0.2855308363820422
codebert,libxml2,0.75,unweighted_mondrian,0.0926470588235294,0.39604989604989604,0.0,0.19604989604989606,0.9802494802494802,0.7712621359223302,0.22873786407766988,0.140026669029387,0.2855308363820422
codebert,libxml2,0.75,vultriage_full_gate_clip_20,0.15294117647058825,0.27234927234927236,0.052941176470588235,0.07234927234927234,0.5294117647058824,0.7000970873786407,0.2999029126213592,0.140026669029387,0.2855308363820422
codebert,libxml2,1.0,estimated_weight_no_gate_clip_20,0.16176470588235292,0.2707900207900208,0.061764705882352944,0.07079002079002078,0.6176470588235294,0.7009708737864078,0.29902912621359223,0.140026669029387,0.2855308363820422
codebert,libxml2,1.0,unweighted_mondrian,0.09558823529411764,0.3970893970893971,0.0,0.1970893970893971,0.9854469854469855,0.7752427184466019,0.22475728155339805,0.140026669029387,0.2855308363820422
codebert,libxml2,1.0,vultriage_full_gate_clip_20,0.16176470588235292,0.2707900207900208,0.061764705882352944,0.07079002079002078,0.6176470588235294,0.7009708737864078,0.29902912621359223,0.140026669029387,0.2855308363820422
codebert,linux,0.25,estimated_weight_no_gate_clip_20,0.1734168865435356,0.169670212054318,0.07341688654353562,0.0,0.7341688654353562,0.521767385362891,0.478232614637109,0.16633909303754021,0.15094235735828437
codebert,linux,0.25,unweighted_mondrian,0.44538258575197887,0.12204829754498629,0.3453825857519789,0.0,3.4538258575197887,0.8107865168539325,0.18921348314606742,0.16633909303754021,0.15094235735828437
codebert,linux,0.25,vultriage_full_gate_clip_20,0.0,0.0,0.0,0.0,0.0,0.0,1.0,0.16633909303754021,0.15094235735828437
codebert,linux,0.5,estimated_weight_no_gate_clip_20,0.29604221635883904,0.18120275603719313,0.19604221635883906,0.0,1.9604221635883905,0.7059763133920437,0.29402368660795625,0.16633909303754021,0.15094235735828437
codebert,linux,0.5,unweighted_mondrian,0.4272427440633246,0.12153990233460432,0.32724274406332454,0.0,3.272427440633245,0.7927664743395081,0.20723352566049197,0.16633909303754021,0.15094235735828437
codebert,linux,0.5,vultriage_full_gate_clip_20,0.15521108179419524,0.07570406047227239,0.11521108179419526,0.0,1.1521108179419526,0.3281445490434255,0.6718554509565746,0.16633909303754021,0.15094235735828437
codebert,linux,0.75,estimated_weight_no_gate_clip_20,0.33575197889182057,0.18156398421299083,0.23575197889182056,0.0,2.3575197889182054,0.7545581536592771,0.24544184634072275,0.16633909303754021,0.15094235735828437
codebert,linux,0.75,unweighted_mondrian,0.42480211081794195,0.12118536356946953,0.32480211081794197,0.0,3.2480211081794197,0.7905557242635893,0.20944427573641058,0.16633909303754021,0.15094235735828437
codebert,linux,0.75,vultriage_full_gate_clip_20,0.33575197889182057,0.18156398421299083,0.23575197889182056,0.0,2.3575197889182054,0.7545581536592771,0.24544184634072275,0.16633909303754021,0.15094235735828437
codebert,linux,1.0,estimated_weight_no_gate_clip_20,0.2925461741424802,0.18533012241621513,0.19254617414248018,0.0,1.9254617414248016,0.713027634375949,0.28697236562405104,0.16633909303754021,0.15094235735828437
codebert,linux,1.0,unweighted_mondrian,0.4267810026385224,0.12164693290521104,0.3267810026385224,0.0,3.2678100263852237,0.7924992408138476,0.20750075918615246,0.16633909303754021,0.15094235735828437
codebert,linux,1.0,vultriage_full_gate_clip_20,0.2925461741424802,0.18533012241621513,0.19254617414248018,0.0,1.9254617414248016,0.713027634375949,0.28697236562405104,0.16633909303754021,0.15094235735828437
codebert,mongo,0.25,estimated_weight_no_gate_clip_20,0.24285714285714285,0.2505765407554672,0.14285714285714285,0.05057654075546719,1.4285714285714284,0.735591929958127,0.26440807004187283,0.10051783096240165,0.15285053866766118
codebert,mongo,0.25,unweighted_mondrian,0.3196428571428572,0.15491053677932407,0.2196428571428571,0.0,2.196428571428571,0.7636848115721355,0.23631518842786448,0.10051783096240165,0.15285053866766118
codebert,mongo,0.25,vultriage_full_gate_clip_20,0.0,0.0,0.0,0.0,0.0,0.0,1.0,0.10051783096240165,0.15285053866766118
codebert,mongo,0.5,estimated_weight_no_gate_clip_20,0.3232142857142857,0.24405566600397613,0.2232142857142857,0.044055666003976125,2.2321428571428568,0.8380662352493339,0.16193376475066618,0.10051783096240165,0.15285053866766118
codebert,mongo,0.5,unweighted_mondrian,0.31607142857142856,0.1537972166998012,0.21607142857142858,0.0,2.1607142857142856,0.7582032736962314,0.24179672630376856,0.10051783096240165,0.15285053866766118
codebert,mongo,0.5,vultriage_full_gate_clip_20,0.0,0.0,0.0,0.0,0.0,0.0,1.0,0.10051783096240165,0.15285053866766118
codebert,mongo,0.75,estimated_weight_no_gate_clip_20,0.4535714285714286,0.24580516898608348,0.3535714285714286,0.04580516898608348,3.5357142857142856,0.9811952797868291,0.01880472021317092,0.10051783096240165,0.15285053866766118
codebert,mongo,0.75,unweighted_mondrian,0.3196428571428572,0.15395626242544733,0.2196428571428571,0.0,2.196428571428571,0.7640654739246289,0.23593452607537113,0.10051783096240165,0.15285053866766118
codebert,mongo,0.75,vultriage_full_gate_clip_20,0.0,0.0,0.0,0.0,0.0,0.0,1.0,0.10051783096240165,0.15285053866766118
codebert,mongo,1.0,estimated_weight_no_gate_clip_20,0.4375,0.25168986083499006,0.3375,0.05168986083499005,3.375,0.9859154929577465,0.014084507042253523,0.10051783096240165,0.15285053866766118
codebert,mongo,1.0,unweighted_mondrian,0.3125,0.15427435387673957,0.2125,0.0,2.125,0.7674153026265702,0.23258469737342977,0.10051783096240165,0.15285053866766118
codebert,mongo,1.0,vultriage_full_gate_clip_20,0.0,0.0,0.0,0.0,0.0,0.0,1.0,0.10051783096240165,0.15285053866766118
codebert,mysql-server,0.25,estimated_weight_no_gate_clip_20,0.14788732394366197,0.14956709956709957,0.047887323943661964,0.0,0.47887323943661964,0.8044815007816571,0.19551849921834288,0.11966609470584406,0.16960613492128393
codebert,mysql-server,0.25,unweighted_mondrian,0.07746478873239437,0.2054112554112554,0.0,0.0054112554112554,0.027056277056277,0.7858780614903595,0.21412193850964045,0.11966609470584406,0.16960613492128393
codebert,mysql-server,0.25,vultriage_full_gate_clip_20,0.14788732394366197,0.14956709956709957,0.047887323943661964,0.0,0.47887323943661964,0.8044815007816571,0.19551849921834288,0.11966609470584406,0.16960613492128393
codebert,mysql-server,0.5,estimated_weight_no_gate_clip_20,0.176056338028169,0.14945887445887446,0.076056338028169,0.0,0.7605633802816901,0.8231370505471599,0.17686294945284,0.11966609470584406,0.16960613492128393
codebert,mysql-server,0.5,unweighted_mondrian,0.07605633802816902,0.2041125541125541,0.0,0.004112554112554101,0.0205627705627705,0.7812402292860865,0.2187597707139135,0.11966609470584406,0.16960613492128393
codebert,mysql-server,0.5,vultriage_full_gate_clip_20,0.176056338028169,0.14945887445887446,0.076056338028169,0.0,0.7605633802816901,0.8231370505471599,0.17686294945284,0.11966609470584406,0.16960613492128393
codebert,mysql-server,0.75,estimated_weight_no_gate_clip_20,0.17746478873239435,0.14794372294372293,0.07746478873239436,0.0,0.7746478873239435,0.8231370505471599,0.17686294945284003,0.11966609470584406,0.16960613492128393
codebert,mysql-server,0.75,unweighted_mondrian,0.07042253521126761,0.20405844155844158,0.0,0.00405844155844155,0.02029220779220775,0.7820739968733715,0.21792600312662846,0.11966609470584406,0.16960613492128393
codebert,mysql-server,0.75,vultriage_full_gate_clip_20,0.17746478873239435,0.14794372294372293,0.07746478873239436,0.0,0.7746478873239435,0.8231370505471599,0.17686294945284003,0.11966609470584406,0.16960613492128393
codebert,mysql-server,1.0,estimated_weight_no_gate_clip_20,0.176056338028169,0.14745670995670995,0.076056338028169,0.0,0.7605633802816899,0.8238665971860344,0.1761334028139656,0.11966609470584406,0.16960613492128393
codebert,mysql-server,1.0,unweighted_mondrian,0.07042253521126761,0.20454545454545456,0.0,0.004545454545454547,0.022727272727272735,0.7881709223553934,0.2118290776446066,0.11966609470584406,0.16960613492128393
codebert,mysql-server,1.0,vultriage_full_gate_clip_20,0.176056338028169,0.14745670995670995,0.076056338028169,0.0,0.7605633802816899,0.8238665971860344,0.1761334028139656,0.11966609470584406,0.16960613492128393
codebert,net,0.25,estimated_weight_no_gate_clip_20,0.10862068965517241,0.18488783943329398,0.03310344827586206,0.0,0.33103448275862063,0.6667403314917126,0.33325966850828725,0.1658640857997554,0.16894208056611076
codebert,net,0.25,unweighted_mondrian,0.15689655172413794,0.18547815820543093,0.05689655172413793,0.0,0.5689655172413793,0.7396685082872928,0.2603314917127072,0.1658640857997554,0.16894208056611076
codebert,net,0.25,vultriage_full_gate_clip_20,0.10862068965517241,0.18488783943329398,0.03310344827586206,0.0,0.33103448275862063,0.6667403314917126,0.33325966850828725,0.1658640857997554,0.16894208056611076
codebert,net,0.5,estimated_weight_no_gate_clip_20,0.0896551724137931,0.1868949232585596,0.006551724137931034,0.0,0.06551724137931034,0.6634254143646409,0.33657458563535914,0.1658640857997554,0.16894208056611076
codebert,net,0.5,unweighted_mondrian,0.14482758620689654,0.18406139315230224,0.04482758620689655,0.0,0.44827586206896547,0.732817679558011,0.267182320441989,0.1658640857997554,0.16894208056611076
codebert,net,0.5,vultriage_full_gate_clip_20,0.0896551724137931,0.1868949232585596,0.006551724137931034,0.0,0.06551724137931034,0.6634254143646409,0.33657458563535914,0.1658640857997554,0.16894208056611076
codebert,net,0.75,estimated_weight_no_gate_clip_20,0.08620689655172414,0.1912632821723731,0.0006896551724137917,0.0,0.006896551724137917,0.6643093922651935,0.33569060773480663,0.1658640857997554,0.16894208056611076
codebert,net,0.75,unweighted_mondrian,0.14482758620689654,0.18382526564344748,0.04482758620689655,0.0,0.4482758620689654,0.7340331491712706,0.2659668508287293,0.1658640857997554,0.16894208056611076
codebert,net,0.75,vultriage_full_gate_clip_20,0.08620689655172414,0.1912632821723731,0.0006896551724137917,0.0,0.006896551724137917,0.6643093922651935,0.33569060773480663,0.1658640857997554,0.16894208056611076
codebert,net,1.0,estimated_weight_no_gate_clip_20,0.10344827586206896,0.1936245572609209,0.0034482758620689585,0.0,0.034482758620689585,0.6961325966850829,0.30386740331491713,0.1658640857997554,0.16894208056611076
codebert,net,1.0,unweighted_mondrian,0.14655172413793102,0.18417945690672963,0.046551724137931016,0.0,0.46551724137931016,0.7386740331491712,0.2613259668508287,0.1658640857997554,0.16894208056611076
codebert,net,1.0,vultriage_full_gate_clip_20,0.10344827586206896,0.1936245572609209,0.0034482758620689585,0.0,0.034482758620689585,0.6961325966850829,0.30386740331491713,0.1658640857997554,0.16894208056611076
codebert,openssl,0.25,estimated_weight_no_gate_clip_20,0.1975221238938053,0.1917612886189596,0.09752212389380531,0.0,0.975221238938053,0.7338235294117648,0.2661764705882353,0.27527970077016906,0.20031854449883155
codebert,openssl,0.25,unweighted_mondrian,0.18017699115044247,0.23828888302086085,0.08017699115044248,0.03828888302086082,0.8017699115044249,0.7602481617647059,0.23975183823529414,0.27527970077016906,0.20031854449883155
codebert,openssl,0.25,vultriage_full_gate_clip_20,0.1975221238938053,0.1917612886189596,0.09752212389380531,0.0,0.975221238938053,0.7338235294117648,0.2661764705882353,0.27527970077016906,0.20031854449883155
codebert,openssl,0.5,estimated_weight_no_gate_clip_20,0.19185840707964602,0.19324003168735146,0.09185840707964602,0.0,0.9185840707964601,0.7263786764705883,0.27362132352941176,0.27527970077016906,0.20031854449883155
codebert,openssl,0.5,unweighted_mondrian,0.17982300884955751,0.2377607604964352,0.07982300884955752,0.037760760496435154,0.7982300884955752,0.7573529411764706,0.2426470588235294,0.27527970077016906,0.20031854449883155
codebert,openssl,0.5,vultriage_full_gate_clip_20,0.19185840707964602,0.19324003168735146,0.09185840707964602,0.0,0.9185840707964601,0.7263786764705883,0.27362132352941176,0.27527970077016906,0.20031854449883155
codebert,openssl,0.75,estimated_weight_no_gate_clip_20,0.1915044247787611,0.1918141008714022,0.09150442477876107,0.0,0.9150442477876106,0.7254136029411765,0.27458639705882354,0.27527970077016906,0.20031854449883155
codebert,openssl,0.75,unweighted_mondrian,0.18265486725663715,0.23765513599155003,0.08265486725663716,0.03765513599155002,0.8265486725663717,0.7599264705882354,0.2400735294117647,0.27527970077016906,0.20031854449883155
codebert,openssl,0.75,vultriage_full_gate_clip_20,0.1915044247787611,0.1918141008714022,0.09150442477876107,0.0,0.9150442477876106,0.7254136029411765,0.27458639705882354,0.27527970077016906,0.20031854449883155
codebert,openssl,1.0,estimated_weight_no_gate_clip_20,0.1929203539823009,0.19197253762872987,0.09292035398230089,0.0,0.9292035398230089,0.7309283088235294,0.26907169117647056,0.27527970077016906,0.20031854449883155
codebert,openssl,1.0,unweighted_mondrian,0.18584070796460178,0.2379191972537629,0.08584070796460179,0.03791919725376286,0.8584070796460178,0.7630974264705883,0.23690257352941177,0.27527970077016906,0.20031854449883155
codebert,openssl,1.0,vultriage_full_gate_clip_20,0.1929203539823009,0.19197253762872987,0.09292035398230089,0.0,0.9292035398230089,0.7309283088235294,0.26907169117647056,0.27527970077016906,0.20031854449883155
codebert,php,0.25,estimated_weight_no_gate_clip_20,0.2271954674220963,0.1220129669651127,0.1271954674220963,0.0,1.271954674220963,0.7560690423162584,0.24393095768374168,0.24789505307585644,0.14437012844998953
codebert,php,0.25,unweighted_mondrian,0.22096317280453256,0.13078110527940723,0.12096317280453256,0.0,1.2096317280453257,0.7658685968819599,0.2341314031180401,0.24789505307585644,0.14437012844998953
codebert,php,0.25,vultriage_full_gate_clip_20,0.2271954674220963,0.1220129669651127,0.1271954674220963,0.0,1.271954674220963,0.7560690423162584,0.24393095768374168,0.24789505307585644,0.14437012844998953
codebert,php,0.5,estimated_weight_no_gate_clip_20,0.22436260623229462,0.1214572398888546,0.12436260623229461,0.0,1.243626062322946,0.7574053452115812,0.24259465478841868,0.24789505307585644,0.14437012844998953
codebert,php,0.5,unweighted_mondrian,0.21246458923512748,0.12979314603272615,0.11246458923512746,0.0,1.1246458923512745,0.7589643652561248,0.24103563474387527,0.24789505307585644,0.14437012844998953
codebert,php,0.5,vultriage_full_gate_clip_20,0.22436260623229462,0.1214572398888546,0.12436260623229461,0.0,1.243626062322946,0.7574053452115812,0.24259465478841868,0.24789505307585644,0.14437012844998953
codebert,php,0.75,estimated_weight_no_gate_clip_20,0.21926345609065157,0.12170422970052484,0.11926345609065155,0.0,1.1926345609065154,0.7544543429844098,0.2455456570155902,0.24789505307585644,0.14437012844998953
codebert,php,0.75,unweighted_mondrian,0.21699716713881018,0.1297313985798086,0.11699716713881018,0.0,1.1699716713881017,0.7630289532293986,0.23697104677060132,0.24789505307585644,0.14437012844998953
codebert,php,0.75,vultriage_full_gate_clip_20,0.21926345609065157,0.12170422970052484,0.11926345609065155,0.0,1.1926345609065154,0.7544543429844098,0.2455456570155902,0.24789505307585644,0.14437012844998953
codebert,php,1.0,estimated_weight_no_gate_clip_20,0.226628895184136,0.12256869404137079,0.12662889518413598,0.0,1.2662889518413596,0.7706013363028953,0.22939866369710468,0.24789505307585644,0.14437012844998953
codebert,php,1.0,unweighted_mondrian,0.22096317280453256,0.12997838839147885,0.12096317280453256,0.0,1.2096317280453255,0.7686525612472159,0.23134743875278396,0.24789505307585644,0.14437012844998953
codebert,php,1.0,vultriage_full_gate_clip_20,0.226628895184136,0.12256869404137079,0.12662889518413598,0.0,1.2662889518413596,0.7706013363028953,0.22939866369710468,0.24789505307585644,0.14437012844998953
codebert,postgres,0.25,estimated_weight_no_gate_clip_20,0.11168831168831168,0.23410852713178293,0.03792207792207792,0.03410852713178294,0.5090050708165762,0.7208445297504799,0.27915547024952014,0.16503606311749683,0.1993358049619132
codebert,postgres,0.25,unweighted_mondrian,0.11818181818181818,0.25818033455732353,0.01818181818181817,0.05818033455732353,0.2915640051502964,0.7955470249520153,0.20445297504798465,0.16503606311749683,0.1993358049619132
codebert,postgres,0.25,vultriage_full_gate_clip_20,0.011688311688311687,0.05026519787841696,0.0,0.010265197878416964,0.051325989392084825,0.13673704414587332,0.8632629558541267,0.16503606311749683,0.1993358049619132
codebert,postgres,0.5,estimated_weight_no_gate_clip_20,0.1090909090909091,0.23166054671562628,0.009090909090909089,0.031660546715626264,0.16841787343623327,0.7388867562380038,0.2611132437619961,0.16503606311749683,0.1993358049619132
codebert,postgres,0.5,unweighted_mondrian,0.11818181818181818,0.25638514891880865,0.018181818181818174,0.05638514891880865,0.28192574459404324,0.7916314779270635,0.20836852207293666,0.16503606311749683,0.1993358049619132
codebert,postgres,0.5,vultriage_full_gate_clip_20,0.1090909090909091,0.23166054671562628,0.009090909090909089,0.031660546715626264,0.16841787343623327,0.7388867562380038,0.2611132437619961,0.16503606311749683,0.1993358049619132
codebert,postgres,0.75,estimated_weight_no_gate_clip_20,0.12207792207792208,0.23492452060383517,0.022077922077922075,0.034924520603835156,0.2894498402454338,0.76,0.24,0.16503606311749683,0.1993358049619132
codebert,postgres,0.75,unweighted_mondrian,0.11558441558441558,0.2565483476132191,0.015584415584415576,0.0565483476132191,0.2827417380660955,0.7930902111324376,0.20690978886756237,0.16503606311749683,0.1993358049619132
codebert,postgres,0.75,vultriage_full_gate_clip_20,0.12207792207792208,0.23492452060383517,0.022077922077922075,0.034924520603835156,0.2894498402454338,0.76,0.24,0.16503606311749683,0.1993358049619132
codebert,postgres,1.0,estimated_weight_no_gate_clip_20,0.11688311688311687,0.23582211342309262,0.016883116883116875,0.035822113423092605,0.17911056711546303,0.7677543186180422,0.23224568138195778,0.16503606311749683,0.1993358049619132
codebert,postgres,1.0,unweighted_mondrian,0.11688311688311687,0.25703794369645044,0.016883116883116875,0.05703794369645044,0.28518971848225216,0.7973128598848368,0.20268714011516317,0.16503606311749683,0.1993358049619132
codebert,postgres,1.0,vultriage_full_gate_clip_20,0.11688311688311687,0.23582211342309262,0.016883116883116875,0.035822113423092605,0.17911056711546303,0.7677543186180422,0.23224568138195778,0.16503606311749683,0.1993358049619132
codebert,qemu,0.25,estimated_weight_no_gate_clip_20,0.4467455621301775,0.12412891986062718,0.34674556213017754,0.0,3.467455621301775,0.8220197418375095,0.17798025816249052,0.22746902434645222,0.1744876656847635
codebert,qemu,0.25,unweighted_mondrian,0.37514792899408284,0.1642857142857143,0.2751479289940828,0.0,2.751479289940828,0.7819286256643888,0.21807137433561125,0.22746902434645222,0.1744876656847635
codebert,qemu,0.25,vultriage_full_gate_clip_20,0.4467455621301775,0.12412891986062718,0.34674556213017754,0.0,3.467455621301775,0.8220197418375095,0.17798025816249052,0.22746902434645222,0.1744876656847635
codebert,qemu,0.5,estimated_weight_no_gate_clip_20,0.4727810650887574,0.11759581881533102,0.37278106508875736,0.0,3.727810650887574,0.837129840546697,0.16287015945330297,0.22746902434645222,0.1744876656847635
codebert,qemu,0.5,unweighted_mondrian,0.37218934911242607,0.1636759581881533,0.272189349112426,0.0,2.72189349112426,0.7744115413819286,0.2255884586180714,0.22746902434645222,0.1744876656847635
codebert,qemu,0.5,vultriage_full_gate_clip_20,0.4727810650887574,0.11759581881533102,0.37278106508875736,0.0,3.727810650887574,0.837129840546697,0.16287015945330297,0.22746902434645222,0.1744876656847635
codebert,qemu,0.75,estimated_weight_no_gate_clip_20,0.4727810650887574,0.11689895470383276,0.37278106508875747,0.0,3.727810650887574,0.8378891419893698,0.16211085801063022,0.22746902434645222,0.1744876656847635
codebert,qemu,0.75,unweighted_mondrian,0.3715976331360947,0.16419860627177701,0.27159763313609464,0.0,2.715976331360946,0.7779043280182232,0.22209567198177677,0.22746902434645222,0.1744876656847635
codebert,qemu,0.75,vultriage_full_gate_clip_20,0.4727810650887574,0.11689895470383276,0.37278106508875747,0.0,3.727810650887574,0.8378891419893698,0.16211085801063022,0.22746902434645222,0.1744876656847635
codebert,qemu,1.0,estimated_weight_no_gate_clip_20,0.4674556213017752,0.11628919860627178,0.3674556213017751,0.0,3.6745562130177505,0.8356112376613516,0.16438876233864844,0.22746902434645222,0.1744876656847635
codebert,qemu,1.0,unweighted_mondrian,0.378698224852071,0.16463414634146342,0.27869822485207096,0.0,2.7869822485207094,0.7854973424449505,0.21450265755504938,0.22746902434645222,0.1744876656847635
codebert,qemu,1.0,vultriage_full_gate_clip_20,0.4674556213017752,0.11628919860627178,0.3674556213017751,0.0,3.6745562130177505,0.8356112376613516,0.16438876233864844,0.22746902434645222,0.1744876656847635
codebert,qpdf,0.25,estimated_weight_no_gate_clip_20,0.3919117647058823,0.12113606340819023,0.29191176470588237,0.0,2.9191176470588234,0.841545352743561,0.15845464725643896,0.28695425894697496,0.16283329777181887
codebert,qpdf,0.25,unweighted_mondrian,0.3264705882352941,0.1537648612945839,0.2264705882352941,0.0,2.264705882352941,0.8213885778275476,0.1786114221724524,0.28695425894697496,0.16283329777181887
codebert,qpdf,0.25,vultriage_full_gate_clip_20,0.3919117647058823,0.12113606340819023,0.29191176470588237,0.0,2.9191176470588234,0.841545352743561,0.15845464725643896,0.28695425894697496,0.16283329777181887
codebert,qpdf,0.5,estimated_weight_no_gate_clip_20,0.3764705882352941,0.12047556142668428,0.27647058823529413,0.0,2.7647058823529407,0.8309070548712206,0.16909294512877937,0.28695425894697496,0.16283329777181887
codebert,qpdf,0.5,unweighted_mondrian,0.32205882352941173,0.1525759577278732,0.22205882352941175,0.0,2.2205882352941173,0.8165733482642777,0.18342665173572228,0.28695425894697496,0.16283329777181887
codebert,qpdf,0.5,vultriage_full_gate_clip_20,0.3764705882352941,0.12047556142668428,0.27647058823529413,0.0,2.7647058823529407,0.8309070548712206,0.16909294512877937,0.28695425894697496,0.16283329777181887
codebert,qpdf,0.75,estimated_weight_no_gate_clip_20,0.3963235294117647,0.12140026420079261,0.2963235294117647,0.0,2.9632352941176467,0.8437849944008958,0.15621500559910415,0.28695425894697496,0.16283329777181887
codebert,qpdf,0.75,unweighted_mondrian,0.3279411764705882,0.15284015852047556,0.22794117647058823,0.0,2.2794117647058822,0.8191489361702128,0.18085106382978722,0.28695425894697496,0.16283329777181887
codebert,qpdf,0.75,vultriage_full_gate_clip_20,0.3963235294117647,0.12140026420079261,0.2963235294117647,0.0,2.9632352941176467,0.8437849944008958,0.15621500559910415,0.28695425894697496,0.16283329777181887
codebert,qpdf,1.0,estimated_weight_no_gate_clip_20,0.38602941176470584,0.12087186261558784,0.28602941176470587,0.0,2.8602941176470584,0.8404255319148937,0.1595744680851064,0.28695425894697496,0.16283329777181887
codebert,qpdf,1.0,unweighted_mondrian,0.32352941176470584,0.15323645970937913,0.2235294117647059,0.0,2.235294117647059,0.818589025755879,0.18141097424412095,0.28695425894697496,0.16283329777181887
codebert,qpdf,1.0,vultriage_full_gate_clip_20,0.38602941176470584,0.12087186261558784,0.28602941176470587,0.0,2.8602941176470584,0.8404255319148937,0.1595744680851064,0.28695425894697496,0.16283329777181887
codebert,radare2,0.25,estimated_weight_no_gate_clip_20,0.3678571428571428,0.16948682385575592,0.26785714285714285,0.0,2.6785714285714284,0.7590062111801242,0.24099378881987576,0.17134281486329356,0.20893628569394532
codebert,radare2,0.25,unweighted_mondrian,0.2976190476190476,0.24646324549237172,0.19761904761904764,0.04646324549237169,1.9761904761904763,0.7823602484472049,0.21763975155279502,0.17134281486329356,0.20893628569394532
codebert,radare2,0.25,vultriage_full_gate_clip_20,0.3678571428571428,0.16948682385575592,0.26785714285714285,0.0,2.6785714285714284,0.7590062111801242,0.24099378881987576,0.17134281486329356,0.20893628569394532
codebert,radare2,0.5,estimated_weight_no_gate_clip_20,0.3761904761904762,0.1693481276005548,0.27619047619047615,0.0,2.7619047619047614,0.773167701863354,0.22683229813664596,0.17134281486329356,0.20893628569394532
codebert,radare2,0.5,unweighted_mondrian,0.2880952380952381,0.2450762829403606,0.1880952380952381,0.0450762829403606,1.8809523809523807,0.7674534161490684,0.2325465838509317,0.17134281486329356,0.20893628569394532
codebert,radare2,0.5,vultriage_full_gate_clip_20,0.3761904761904762,0.1693481276005548,0.27619047619047615,0.0,2.7619047619047614,0.773167701863354,0.22683229813664596,0.17134281486329356,0.20893628569394532
codebert,radare2,0.75,estimated_weight_no_gate_clip_20,0.3880952380952381,0.16893203883495148,0.2880952380952381,0.0,2.880952380952381,0.7832298136645963,0.2167701863354037,0.17134281486329356,0.20893628569394532
codebert,radare2,0.75,unweighted_mondrian,0.29404761904761906,0.2452149791955617,0.19404761904761902,0.04521497919556171,1.94047619047619,0.7816149068322982,0.21838509316770185,0.17134281486329356,0.20893628569394532
codebert,radare2,0.75,vultriage_full_gate_clip_20,0.3880952380952381,0.16893203883495148,0.2880952380952381,0.0,2.880952380952381,0.7832298136645963,0.2167701863354037,0.17134281486329356,0.20893628569394532
codebert,radare2,1.0,estimated_weight_no_gate_clip_20,0.38095238095238093,0.17059639389736478,0.28095238095238095,0.0,2.809523809523809,0.7763975155279503,0.2236024844720497,0.17134281486329356,0.20893628569394532
codebert,radare2,1.0,unweighted_mondrian,0.2976190476190476,0.2447988904299584,0.19761904761904764,0.04479889042995838,1.9761904761904758,0.7850931677018633,0.21490683229813665,0.17134281486329356,0.20893628569394532
codebert,radare2,1.0,vultriage_full_gate_clip_20,0.38095238095238093,0.17059639389736478,0.28095238095238095,0.0,2.809523809523809,0.7763975155279503,0.2236024844720497,0.17134281486329356,0.20893628569394532
codebert,samba,0.25,estimated_weight_no_gate_clip_20,0.23076923076923075,0.20303687635574838,0.13076923076923078,0.003340563991323203,1.3076923076923075,0.7237123916369199,0.2762876083630801,0.12313411679685494,0.1856392785767393
codebert,samba,0.25,unweighted_mondrian,0.25811965811965815,0.20281995661605204,0.1581196581196581,0.0028199566160520494,1.5811965811965811,0.7440081591024987,0.25599184089750127,0.12313411679685494,0.1856392785767393
codebert,samba,0.25,vultriage_full_gate_clip_20,0.23076923076923075,0.20303687635574838,0.13076923076923078,0.003340563991323203,1.3076923076923075,0.7237123916369199,0.2762876083630801,0.12313411679685494,0.1856392785767393
codebert,samba,0.5,estimated_weight_no_gate_clip_20,0.2170940170940171,0.20281995661605204,0.11709401709401708,0.0028199566160520494,1.1709401709401708,0.7075981642019379,0.2924018357980622,0.12313411679685494,0.1856392785767393
codebert,samba,0.5,unweighted_mondrian,0.25811965811965815,0.2019522776572668,0.1581196581196581,0.0019522776572667988,1.5811965811965811,0.736664966853646,0.2633350331463539,0.12313411679685494,0.1856392785767393
codebert,samba,0.5,vultriage_full_gate_clip_20,0.2170940170940171,0.20281995661605204,0.11709401709401708,0.0028199566160520494,1.1709401709401708,0.7075981642019379,0.2924018357980622,0.12313411679685494,0.1856392785767393
codebert,samba,0.75,estimated_weight_no_gate_clip_20,0.2222222222222222,0.20412147505422992,0.12222222222222222,0.004121475054229928,1.222222222222222,0.7197348291687914,0.28026517083120855,0.12313411679685494,0.1856392785767393
codebert,samba,0.75,unweighted_mondrian,0.26153846153846155,0.2019522776572668,0.16153846153846152,0.0019522776572667988,1.6153846153846152,0.736460989291178,0.263539010708822,0.12313411679685494,0.1856392785767393
codebert,samba,0.75,vultriage_full_gate_clip_20,0.2222222222222222,0.20412147505422992,0.12222222222222222,0.004121475054229928,1.222222222222222,0.7197348291687914,0.28026517083120855,0.12313411679685494,0.1856392785767393
codebert,samba,1.0,estimated_weight_no_gate_clip_20,0.2222222222222222,0.20498915401301518,0.12222222222222219,0.004989154013015168,1.2222222222222219,0.7185109637939827,0.28148903620601734,0.12313411679685494,0.1856392785767393
codebert,samba,1.0,unweighted_mondrian,0.26495726495726496,0.20227765726681127,0.16495726495726493,0.002277657266811256,1.6495726495726495,0.7358490566037736,0.2641509433962264,0.12313411679685494,0.1856392785767393
codebert,samba,1.0,vultriage_full_gate_clip_20,0.2222222222222222,0.20498915401301518,0.12222222222222219,0.004989154013015168,1.2222222222222219,0.7185109637939827,0.28148903620601734,0.12313411679685494,0.1856392785767393
codebert,tcpdump,0.25,estimated_weight_no_gate_clip_20,0.3818181818181818,0.165296803652968,0.2818181818181818,0.0,2.8181818181818183,0.6485981308411215,0.35140186915887844,0.5696275881080275,0.2727631836912537
codebert,tcpdump,0.25,unweighted_mondrian,0.14736842105263157,0.3735159817351598,0.047368421052631574,0.17351598173515978,0.8675799086757989,0.6570093457943925,0.3429906542056074,0.5696275881080275,0.2727631836912537
codebert,tcpdump,0.25,vultriage_full_gate_clip_20,0.3818181818181818,0.165296803652968,0.2818181818181818,0.0,2.8181818181818183,0.6485981308411215,0.35140186915887844,0.5696275881080275,0.2727631836912537
codebert,tcpdump,0.5,estimated_weight_no_gate_clip_20,0.3779904306220096,0.16621004566210043,0.27799043062200957,0.0,2.7799043062200957,0.65,0.35,0.5696275881080275,0.2727631836912537
codebert,tcpdump,0.5,unweighted_mondrian,0.1416267942583732,0.37168949771689497,0.0416267942583732,0.17168949771689493,0.8584474885844747,0.6523364485981308,0.34766355140186916,0.5696275881080275,0.2727631836912537
codebert,tcpdump,0.5,vultriage_full_gate_clip_20,0.3779904306220096,0.16621004566210043,0.27799043062200957,0.0,2.7799043062200957,0.65,0.35,0.5696275881080275,0.2727631836912537
codebert,tcpdump,0.75,estimated_weight_no_gate_clip_20,0.3779904306220096,0.1680365296803653,0.27799043062200957,0.0,2.7799043062200957,0.6570093457943925,0.34299065420560754,0.5696275881080275,0.2727631836912537
codebert,tcpdump,0.75,unweighted_mondrian,0.14736842105263157,0.3735159817351598,0.04736842105263157,0.17351598173515978,0.8675799086757989,0.6560747663551402,0.34392523364485983,0.5696275881080275,0.2727631836912537
codebert,tcpdump,0.75,vultriage_full_gate_clip_20,0.3779904306220096,0.1680365296803653,0.27799043062200957,0.0,2.7799043062200957,0.6570093457943925,0.34299065420560754,0.5696275881080275,0.2727631836912537
codebert,tcpdump,1.0,estimated_weight_no_gate_clip_20,0.3827751196172249,0.16894977168949774,0.2827751196172249,0.0,2.8277511961722492,0.6658878504672897,0.3341121495327103,0.5696275881080275,0.2727631836912537
codebert,tcpdump,1.0,unweighted_mondrian,0.15311004784688995,0.3744292237442922,0.05311004784688994,0.1744292237442922,0.872146118721461,0.6612149532710281,0.33878504672897203,0.5696275881080275,0.2727631836912537
codebert,tcpdump,1.0,vultriage_full_gate_clip_20,0.3827751196172249,0.16894977168949774,0.2827751196172249,0.0,2.8277511961722492,0.6658878504672897,0.3341121495327103,0.5696275881080275,0.2727631836912537
codebert,tensorflow,0.25,estimated_weight_no_gate_clip_20,0.13835616438356163,0.2695846359982135,0.04420091324200912,0.06958463599821346,0.5369467370666535,0.7875980575270826,0.21240194247291744,0.3387398974151672,0.21139764713926198
codebert,tensorflow,0.25,unweighted_mondrian,0.13561643835616438,0.2810183117463153,0.03561643835616437,0.08101831174631531,0.42815510022616904,0.8047067612999627,0.19529323870003737,0.3387398974151672,0.21139764713926198
codebert,tensorflow,0.25,vultriage_full_gate_clip_20,0.13835616438356163,0.2695846359982135,0.04420091324200912,0.06958463599821346,0.5369467370666535,0.7875980575270826,0.21240194247291744,0.3387398974151672,0.21139764713926198
codebert,tensorflow,0.5,estimated_weight_no_gate_clip_20,0.11780821917808218,0.2702099151406878,0.027671232876712318,0.07020991514068779,0.43187088169253635,0.7614493836384011,0.2385506163615988,0.3387398974151672,0.21139764713926198
codebert,tensorflow,0.5,unweighted_mondrian,0.13378995433789953,0.280303707012059,0.03378995433789953,0.08030370701205897,0.41327361978704613,0.8006723944714232,0.19932760552857676,0.3387398974151672,0.21139764713926198
codebert,tensorflow,0.5,vultriage_full_gate_clip_20,0.11780821917808218,0.2702099151406878,0.027671232876712318,0.07020991514068779,0.43187088169253635,0.7614493836384011,0.2385506163615988,0.3387398974151672,0.21139764713926198
codebert,tensorflow,0.75,estimated_weight_no_gate_clip_20,0.12922374429223743,0.2676194729790085,0.031872146118721446,0.06761947297900849,0.4035334593680723,0.7772880089652596,0.2227119910347404,0.3387398974151672,0.21139764713926198
codebert,tensorflow,0.75,unweighted_mondrian,0.13561643835616438,0.280303707012059,0.03561643835616437,0.08030370701205897,0.4096006656592045,0.8032872618602913,0.19671273813970863,0.3387398974151672,0.21139764713926198
codebert,tensorflow,0.75,vultriage_full_gate_clip_20,0.12922374429223743,0.2676194729790085,0.031872146118721446,0.06761947297900849,0.4035334593680723,0.7772880089652596,0.2227119910347404,0.3387398974151672,0.21139764713926198
codebert,tensorflow,1.0,estimated_weight_no_gate_clip_20,0.12557077625570776,0.2670835194283162,0.025570776255707754,0.0670835194283162,0.335417597141581,0.7736271946208443,0.22637280537915574,0.3387398974151672,0.21139764713926198
codebert,tensorflow,1.0,unweighted_mondrian,0.13470319634703196,0.28048235819562306,0.03470319634703195,0.08048235819562305,0.40241179097811525,0.8020171834142699,0.19798281658573033,0.3387398974151672,0.21139764713926198
codebert,tensorflow,1.0,vultriage_full_gate_clip_20,0.12557077625570776,0.2670835194283162,0.025570776255707754,0.0670835194283162,0.335417597141581,0.7736271946208443,0.22637280537915574,0.3387398974151672,0.21139764713926198
codebert,vim,0.25,estimated_weight_no_gate_clip_20,0.28620689655172415,0.18952380952380954,0.18620689655172412,0.0,1.8620689655172413,0.7537303664921465,0.24626963350785339,0.10486858929201044,0.212640936299291
codebert,vim,0.25,unweighted_mondrian,0.2793103448275862,0.2539455782312925,0.1793103448275862,0.05394557823129251,1.7931034482758619,0.787630890052356,0.21236910994764396,0.10486858929201044,0.212640936299291
codebert,vim,0.25,vultriage_full_gate_clip_20,0.28620689655172415,0.18952380952380954,0.18620689655172412,0.0,1.8620689655172413,0.7537303664921465,0.24626963350785339,0.10486858929201044,0.212640936299291
codebert,vim,0.5,estimated_weight_no_gate_clip_20,0.3017241379310345,0.18782312925170067,0.2017241379310345,0.0,2.0172413793103448,0.7640706806282722,0.23592931937172776,0.10486858929201044,0.212640936299291
codebert,vim,0.5,unweighted_mondrian,0.27068965517241383,0.2531972789115646,0.17068965517241377,0.05319727891156463,1.706896551724138,0.7817408376963351,0.2182591623036649,0.10486858929201044,0.212640936299291
codebert,vim,0.5,vultriage_full_gate_clip_20,0.3017241379310345,0.18782312925170067,0.2017241379310345,0.0,2.0172413793103448,0.7640706806282722,0.23592931937172776,0.10486858929201044,0.212640936299291
codebert,vim,0.75,estimated_weight_no_gate_clip_20,0.3,0.1869387755102041,0.2,0.0,2.0,0.7523560209424083,0.2476439790575916,0.10486858929201044,0.212640936299291
codebert,vim,0.75,unweighted_mondrian,0.2775862068965517,0.25306122448979596,0.17758620689655172,0.053061224489795916,1.7758620689655171,0.787761780104712,0.212238219895288,0.10486858929201044,0.212640936299291
codebert,vim,0.75,vultriage_full_gate_clip_20,0.3,0.1869387755102041,0.2,0.0,2.0,0.7523560209424083,0.2476439790575916,0.10486858929201044,0.212640936299291
codebert,vim,1.0,estimated_weight_no_gate_clip_20,0.3017241379310345,0.186734693877551,0.2017241379310345,0.0,2.0172413793103448,0.7670157068062828,0.23298429319371727,0.10486858929201044,0.212640936299291
codebert,vim,1.0,unweighted_mondrian,0.28448275862068967,0.2534013605442177,0.1844827586206897,0.05340136054421768,1.8448275862068966,0.7918848167539267,0.2081151832460733,0.10486858929201044,0.212640936299291
codebert,vim,1.0,vultriage_full_gate_clip_20,0.3017241379310345,0.186734693877551,0.2017241379310345,0.0,2.0172413793103448,0.7670157068062828,0.23298429319371727,0.10486858929201044,0.212640936299291
hashing,FreeRDP,0.25,estimated_weight_no_gate_clip_20,0.04539007092198582,0.14951132300357567,0.0,0.0,0.0,0.22551020408163264,0.7744897959183673,0.17291012556497923,0.19839639084532057
hashing,FreeRDP,0.25,unweighted_mondrian,0.3148936170212766,0.16538736591179976,0.2148936170212766,0.0,2.1489361702127656,0.6258775510204082,0.37412244897959185,0.17291012556497923,0.19839639084532057
hashing,FreeRDP,0.25,vultriage_full_gate_clip_20,0.0,0.0,0.0,0.0,0.0,0.0,1.0,0.17291012556497923,0.19839639084532057
hashing,FreeRDP,0.5,estimated_weight_no_gate_clip_20,0.07063829787234042,0.1534207389749702,0.0,0.0,0.0,0.2791020408163265,0.7208979591836734,0.17291012556497923,0.19839639084532057
hashing,FreeRDP,0.5,unweighted_mondrian,0.2973049645390071,0.16414779499404053,0.1973049645390071,0.0,1.9730496453900708,0.6088571428571429,0.3911428571428571,0.17291012556497923,0.19839639084532057
hashing,FreeRDP,0.5,vultriage_full_gate_clip_20,0.0,0.0,0.0,0.0,0.0,0.0,1.0,0.17291012556497923,0.19839639084532057
hashing,FreeRDP,0.75,estimated_weight_no_gate_clip_20,0.0851063829787234,0.14870083432657927,0.0,0.0,0.0,0.3059591836734694,0.6940408163265306,0.17291012556497923,0.19839639084532057
hashing,FreeRDP,0.75,unweighted_mondrian,0.3060992907801418,0.1634803337306317,0.20609929078014183,0.0,2.060992907801418,0.6140816326530613,0.3859183673469388,0.17291012556497923,0.19839639084532057
hashing,FreeRDP,0.75,vultriage_full_gate_clip_20,0.0851063829787234,0.14870083432657927,0.0,0.0,0.0,0.3059591836734694,0.6940408163265306,0.17291012556497923,0.19839639084532057
hashing,FreeRDP,1.0,estimated_weight_no_gate_clip_20,0.10921985815602836,0.15256257449344457,0.01219858156028368,0.0,0.12198581560283679,0.3910204081632653,0.6089795918367347,0.17291012556497923,0.19839639084532057
hashing,FreeRDP,1.0,unweighted_mondrian,0.30921985815602837,0.16400476758045293,0.20921985815602834,0.0,2.0921985815602837,0.6204081632653061,0.3795918367346939,0.17291012556497923,0.19839639084532057
hashing,FreeRDP,1.0,vultriage_full_gate_clip_20,0.10921985815602836,0.15256257449344457,0.01219858156028368,0.0,0.12198581560283679,0.3910204081632653,0.6089795918367347,0.17291012556497923,0.19839639084532057
hashing,envoy,0.25,estimated_weight_no_gate_clip_20,0.07401574803149606,0.14783513405362145,9.448818897637767e-05,0.0,0.0009448818897637767,0.2855750190403656,0.7144249809596345,0.08877086757946037,0.08963595589656981
hashing,envoy,0.25,unweighted_mondrian,0.5135433070866141,0.052917166866746704,0.41354330708661424,0.0,4.135433070866141,0.7272962680883472,0.2727037319116527,0.08877086757946037,0.08963595589656981
hashing,envoy,0.25,vultriage_full_gate_clip_20,0.0,0.0,0.0,0.0,0.0,0.0,1.0,0.08877086757946037,0.08963595589656981
hashing,envoy,0.5,estimated_weight_no_gate_clip_20,0.09858267716535433,0.1507643057222889,0.007401574803149604,0.0,0.07401574803149605,0.338956587966489,0.661043412033511,0.08877086757946037,0.08963595589656981
hashing,envoy,0.5,unweighted_mondrian,0.5026771653543307,0.052533013205282114,0.40267716535433073,0.0,4.026771653543308,0.713869002284844,0.28613099771515615,0.08877086757946037,0.08963595589656981
hashing,envoy,0.5,vultriage_full_gate_clip_20,0.0,0.0,0.0,0.0,0.0,0.0,1.0,0.08877086757946037,0.08963595589656981
hashing,envoy,0.75,estimated_weight_no_gate_clip_20,0.1494488188976378,0.15157262905162067,0.049448818897637796,0.0,0.4944881889763779,0.39407463823305405,0.6059253617669459,0.08877086757946037,0.08963595589656981
hashing,envoy,0.75,unweighted_mondrian,0.5122834645669291,0.0523969587835134,0.4122834645669291,0.0,4.1228346456692915,0.7258111195734958,0.2741888804265042,0.08877086757946037,0.08963595589656981
hashing,envoy,0.75,vultriage_full_gate_clip_20,0.0,0.0,0.0,0.0,0.0,0.0,1.0,0.08877086757946037,0.08963595589656981
hashing,envoy,1.0,estimated_weight_no_gate_clip_20,0.16692913385826774,0.15366146458583432,0.06692913385826772,0.0,0.6692913385826772,0.4258568164508758,0.5741431835491242,0.08877086757946037,0.08963595589656981
hashing,envoy,1.0,unweighted_mondrian,0.5165354330708661,0.052621048419367746,0.41653543307086616,0.0,4.165354330708661,0.731949733434882,0.26805026656511804,0.08877086757946037,0.08963595589656981
hashing,envoy,1.0,vultriage_full_gate_clip_20,0.0,0.0,0.0,0.0,0.0,0.0,1.0,0.08877086757946037,0.08963595589656981
hashing,ffmpeg,0.25,estimated_weight_no_gate_clip_20,0.029217391304347827,0.2614746543778802,0.0,0.06168663594470045,0.30843317972350226,0.3808341810783316,0.6191658189216684,0.18685101368919732,0.2979865252566115
hashing,ffmpeg,0.25,unweighted_mondrian,0.10539130434782608,0.40373271889400925,0.012347826086956518,0.2037327188940092,1.018663594470046,0.7028687690742624,0.2971312309257375,0.18685101368919732,0.2979865252566115
hashing,ffmpeg,0.25,vultriage_full_gate_clip_20,0.0,0.0,0.0,0.0,0.0,0.0,1.0,0.18685101368919732,0.2979865252566115
hashing,ffmpeg,0.5,estimated_weight_no_gate_clip_20,0.049043478260869564,0.2592165898617511,0.0,0.059216589861751136,0.2960829493087557,0.4382095625635809,0.5617904374364191,0.18685101368919732,0.2979865252566115
hashing,ffmpeg,0.5,unweighted_mondrian,0.10086956521739131,0.4014746543778802,0.009391304347826084,0.20147465437788017,1.0073732718894008,0.6930213631739572,0.3069786368260427,0.18685101368919732,0.2979865252566115
hashing,ffmpeg,0.5,vultriage_full_gate_clip_20,0.0,0.0,0.0,0.0,0.0,0.0,1.0,0.18685101368919732,0.2979865252566115
hashing,ffmpeg,0.75,estimated_weight_no_gate_clip_20,0.06886956521739131,0.26225806451612904,0.0,0.06225806451612902,0.31129032258064515,0.4747914547304171,0.5252085452695829,0.18685101368919732,0.2979865252566115
hashing,ffmpeg,0.75,unweighted_mondrian,0.10469565217391304,0.4011981566820277,0.010782608695652169,0.20119815668202765,1.0059907834101383,0.7005900305188199,0.29940996948118004,0.18685101368919732,0.2979865252566115
hashing,ffmpeg,0.75,vultriage_full_gate_clip_20,0.0,0.0,0.0,0.0,0.0,0.0,1.0,0.18685101368919732,0.2979865252566115
hashing,ffmpeg,1.0,estimated_weight_no_gate_clip_20,0.07478260869565218,0.2658986175115208,0.0,0.06589861751152074,0.32949308755760365,0.508646998982706,0.491353001017294,0.18685101368919732,0.2979865252566115
hashing,ffmpeg,1.0,unweighted_mondrian,0.10608695652173912,0.40161290322580645,0.009565217391304342,0.20161290322580644,1.0080645161290323,0.7033570701932859,0.29664292980671414,0.18685101368919732,0.2979865252566115
hashing,ffmpeg,1.0,vultriage_full_gate_clip_20,0.0,0.0,0.0,0.0,0.0,0.0,1.0,0.18685101368919732,0.2979865252566115
hashing,ghostpdl,0.25,estimated_weight_no_gate_clip_20,0.08073394495412846,0.21348973607038121,0.008036697247706422,0.013693059628543489,0.13105616687741573,0.3985159010600707,0.6014840989399294,0.18447960221288187,0.20309615467544329
hashing,ghostpdl,0.25,unweighted_mondrian,0.221651376146789,0.22537634408602153,0.12165137614678899,0.0253763440860215,1.2165137614678898,0.6553003533568905,0.3446996466431095,0.18447960221288187,0.20309615467544329
hashing,ghostpdl,0.25,vultriage_full_gate_clip_20,0.0,0.0,0.0,0.0,0.0,0.0,1.0,0.18447960221288187,0.20309615467544329
hashing,ghostpdl,0.5,estimated_weight_no_gate_clip_20,0.11706422018348624,0.21165200391006841,0.025357798165137616,0.011792766373411525,0.2881279202202552,0.4624028268551237,0.5375971731448763,0.18447960221288187,0.20309615467544329
hashing,ghostpdl,0.5,unweighted_mondrian,0.21100917431192662,0.22404692082111438,0.11100917431192661,0.02404692082111436,1.110091743119266,0.6387632508833923,0.3612367491166078,0.18447960221288187,0.20309615467544329
hashing,ghostpdl,0.5,vultriage_full_gate_clip_20,0.0,0.0,0.0,0.0,0.0,0.0,1.0,0.18447960221288187,0.20309615467544329
hashing,ghostpdl,0.75,estimated_weight_no_gate_clip_20,0.18935779816513762,0.21126099706744866,0.08935779816513761,0.011323558162267832,0.8935779816513761,0.5681272084805653,0.43187279151943464,0.18447960221288187,0.20309615467544329
hashing,ghostpdl,0.75,unweighted_mondrian,0.21321100917431196,0.22392961876832845,0.11321100917431194,0.023929618768328432,1.1321100917431193,0.6479858657243817,0.3520141342756184,0.18447960221288187,0.20309615467544329
hashing,ghostpdl,0.75,vultriage_full_gate_clip_20,0.0,0.0,0.0,0.0,0.0,0.0,1.0,0.18447960221288187,0.20309615467544329
hashing,ghostpdl,1.0,estimated_weight_no_gate_clip_20,0.20550458715596331,0.2121212121212121,0.10550458715596331,0.01212121212121211,1.0550458715596331,0.602826855123675,0.39717314487632505,0.18447960221288187,0.20309615467544329
hashing,ghostpdl,1.0,unweighted_mondrian,0.21651376146788992,0.22424242424242424,0.1165137614678899,0.02424242424242424,1.165137614678899,0.654416961130742,0.3455830388692579,0.18447960221288187,0.20309615467544329
hashing,ghostpdl,1.0,vultriage_full_gate_clip_20,0.0,0.0,0.0,0.0,0.0,0.0,1.0,0.18447960221288187,0.20309615467544329
hashing,imagemagick,0.25,estimated_weight_no_gate_clip_20,0.005733333333333333,0.3189233954451346,0.0,0.11892339544513457,0.5946169772256727,0.47310344827586204,0.526896551724138,0.5492966338752726,0.2551903324507374
hashing,imagemagick,0.25,unweighted_mondrian,0.16386666666666666,0.32364389233954455,0.06386666666666665,0.1236438923395445,0.7878095238095237,0.7573946360153256,0.24260536398467433,0.5492966338752726,0.2551903324507374
hashing,imagemagick,0.25,vultriage_full_gate_clip_20,0.0,0.0,0.0,0.0,0.0,0.0,1.0,0.5492966338752726,0.2551903324507374
hashing,imagemagick,0.5,estimated_weight_no_gate_clip_20,0.0176,0.32728778467908903,0.0,0.12728778467908902,0.636438923395445,0.501404853128991,0.4985951468710089,0.5492966338752726,0.2551903324507374
hashing,imagemagick,0.5,unweighted_mondrian,0.1548,0.3220703933747412,0.054799999999999995,0.12207039337474118,0.7502443064182194,0.7465644955300128,0.25343550446998725,0.5492966338752726,0.2551903324507374
hashing,imagemagick,0.5,vultriage_full_gate_clip_20,0.0,0.0,0.0,0.0,0.0,0.0,1.0,0.5492966338752726,0.2551903324507374
hashing,imagemagick,0.75,estimated_weight_no_gate_clip_20,0.028399999999999998,0.3329192546583851,0.0,0.13291925465838508,0.6645962732919254,0.5215325670498084,0.4784674329501916,0.5492966338752726,0.2551903324507374
hashing,imagemagick,0.75,unweighted_mondrian,0.16213333333333335,0.3217391304347826,0.06213333333333333,0.1217391304347826,0.7749896480331262,0.7549425287356323,0.2450574712643678,0.5492966338752726,0.2551903324507374
hashing,imagemagick,0.75,vultriage_full_gate_clip_20,0.0,0.0,0.0,0.0,0.0,0.0,1.0,0.5492966338752726,0.2551903324507374
hashing,imagemagick,1.0,estimated_weight_no_gate_clip_20,0.04466666666666667,0.3341614906832298,0.0,0.1341614906832298,0.670807453416149,0.5371647509578544,0.46283524904214557,0.5492966338752726,0.2551903324507374
hashing,imagemagick,1.0,unweighted_mondrian,0.1653333333333333,0.32215320910973083,0.06533333333333333,0.12215320910973083,0.7883229813664596,0.7586206896551724,0.24137931034482757,0.5492966338752726,0.2551903324507374
hashing,imagemagick,1.0,vultriage_full_gate_clip_20,0.0,0.0,0.0,0.0,0.0,0.0,1.0,0.5492966338752726,0.2551903324507374
hashing,jasper,0.25,estimated_weight_no_gate_clip_20,0.021477832512315272,0.22133333333333333,0.0,0.02261728395061728,0.11308641975308639,0.3671052631578947,0.6328947368421053,0.4955741159669189,0.2345506332995739
hashing,jasper,0.25,unweighted_mondrian,0.26147783251231527,0.20316049382716048,0.16147783251231526,0.01007407407407407,1.6147783251231527,0.6890131578947368,0.3109868421052632,0.4955741159669189,0.2345506332995739
hashing,jasper,0.25,vultriage_full_gate_clip_20,0.0,0.0,0.0,0.0,0.0,0.0,1.0,0.4955741159669189,0.2345506332995739
hashing,jasper,0.5,estimated_weight_no_gate_clip_20,0.02857142857142857,0.22320987654320987,0.0,0.024296296296296288,0.12148148148148145,0.39921052631578946,0.6007894736842105,0.4955741159669189,0.2345506332995739
hashing,jasper,0.5,unweighted_mondrian,0.2541871921182266,0.20128395061728394,0.1541871921182266,0.009283950617283947,1.541871921182266,0.6765131578947369,0.32348684210526313,0.4955741159669189,0.2345506332995739
hashing,jasper,0.5,vultriage_full_gate_clip_20,0.0,0.0,0.0,0.0,0.0,0.0,1.0,0.4955741159669189,0.2345506332995739
hashing,jasper,0.75,estimated_weight_no_gate_clip_20,0.04630541871921182,0.22360493827160494,0.0,0.024296296296296288,0.12148148148148141,0.46131578947368423,0.5386842105263159,0.4955741159669189,0.2345506332995739
hashing,jasper,0.75,unweighted_mondrian,0.2660098522167488,0.20069135802469135,0.16600985221674874,0.00898765432098765,1.6600985221674875,0.6890131578947368,0.3109868421052632,0.4955741159669189,0.2345506332995739
hashing,jasper,0.75,vultriage_full_gate_clip_20,0.006896551724137932,0.044444444444444446,0.0,0.004641975308641973,0.02320987654320986,0.0856578947368421,0.914342105263158,0.4955741159669189,0.2345506332995739
hashing,jasper,1.0,estimated_weight_no_gate_clip_20,0.07093596059113301,0.22320987654320987,0.0,0.023703703703703692,0.11851851851851845,0.5108552631578948,0.4891447368421053,0.4955741159669189,0.2345506332995739
hashing,jasper,1.0,unweighted_mondrian,0.27290640394088667,0.20197530864197533,0.1729064039408867,0.00938271604938271,1.729064039408867,0.6983552631578948,0.30164473684210524,0.4955741159669189,0.2345506332995739
hashing,jasper,1.0,vultriage_full_gate_clip_20,0.07093596059113301,0.22320987654320987,0.0,0.023703703703703692,0.11851851851851845,0.5108552631578948,0.4891447368421053,0.4955741159669189,0.2345506332995739
hashing,krb5,0.25,estimated_weight_no_gate_clip_20,0.0288135593220339,0.22369973190348524,0.0,0.023764075067024115,0.11882037533512058,0.34281059063136454,0.6571894093686355,0.30115192706391936,0.27070758267116096
hashing,krb5,0.25,unweighted_mondrian,0.19118644067796609,0.2949061662198391,0.0911864406779661,0.09490616621983912,0.9504612168855363,0.6263951120162933,0.3736048879837067,0.30115192706391936,0.27070758267116096
hashing,krb5,0.25,vultriage_full_gate_clip_20,0.0,0.0,0.0,0.0,0.0,0.0,1.0,0.30115192706391936,0.27070758267116096
hashing,krb5,0.5,estimated_weight_no_gate_clip_20,0.04271186440677966,0.22659517426273457,0.0,0.02698123324396782,0.13490616621983909,0.39103869653767825,0.6089613034623218,0.30115192706391936,0.27070758267116096
hashing,krb5,0.5,unweighted_mondrian,0.18338983050847457,0.29168900804289544,0.08338983050847457,0.09168900804289543,0.8915708638160583,0.6133604887983707,0.38663951120162937,0.30115192706391936,0.27070758267116096
hashing,krb5,0.5,vultriage_full_gate_clip_20,0.009152542372881356,0.04278820375335121,0.0,0.0031742627345844486,0.015871313672922244,0.0755193482688391,0.9244806517311609,0.30115192706391936,0.27070758267116096
hashing,krb5,0.75,estimated_weight_no_gate_clip_20,0.10677966101694915,0.22380697050938336,0.019932203389830504,0.023806970509383366,0.2583905121097832,0.5015885947046843,0.4984114052953157,0.30115192706391936,0.27070758267116096
hashing,krb5,0.75,unweighted_mondrian,0.19220338983050847,0.29115281501340484,0.09220338983050846,0.09115281501340482,0.9415822238378696,0.6214256619144602,0.3785743380855397,0.30115192706391936,0.27070758267116096
hashing,krb5,0.75,vultriage_full_gate_clip_20,0.0,0.0,0.0,0.0,0.0,0.0,1.0,0.30115192706391936,0.27070758267116096
hashing,krb5,1.0,estimated_weight_no_gate_clip_20,0.16610169491525426,0.2225201072386059,0.06610169491525424,0.022520107238605886,0.6610169491525423,0.5458248472505092,0.45417515274949083,0.30115192706391936,0.27070758267116096
hashing,krb5,1.0,unweighted_mondrian,0.19152542372881357,0.29168900804289544,0.09152542372881355,0.09168900804289543,0.9194347253146725,0.6232179226069247,0.3767820773930754,0.30115192706391936,0.27070758267116096
hashing,krb5,1.0,vultriage_full_gate_clip_20,0.0,0.0,0.0,0.0,0.0,0.0,1.0,0.30115192706391936,0.27070758267116096
hashing,librsvg,0.25,estimated_weight_no_gate_clip_20,0.04968421052631578,0.2209391304347826,0.0,0.023582608695652166,0.11791304347826083,0.3210149253731343,0.6789850746268656,0.12882677290459688,0.22283384005525453
hashing,librsvg,0.25,unweighted_mondrian,0.5461052631578948,0.17502608695652175,0.4461052631578947,0.0012521739130434762,4.461052631578947,0.6314029850746269,0.3685970149253731,0.12882677290459688,0.22283384005525453
hashing,librsvg,0.25,vultriage_full_gate_clip_20,0.0,0.0,0.0,0.0,0.0,0.0,1.0,0.12882677290459688,0.22283384005525453
hashing,librsvg,0.5,estimated_weight_no_gate_clip_20,0.08505263157894737,0.22156521739130436,0.0014736842105263126,0.023860869565217383,0.12177574370709378,0.35982089552238805,0.640179104477612,0.12882677290459688,0.22283384005525453
hashing,librsvg,0.5,unweighted_mondrian,0.5309473684210526,0.17446956521739132,0.43094736842105263,0.0010434782608695636,4.309473684210526,0.6184477611940299,0.3815522388059701,0.12882677290459688,0.22283384005525453
hashing,librsvg,0.5,vultriage_full_gate_clip_20,0.0,0.0,0.0,0.0,0.0,0.0,1.0,0.12882677290459688,0.22283384005525453
hashing,librsvg,0.75,estimated_weight_no_gate_clip_20,0.14189473684210527,0.22121739130434784,0.04189473684210525,0.022817391304347817,0.4202837528604118,0.4087164179104477,0.5912835820895522,0.12882677290459688,0.22283384005525453
hashing,librsvg,0.75,unweighted_mondrian,0.5465263157894736,0.1744,0.4465263157894737,0.00083478260869565,4.465263157894737,0.631223880597015,0.36877611940298505,0.12882677290459688,0.22283384005525453
hashing,librsvg,0.75,vultriage_full_gate_clip_20,0.0,0.0,0.0,0.0,0.0,0.0,1.0,0.12882677290459688,0.22283384005525453
hashing,librsvg,1.0,estimated_weight_no_gate_clip_20,0.35578947368421054,0.22017391304347825,0.25578947368421057,0.021565217391304344,2.557894736842105,0.508955223880597,0.49104477611940295,0.12882677290459688,0.22283384005525453
hashing,librsvg,1.0,unweighted_mondrian,0.5515789473684211,0.17495652173913043,0.4515789473684211,0.0010434782608695625,4.515789473684211,0.6346268656716417,0.3653731343283582,0.12882677290459688,0.22283384005525453
hashing,librsvg,1.0,vultriage_full_gate_clip_20,0.0,0.0,0.0,0.0,0.0,0.0,1.0,0.12882677290459688,0.22283384005525453
hashing,libtpms,0.25,estimated_weight_no_gate_clip_20,0.0,0.11118110236220473,0.0,0.0,0.0,0.14310204081632652,0.8568979591836735,0.31485274303072525,0.2040324913287017
hashing,libtpms,0.25,unweighted_mondrian,0.0924770642201835,0.1394225721784777,0.03240366972477064,0.0,0.32403669724770645,0.30097959183673473,0.6990204081632654,0.31485274303072525,0.2040324913287017
hashing,libtpms,0.25,vultriage_full_gate_clip_20,0.0,0.0,0.0,0.0,0.0,0.0,1.0,0.31485274303072525,0.2040324913287017
hashing,libtpms,0.5,estimated_weight_no_gate_clip_20,0.0,0.12283464566929134,0.0,0.0,0.0,0.15575510204081633,0.8442448979591837,0.31485274303072525,0.2040324913287017
hashing,libtpms,0.5,unweighted_mondrian,0.07706422018348624,0.13816272965879267,0.023522935779816515,0.0,0.23522935779816515,0.26946938775510204,0.7305306122448979,0.31485274303072525,0.2040324913287017
hashing,libtpms,0.5,vultriage_full_gate_clip_20,0.0,0.0,0.0,0.0,0.0,0.0,1.0,0.31485274303072525,0.2040324913287017
hashing,libtpms,0.75,estimated_weight_no_gate_clip_20,0.0,0.1279790026246719,0.0,0.0,0.0,0.1610612244897959,0.8389387755102041,0.31485274303072525,0.2040324913287017
hashing,libtpms,0.75,unweighted_mondrian,0.09394495412844037,0.13753280839895013,0.029541284403669724,0.0,0.29541284403669726,0.2884081632653061,0.7115918367346938,0.31485274303072525,0.2040324913287017
hashing,libtpms,0.75,vultriage_full_gate_clip_20,0.0,0.0,0.0,0.0,0.0,0.0,1.0,0.31485274303072525,0.2040324913287017
hashing,libtpms,1.0,estimated_weight_no_gate_clip_20,0.0,0.13070866141732285,0.0,0.0,0.0,0.16448979591836735,0.8355102040816327,0.31485274303072525,0.2040324913287017
hashing,libtpms,1.0,unweighted_mondrian,0.09724770642201835,0.13805774278215222,0.031743119266055046,0.0,0.3174311926605505,0.3,0.7,0.31485274303072525,0.2040324913287017
hashing,libtpms,1.0,vultriage_full_gate_clip_20,0.0,0.13070866141732285,0.0,0.0,0.0,0.16448979591836735,0.8355102040816327,0.31485274303072525,0.2040324913287017
hashing,libxml2,0.25,estimated_weight_no_gate_clip_20,0.03235294117647059,0.3081912681912682,0.0,0.10819126819126818,0.5409563409563408,0.4236893203883495,0.5763106796116505,0.1782151210336022,0.3048635310868779
hashing,libxml2,0.25,unweighted_mondrian,0.08941176470588236,0.3904365904365904,0.001058823529411763,0.19043659043659042,0.9521829521829521,0.6960388349514562,0.3039611650485437,0.1782151210336022,0.3048635310868779
hashing,libxml2,0.25,vultriage_full_gate_clip_20,0.0,0.0,0.0,0.0,0.0,0.0,1.0,0.1782151210336022,0.3048635310868779
hashing,libxml2,0.5,estimated_weight_no_gate_clip_20,0.04029411764705882,0.3025987525987526,0.0,0.10259875259875258,0.5129937629937629,0.45916504854368934,0.5408349514563107,0.1782151210336022,0.3048635310868779
hashing,libxml2,0.5,unweighted_mondrian,0.08558823529411765,0.38810810810810814,0.000235294117647058,0.1881081081081081,0.9405405405405405,0.6820388349514563,0.31796116504854366,0.1782151210336022,0.3048635310868779
hashing,libxml2,0.5,vultriage_full_gate_clip_20,0.0058823529411764705,0.05168399168399168,0.0,0.01168399168399168,0.05841995841995841,0.07394174757281553,0.9260582524271845,0.1782151210336022,0.3048635310868779
hashing,libxml2,0.75,estimated_weight_no_gate_clip_20,0.052941176470588235,0.2942619542619543,0.0,0.09426195426195426,0.4713097713097712,0.50873786407767,0.4912621359223301,0.1782151210336022,0.3048635310868779
hashing,libxml2,0.75,unweighted_mondrian,0.08647058823529412,0.3874844074844075,0.000117647058823529,0.18748440748440745,0.9374220374220372,0.6881941747572816,0.31180582524271844,0.1782151210336022,0.3048635310868779
hashing,libxml2,0.75,vultriage_full_gate_clip_20,0.0,0.0,0.0,0.0,0.0,0.0,1.0,0.1782151210336022,0.3048635310868779
hashing,libxml2,1.0,estimated_weight_no_gate_clip_20,0.075,0.295010395010395,0.0,0.095010395010395,0.475051975051975,0.5679611650485437,0.43203883495145634,0.1782151210336022,0.3048635310868779
hashing,libxml2,1.0,unweighted_mondrian,0.08676470588235294,0.3877338877338877,0.0,0.18773388773388772,0.9386694386694385,0.6907766990291262,0.3092233009708738,0.1782151210336022,0.3048635310868779
hashing,libxml2,1.0,vultriage_full_gate_clip_20,0.0,0.0,0.0,0.0,0.0,0.0,1.0,0.1782151210336022,0.3048635310868779
hashing,linux,0.25,estimated_weight_no_gate_clip_20,0.09740105540897098,0.22814368854103953,0.01797097625329815,0.028143688541039526,0.22389291577290663,0.41027512906164587,0.589724870938354,0.15554576188573305,0.13613487563481816
hashing,linux,0.25,unweighted_mondrian,0.42151715039577836,0.10444578232657703,0.3215171503957784,0.0,3.2151715039577833,0.7395554205891284,0.2604445794108715,0.15554576188573305,0.13613487563481816
hashing,linux,0.25,vultriage_full_gate_clip_20,0.0,0.0,0.0,0.0,0.0,0.0,1.0,0.15554576188573305,0.13613487563481816
hashing,linux,0.5,estimated_weight_no_gate_clip_20,0.10773087071240106,0.2319981269650144,0.0267467018469657,0.031998126965014376,0.3508214825746147,0.4500127543273611,0.5499872456726389,0.15554576188573305,0.13613487563481816
hashing,linux,0.5,unweighted_mondrian,0.43592348284960425,0.10366312127901532,0.3359234828496042,0.0,3.359234828496042,0.7532839356210143,0.24671606437898572,0.15554576188573305,0.13613487563481816
hashing,linux,0.5,vultriage_full_gate_clip_20,0.0,0.0,0.0,0.0,0.0,0.0,1.0,0.15554576188573305,0.13613487563481816
hashing,linux,0.75,estimated_weight_no_gate_clip_20,0.1688126649076517,0.23535621111780053,0.07297097625329814,0.03535621111780051,0.7707118362502869,0.5784415426662618,0.42155845733373826,0.15554576188573305,0.13613487563481816
hashing,linux,0.75,unweighted_mondrian,0.4428891820580475,0.10316944277209178,0.34288918205804747,0.0,3.428891820580475,0.7590258123291831,0.24097418767081688,0.15554576188573305,0.13613487563481816
hashing,linux,0.75,vultriage_full_gate_clip_20,0.03902374670184697,0.046940932503846414,0.019023746701846967,0.0069409325038464085,0.19023746701846964,0.12415305192833284,0.8758469480716671,0.15554576188573305,0.13613487563481816
hashing,linux,1.0,estimated_weight_no_gate_clip_20,0.15521108179419524,0.23577496822529934,0.055211081794195246,0.03577496822529934,0.5623019762354714,0.5641907075614941,0.4358092924385059,0.15554576188573305,0.13613487563481816
hashing,linux,1.0,unweighted_mondrian,0.44558047493403696,0.10317078065422436,0.34558047493403693,0.0,3.4558047493403694,0.7627695110841178,0.23723048891588217,0.15554576188573305,0.13613487563481816
hashing,linux,1.0,vultriage_full_gate_clip_20,0.0,0.0,0.0,0.0,0.0,0.0,1.0,0.15554576188573305,0.13613487563481816
hashing,mongo,0.25,estimated_weight_no_gate_clip_20,0.0967857142857143,0.16249701789264415,0.00871428571428571,0.0,0.0871428571428571,0.30821469356680625,0.6917853064331938,0.10467394838509389,0.0966748319280589
hashing,mongo,0.25,unweighted_mondrian,0.40714285714285714,0.07209542743538767,0.3071428571428571,0.0,3.071428571428571,0.6779444232965359,0.322055576703464,0.10467394838509389,0.0966748319280589
hashing,mongo,0.25,vultriage_full_gate_clip_20,0.0,0.0,0.0,0.0,0.0,0.0,1.0,0.10467394838509389,0.0966748319280589
hashing,mongo,0.5,estimated_weight_no_gate_clip_20,0.14035714285714285,0.17011530815109346,0.04121428571428571,0.0,0.4121428571428571,0.3825808907499048,0.6174191092500952,0.10467394838509389,0.0966748319280589
hashing,mongo,0.5,unweighted_mondrian,0.40142857142857147,0.07128429423459244,0.30142857142857143,0.0,3.014285714285714,0.6678644842025123,0.3321355157974876,0.10467394838509389,0.0966748319280589
hashing,mongo,0.5,vultriage_full_gate_clip_20,0.0,0.0,0.0,0.0,0.0,0.0,1.0,0.10467394838509389,0.0966748319280589
hashing,mongo,0.75,estimated_weight_no_gate_clip_20,0.1842857142857143,0.16887475149105366,0.08428571428571428,0.0,0.8428571428571427,0.4436848115721355,0.5563151884278645,0.10467394838509389,0.0966748319280589
hashing,mongo,0.75,unweighted_mondrian,0.41035714285714286,0.07114115308151094,0.31035714285714283,0.0,3.103571428571428,0.6773810430148458,0.3226189569851542,0.10467394838509389,0.0966748319280589
hashing,mongo,0.75,vultriage_full_gate_clip_20,0.0,0.0,0.0,0.0,0.0,0.0,1.0,0.10467394838509389,0.0966748319280589
hashing,mongo,1.0,estimated_weight_no_gate_clip_20,0.225,0.17033797216699803,0.125,0.0,1.2499999999999998,0.504225352112676,0.49577464788732395,0.10467394838509389,0.0966748319280589
hashing,mongo,1.0,unweighted_mondrian,0.41607142857142854,0.07165009940357853,0.31607142857142856,0.0,3.1607142857142856,0.6838979824895318,0.3161020175104682,0.10467394838509389,0.0966748319280589
hashing,mongo,1.0,vultriage_full_gate_clip_20,0.0,0.0,0.0,0.0,0.0,0.0,1.0,0.10467394838509389,0.0966748319280589
hashing,mysql-server,0.25,estimated_weight_no_gate_clip_20,0.029859154929577466,0.21660173160173157,0.0,0.016768398268398255,0.08384199134199127,0.4625325690463783,0.5374674309536217,0.1051329890169303,0.13503853046861372
hashing,mysql-server,0.25,unweighted_mondrian,0.1428169014084507,0.16156926406926406,0.042816901408450694,0.0,0.4281690140845069,0.7893590411672746,0.21064095883272535,0.1051329890169303,0.13503853046861372
hashing,mysql-server,0.25,vultriage_full_gate_clip_20,0.0,0.0,0.0,0.0,0.0,0.0,1.0,0.1051329890169303,0.13503853046861372
hashing,mysql-server,0.5,estimated_weight_no_gate_clip_20,0.04507042253521127,0.21364718614718614,0.0,0.013867965367965356,0.06933982683982678,0.5496195935383011,0.4503804064616988,0.1051329890169303,0.13503853046861372
hashing,mysql-server,0.5,unweighted_mondrian,0.1332394366197183,0.16049783549783547,0.03329577464788731,0.0,0.3329577464788731,0.7777696717040125,0.22223032829598752,0.1051329890169303,0.13503853046861372
hashing,mysql-server,0.5,vultriage_full_gate_clip_20,0.016619718309859154,0.08495670995670995,0.0,0.005067099567099562,0.025335497835497812,0.21063053673788432,0.7893694632621157,0.1051329890169303,0.13503853046861372
hashing,mysql-server,0.75,estimated_weight_no_gate_clip_20,0.061971830985915494,0.21221861471861472,0.0,0.01225324675324674,0.06126623376623371,0.6494111516414799,0.35058884835852006,0.1051329890169303,0.13503853046861372
hashing,mysql-server,0.75,unweighted_mondrian,0.13408450704225353,0.16044372294372294,0.03408450704225351,0.0,0.34084507042253515,0.7830849400729547,0.21691505992704535,0.1051329890169303,0.13503853046861372
hashing,mysql-server,0.75,vultriage_full_gate_clip_20,0.061971830985915494,0.21221861471861472,0.0,0.01225324675324674,0.06126623376623371,0.6494111516414799,0.35058884835852006,0.1051329890169303,0.13503853046861372
hashing,mysql-server,1.0,estimated_weight_no_gate_clip_20,0.07464788732394366,0.21341991341991343,0.0,0.01341991341991341,0.06709956709956705,0.6953100573215216,0.3046899426784784,0.1051329890169303,0.13503853046861372
hashing,mysql-server,1.0,unweighted_mondrian,0.13943661971830987,0.16066017316017317,0.03943661971830985,0.0,0.3943661971830985,0.7878582595101615,0.21214174048983847,0.1051329890169303,0.13503853046861372
hashing,mysql-server,1.0,vultriage_full_gate_clip_20,0.07464788732394366,0.21341991341991343,0.0,0.01341991341991341,0.06709956709956705,0.6953100573215216,0.3046899426784784,0.1051329890169303,0.13503853046861372
hashing,net,0.25,estimated_weight_no_gate_clip_20,0.06275862068965517,0.15662337662337664,0.00013793103448275833,0.0,0.0013793103448275835,0.480707182320442,0.519292817679558,0.2144945748624617,0.18048540403560245
hashing,net,0.25,unweighted_mondrian,0.09896551724137931,0.21024793388429752,0.0031034482758620667,0.011829988193624548,0.07743109555021775,0.6924640883977901,0.30753591160220994,0.2144945748624617,0.18048540403560245
hashing,net,0.25,vultriage_full_gate_clip_20,0.0,0.0,0.0,0.0,0.0,0.0,1.0,0.2144945748624617,0.18048540403560245
hashing,net,0.5,estimated_weight_no_gate_clip_20,0.08586206896551724,0.15369539551357733,0.0022068965517241367,0.0,0.02206896551724137,0.5353149171270718,0.4646850828729282,0.2144945748624617,0.18048540403560245
hashing,net,0.5,unweighted_mondrian,0.09586206896551724,0.20835891381345928,0.0014482758620689635,0.010625737898465161,0.06071489638887753,0.674939226519337,0.325060773480663,0.2144945748624617,0.18048540403560245
hashing,net,0.5,vultriage_full_gate_clip_20,0.041379310344827586,0.06314049586776858,0.0022068965517241367,0.0,0.02206896551724137,0.26081767955801105,0.7391823204419891,0.2144945748624617,0.18048540403560245
hashing,net,0.75,estimated_weight_no_gate_clip_20,0.09517241379310346,0.15506493506493504,0.002689655172413792,0.0,0.026896551724137917,0.5816132596685083,0.41838674033149176,0.2144945748624617,0.18048540403560245
hashing,net,0.75,unweighted_mondrian,0.09689655172413794,0.20814639905548998,0.0015172413793103417,0.010696576151121597,0.060379432479745906,0.6887513812154696,0.3112486187845304,0.2144945748624617,0.18048540403560245
hashing,net,0.75,vultriage_full_gate_clip_20,0.09517241379310346,0.15506493506493504,0.002689655172413792,0.0,0.026896551724137917,0.5816132596685083,0.41838674033149176,0.2144945748624617,0.18048540403560245
hashing,net,1.0,estimated_weight_no_gate_clip_20,0.09655172413793103,0.15478158205430934,0.0006896551724137917,0.0,0.006896551724137917,0.6203314917127072,0.37966850828729276,0.2144945748624617,0.18048540403560245
hashing,net,1.0,unweighted_mondrian,0.09655172413793103,0.20838252656434475,0.0013793103448275835,0.010956316410861859,0.06167813377844721,0.6954696132596685,0.3045303867403315,0.2144945748624617,0.18048540403560245
hashing,net,1.0,vultriage_full_gate_clip_20,0.09655172413793103,0.15478158205430934,0.0006896551724137917,0.0,0.006896551724137917,0.6203314917127072,0.37966850828729276,0.2144945748624617,0.18048540403560245
hashing,openssl,0.25,estimated_weight_no_gate_clip_20,0.07575221238938053,0.30085027726432534,0.0,0.1008502772643253,0.5042513863216266,0.5368014705882352,0.4631985294117647,0.29354063348694837,0.26249963798820075
hashing,openssl,0.25,unweighted_mondrian,0.12339823008849557,0.3255664114074465,0.02339823008849557,0.1255664114074465,0.6283111997027557,0.7460661764705883,0.2539338235294118,0.29354063348694837,0.26249963798820075
hashing,openssl,0.25,vultriage_full_gate_clip_20,0.0,0.0,0.0,0.0,0.0,0.0,1.0,0.29354063348694837,0.26249963798820075
hashing,openssl,0.5,estimated_weight_no_gate_clip_20,0.0952212389380531,0.30124108793240034,0.0030088495575221214,0.1012410879324003,0.5062054396620015,0.6030974264705883,0.3969025735294117,0.29354063348694837,0.26249963798820075
hashing,openssl,0.5,unweighted_mondrian,0.11915044247787611,0.3244573541061526,0.019150442477876103,0.12445735410615262,0.6222867705307631,0.735064338235294,0.26493566176470584,0.29354063348694837,0.26249963798820075
hashing,openssl,0.5,vultriage_full_gate_clip_20,0.03624778761061947,0.11959862688143648,0.0,0.039598626881436484,0.19799313440718241,0.23373161764705885,0.7662683823529411,0.29354063348694837,0.26249963798820075
hashing,openssl,0.75,estimated_weight_no_gate_clip_20,0.10562831858407079,0.2987905994190652,0.0064424778761061905,0.0987905994190652,0.49395299709532603,0.65140625,0.34859375,0.29354063348694837,0.26249963798820075
hashing,openssl,0.75,unweighted_mondrian,0.12198230088495576,0.3242144177449168,0.02198230088495575,0.12421441774491682,0.621072088724584,0.7420496323529412,0.25795036764705886,0.29354063348694837,0.26249963798820075
hashing,openssl,0.75,vultriage_full_gate_clip_20,0.10562831858407079,0.2987905994190652,0.0064424778761061905,0.0987905994190652,0.49395299709532603,0.65140625,0.34859375,0.29354063348694837,0.26249963798820075
hashing,openssl,1.0,estimated_weight_no_gate_clip_20,0.11575221238938052,0.2983364140480591,0.015752212389380526,0.09833641404805914,0.49168207024029564,0.6833639705882354,0.3166360294117647,0.29354063348694837,0.26249963798820075
hashing,openssl,1.0,unweighted_mondrian,0.12389380530973451,0.3248481647742276,0.02389380530973451,0.1248481647742276,0.6242408238711379,0.7475643382352941,0.2524356617647059,0.29354063348694837,0.26249963798820075
hashing,openssl,1.0,vultriage_full_gate_clip_20,0.11575221238938052,0.2983364140480591,0.015752212389380526,0.09833641404805914,0.49168207024029564,0.6833639705882354,0.3166360294117647,0.29354063348694837,0.26249963798820075
hashing,php,0.25,estimated_weight_no_gate_clip_20,0.08294617563739377,0.1394133991972831,0.0,0.0,0.0,0.34089086859688195,0.6591091314031181,0.21936273451489782,0.1681757372812012
hashing,php,0.25,unweighted_mondrian,0.1755240793201133,0.17076875578882372,0.0755240793201133,0.0,0.755240793201133,0.6539977728285078,0.3460022271714922,0.21936273451489782,0.1681757372812012
hashing,php,0.25,vultriage_full_gate_clip_20,0.0,0.0,0.0,0.0,0.0,0.0,1.0,0.21936273451489782,0.1681757372812012
hashing,php,0.5,estimated_weight_no_gate_clip_20,0.10753541076487252,0.14000617474529176,0.009473087818696877,0.0,0.09473087818696879,0.38915367483296215,0.6108463251670379,0.21936273451489782,0.1681757372812012
hashing,php,0.5,unweighted_mondrian,0.16645892351274788,0.16969435010805803,0.06645892351274788,0.0,0.6645892351274787,0.6415812917594654,0.3584187082405345,0.21936273451489782,0.1681757372812012
hashing,php,0.5,vultriage_full_gate_clip_20,0.10753541076487252,0.14000617474529176,0.009473087818696877,0.0,0.09473087818696879,0.38915367483296215,0.6108463251670379,0.21936273451489782,0.1681757372812012
hashing,php,0.75,estimated_weight_no_gate_clip_20,0.12623229461756375,0.13926520531028094,0.026232294617563733,0.0,0.26232294617563734,0.49158129175946547,0.5084187082405345,0.21936273451489782,0.1681757372812012
hashing,php,0.75,unweighted_mondrian,0.17201133144475922,0.1688175362766286,0.0720113314447592,0.0,0.720113314447592,0.6488418708240534,0.3511581291759465,0.21936273451489782,0.1681757372812012
hashing,php,0.75,vultriage_full_gate_clip_20,0.12623229461756375,0.13926520531028094,0.026232294617563733,0.0,0.26232294617563734,0.49158129175946547,0.5084187082405345,0.21936273451489782,0.1681757372812012
hashing,php,1.0,estimated_weight_no_gate_clip_20,0.14447592067988668,0.13911701142327879,0.04447592067988669,0.0,0.4447592067988668,0.5631403118040089,0.43685968819599114,0.21936273451489782,0.1681757372812012
hashing,php,1.0,unweighted_mondrian,0.17677053824362607,0.16931151589996912,0.07677053824362606,0.0,0.7677053824362605,0.6572383073496659,0.34276169265033407,0.21936273451489782,0.1681757372812012
hashing,php,1.0,vultriage_full_gate_clip_20,0.14447592067988668,0.13911701142327879,0.04447592067988669,0.0,0.4447592067988668,0.5631403118040089,0.43685968819599114,0.21936273451489782,0.1681757372812012
hashing,postgres,0.25,estimated_weight_no_gate_clip_20,0.033506493506493505,0.21305589555283558,0.0,0.014390860873113006,0.07195430436556503,0.36866026871401153,0.6313397312859884,0.14863700469835656,0.17910157381476563
hashing,postgres,0.25,unweighted_mondrian,0.14077922077922078,0.21884944920440635,0.04077922077922077,0.019453284373725,0.4098925961839058,0.725451055662188,0.2745489443378119,0.14863700469835656,0.17910157381476563
hashing,postgres,0.25,vultriage_full_gate_clip_20,0.0,0.0,0.0,0.0,0.0,0.0,1.0,0.14863700469835656,0.17910157381476563
hashing,postgres,0.5,estimated_weight_no_gate_clip_20,0.06961038961038961,0.21135862913096695,0.0004675324675324677,0.012778457772337812,0.06391666269267243,0.42602687140115164,0.5739731285988483,0.14863700469835656,0.17910157381476563
hashing,postgres,0.5,unweighted_mondrian,0.1335064935064935,0.2166952264381885,0.0335064935064935,0.017625458996328024,0.3404971201788826,0.7082533589251441,0.29174664107485604,0.14863700469835656,0.17910157381476563
hashing,postgres,0.5,vultriage_full_gate_clip_20,0.06961038961038961,0.21135862913096695,0.0004675324675324677,0.012778457772337812,0.06391666269267243,0.42602687140115164,0.5739731285988483,0.14863700469835656,0.17910157381476563
hashing,postgres,0.75,estimated_weight_no_gate_clip_20,0.09662337662337663,0.211015911872705,0.007272727272727269,0.01258261933904528,0.1060198063870034,0.6083071017274473,0.39169289827255277,0.14863700469835656,0.17910157381476563
hashing,postgres,0.75,unweighted_mondrian,0.13818181818181818,0.21614035087719297,0.03818181818181818,0.017250101999184,0.3818181818181817,0.7154395393474089,0.28456046065259116,0.14863700469835656,0.17910157381476563
hashing,postgres,0.75,vultriage_full_gate_clip_20,0.09662337662337663,0.211015911872705,0.007272727272727269,0.01258261933904528,0.1060198063870034,0.6083071017274473,0.39169289827255277,0.14863700469835656,0.17910157381476563
hashing,postgres,1.0,estimated_weight_no_gate_clip_20,0.11168831168831168,0.2109343125254998,0.0135064935064935,0.012909016727866169,0.1605652609324579,0.6579654510556623,0.3420345489443378,0.14863700469835656,0.17910157381476563
hashing,postgres,1.0,unweighted_mondrian,0.14025974025974025,0.21672786617707057,0.04025974025974025,0.017804977560179513,0.40259740259740245,0.7213051823416506,0.27869481765834936,0.14863700469835656,0.17910157381476563
hashing,postgres,1.0,vultriage_full_gate_clip_20,0.11168831168831168,0.2109343125254998,0.0135064935064935,0.012909016727866169,0.1605652609324579,0.6579654510556623,0.3420345489443378,0.14863700469835656,0.17910157381476563
hashing,qemu,0.25,estimated_weight_no_gate_clip_20,0.05763313609467456,0.1331533101045296,2.3668639053254224e-05,0.0,0.00023668639053254226,0.31296886864085044,0.6870311313591496,0.2251417135224675,0.1520128536612491
hashing,qemu,0.25,unweighted_mondrian,0.37905325443786986,0.10639372822299652,0.2790532544378698,0.0,2.790532544378698,0.7197873955960516,0.28021260440394835,0.2251417135224675,0.1520128536612491
hashing,qemu,0.25,vultriage_full_gate_clip_20,0.0,0.0,0.0,0.0,0.0,0.0,1.0,0.2251417135224675,0.1520128536612491
hashing,qemu,0.5,estimated_weight_no_gate_clip_20,0.10603550295857989,0.13351916376306622,0.016402366863905324,0.0,0.1640236686390532,0.41769172361427487,0.5823082763857251,0.2251417135224675,0.1520128536612491
hashing,qemu,0.5,unweighted_mondrian,0.3692307692307692,0.10566202090592335,0.2692307692307692,0.0,2.692307692307692,0.7100075930144267,0.28999240698557327,0.2251417135224675,0.1520128536612491
hashing,qemu,0.5,vultriage_full_gate_clip_20,0.016568047337278107,0.02620209059233449,0.0,0.0,0.0,0.0733485193621868,0.9266514806378132,0.2251417135224675,0.1520128536612491
hashing,qemu,0.75,estimated_weight_no_gate_clip_20,0.15857988165680473,0.13517421602787455,0.05857988165680473,0.0,0.5857988165680473,0.5518299164768413,0.4481700835231587,0.2251417135224675,0.1520128536612491
hashing,qemu,0.75,unweighted_mondrian,0.37810650887573966,0.10576655052264808,0.2781065088757396,0.0,2.781065088757396,0.7188762338648443,0.28112376613515566,0.2251417135224675,0.1520128536612491
hashing,qemu,0.75,vultriage_full_gate_clip_20,0.054792899408284024,0.05449477351916376,0.014792899408284021,0.0,0.14792899408284022,0.20546697038724374,0.7945330296127563,0.2251417135224675,0.1520128536612491
hashing,qemu,1.0,estimated_weight_no_gate_clip_20,0.21242603550295858,0.13440766550522648,0.11242603550295857,0.0,1.1242603550295858,0.6245254365983296,0.37547456340167046,0.2251417135224675,0.1520128536612491
hashing,qemu,1.0,unweighted_mondrian,0.3846153846153846,0.10601045296167248,0.28461538461538466,0.0,2.8461538461538463,0.7266514806378133,0.2733485193621868,0.2251417135224675,0.1520128536612491
hashing,qemu,1.0,vultriage_full_gate_clip_20,0.0,0.0,0.0,0.0,0.0,0.0,1.0,0.2251417135224675,0.1520128536612491
hashing,qpdf,0.25,estimated_weight_no_gate_clip_20,0.06470588235294118,0.21128137384412152,0.000235294117647058,0.014652575957727865,0.07401662910871082,0.3848600223964166,0.6151399776035834,0.2916036286681939,0.16914495883151937
hashing,qpdf,0.25,unweighted_mondrian,0.27308823529411763,0.15733157199471598,0.17308823529411765,0.0,1.7308823529411763,0.7392161254199329,0.2607838745800672,0.2916036286681939,0.16914495883151937
hashing,qpdf,0.25,vultriage_full_gate_clip_20,0.0,0.0,0.0,0.0,0.0,0.0,1.0,0.2916036286681939,0.16914495883151937
hashing,qpdf,0.5,estimated_weight_no_gate_clip_20,0.0901470588235294,0.2176221928665786,0.005441176470588231,0.01839894319682958,0.12780752195197756,0.42611422172452407,0.5738857782754759,0.2916036286681939,0.16914495883151937
hashing,qpdf,0.5,unweighted_mondrian,0.27088235294117646,0.15569352708058123,0.17088235294117646,0.0,1.7088235294117646,0.7338633818589025,0.2661366181410974,0.2916036286681939,0.16914495883151937
hashing,qpdf,0.5,vultriage_full_gate_clip_20,0.0,0.0,0.0,0.0,0.0,0.0,1.0,0.2916036286681939,0.16914495883151937
hashing,qpdf,0.75,estimated_weight_no_gate_clip_20,0.1275,0.22317040951122852,0.027705882352941167,0.023170409511228524,0.30154440904499175,0.4748040313549832,0.5251959686450168,0.2916036286681939,0.16914495883151937
hashing,qpdf,0.75,unweighted_mondrian,0.2723529411764706,0.15556142668428005,0.17235294117647057,0.0,1.7235294117647055,0.7362374020156774,0.2637625979843225,0.2916036286681939,0.16914495883151937
hashing,qpdf,0.75,vultriage_full_gate_clip_20,0.0,0.0,0.0,0.0,0.0,0.0,1.0,0.2916036286681939,0.16914495883151937
hashing,qpdf,1.0,estimated_weight_no_gate_clip_20,0.16691176470588234,0.22338177014531044,0.06691176470588235,0.02338177014531042,0.6691176470588235,0.6071668533034714,0.3928331466965285,0.2916036286681939,0.16914495883151937
hashing,qpdf,1.0,unweighted_mondrian,0.27794117647058825,0.15627476882430646,0.1779411764705882,0.0,1.7794117647058822,0.746696528555431,0.2533034714445689,0.2916036286681939,0.16914495883151937
hashing,qpdf,1.0,vultriage_full_gate_clip_20,0.0,0.0,0.0,0.0,0.0,0.0,1.0,0.2916036286681939,0.16914495883151937
hashing,radare2,0.25,estimated_weight_no_gate_clip_20,0.06166666666666666,0.22477115117891816,0.0,0.02516504854368931,0.12582524271844656,0.33448447204968945,0.6655155279503105,0.18974891566730648,0.20911411387563292
hashing,radare2,0.25,unweighted_mondrian,0.20357142857142857,0.23900138696255202,0.10357142857142856,0.039001386962551995,1.0357142857142856,0.6871552795031056,0.31284472049689444,0.18974891566730648,0.20911411387563292
hashing,radare2,0.25,vultriage_full_gate_clip_20,0.0,0.0,0.0,0.0,0.0,0.0,1.0,0.18974891566730648,0.20911411387563292
hashing,radare2,0.5,estimated_weight_no_gate_clip_20,0.075,0.22668515950069348,0.0011904761904761884,0.02670735090152564,0.13861303744798883,0.37180124223602484,0.6281987577639752,0.18974891566730648,0.20911411387563292
hashing,radare2,0.5,unweighted_mondrian,0.19761904761904764,0.23764216366158114,0.0976190476190476,0.03764216366158112,0.976190476190476,0.6765962732919255,0.32340372670807455,0.18974891566730648,0.20911411387563292
hashing,radare2,0.5,vultriage_full_gate_clip_20,0.01880952380952381,0.04615811373092926,0.00014285714285714235,0.006158113730929262,0.03079056865464631,0.08146583850931677,0.9185341614906832,0.18974891566730648,0.20911411387563292
hashing,radare2,0.75,estimated_weight_no_gate_clip_20,0.09357142857142858,0.22654646324549238,0.0043333333333333305,0.026557558945908447,0.14486823855755887,0.4088198757763975,0.5911801242236026,0.18974891566730648,0.20911411387563292
hashing,radare2,0.75,unweighted_mondrian,0.20428571428571426,0.23739251040221912,0.10428571428571427,0.03739251040221912,1.0428571428571427,0.6867577639751553,0.31324223602484474,0.18974891566730648,0.20911411387563292
hashing,radare2,0.75,vultriage_full_gate_clip_20,0.09357142857142858,0.22654646324549238,0.0043333333333333305,0.026557558945908447,0.14486823855755887,0.4088198757763975,0.5911801242236026,0.18974891566730648,0.20911411387563292
hashing,radare2,1.0,estimated_weight_no_gate_clip_20,0.10238095238095238,0.22690707350901526,0.004285714285714282,0.026907073509015243,0.14158576051779928,0.44037267080745335,0.5596273291925465,0.18974891566730648,0.20911411387563292
hashing,radare2,1.0,unweighted_mondrian,0.20952380952380953,0.23814147018030515,0.10952380952380951,0.038141470180305115,1.0952380952380951,0.6949068322981367,0.3050931677018634,0.18974891566730648,0.20911411387563292
hashing,radare2,1.0,vultriage_full_gate_clip_20,0.10238095238095238,0.22690707350901526,0.004285714285714282,0.026907073509015243,0.14158576051779928,0.44037267080745335,0.5596273291925465,0.18974891566730648,0.20911411387563292
hashing,samba,0.25,estimated_weight_no_gate_clip_20,0.009914529914529915,0.13613882863340565,0.0,0.0,0.0,0.2630290668026517,0.7369709331973483,0.14864428871486798,0.13045920631299923
hashing,samba,0.25,unweighted_mondrian,0.27726495726495726,0.1253579175704989,0.17726495726495725,0.0,1.7726495726495726,0.7279551249362569,0.272044875063743,0.14864428871486798,0.13045920631299923
hashing,samba,0.25,vultriage_full_gate_clip_20,0.0,0.0,0.0,0.0,0.0,0.0,1.0,0.14864428871486798,0.13045920631299923
hashing,samba,0.5,estimated_weight_no_gate_clip_20,0.012307692307692308,0.13733188720173536,0.0,0.0,0.0,0.2974808771035186,0.7025191228964813,0.14864428871486798,0.13045920631299923
hashing,samba,0.5,unweighted_mondrian,0.2553846153846154,0.1245770065075922,0.15538461538461537,0.0,1.5538461538461537,0.7126160122386537,0.28738398776134627,0.14864428871486798,0.13045920631299923
hashing,samba,0.5,vultriage_full_gate_clip_20,0.0,0.0,0.0,0.0,0.0,0.0,1.0,0.14864428871486798,0.13045920631299923
hashing,samba,0.75,estimated_weight_no_gate_clip_20,0.0252991452991453,0.13700650759219088,0.0,0.0,0.0,0.35473737888832224,0.6452626211116776,0.14864428871486798,0.13045920631299923
hashing,samba,0.75,unweighted_mondrian,0.2635897435897436,0.1243167028199566,0.16358974358974357,0.0,1.6358974358974356,0.7205303416624171,0.27946965833758286,0.14864428871486798,0.13045920631299923
hashing,samba,0.75,vultriage_full_gate_clip_20,0.003418803418803419,0.027440347071583514,0.0,0.0,0.0,0.06457929627740949,0.9354207037225905,0.14864428871486798,0.13045920631299923
hashing,samba,1.0,estimated_weight_no_gate_clip_20,0.04957264957264958,0.13741865509761386,0.0,0.0,0.0,0.48587455379908207,0.5141254462009179,0.14864428871486798,0.13045920631299923
hashing,samba,1.0,unweighted_mondrian,0.2735042735042735,0.12462039045553146,0.1735042735042735,0.0,1.7350427350427347,0.7298317185109637,0.2701682814890362,0.14864428871486798,0.13045920631299923
hashing,samba,1.0,vultriage_full_gate_clip_20,0.04957264957264958,0.13741865509761386,0.0,0.0,0.0,0.48587455379908207,0.5141254462009179,0.14864428871486798,0.13045920631299923
hashing,tcpdump,0.25,estimated_weight_no_gate_clip_20,0.004401913875598086,0.3957990867579908,0.0,0.19579908675799082,0.9789954337899541,0.4533644859813084,0.5466355140186916,0.5411124141007205,0.30531695487842464
hashing,tcpdump,0.25,unweighted_mondrian,0.1289952153110048,0.46502283105022824,0.03295693779904305,0.2650228310502283,1.3251141552511414,0.6780373831775701,0.3219626168224299,0.5411124141007205,0.30531695487842464
hashing,tcpdump,0.25,vultriage_full_gate_clip_20,0.0,0.0,0.0,0.0,0.0,0.0,1.0,0.5411124141007205,0.30531695487842464
hashing,tcpdump,0.5,estimated_weight_no_gate_clip_20,0.004593301435406698,0.4063926940639269,0.0,0.20639269406392693,1.0319634703196343,0.4666355140186916,0.5333644859813085,0.5411124141007205,0.30531695487842464
hashing,tcpdump,0.5,unweighted_mondrian,0.12344497607655501,0.46374429223744285,0.02757894736842105,0.2637442922374429,1.3187214611872144,0.6712149532710281,0.3287850467289719,0.5411124141007205,0.30531695487842464
hashing,tcpdump,0.5,vultriage_full_gate_clip_20,0.0,0.0,0.0,0.0,0.0,0.0,1.0,0.5411124141007205,0.30531695487842464
hashing,tcpdump,0.75,estimated_weight_no_gate_clip_20,0.005741626794258373,0.41534246575342465,0.0,0.2153424657534246,1.0767123287671232,0.4771028037383178,0.5228971962616822,0.5411124141007205,0.30531695487842464
hashing,tcpdump,0.75,unweighted_mondrian,0.13052631578947368,0.46356164383561643,0.03217224880382775,0.2635616438356164,1.317808219178082,0.6778504672897196,0.32214953271028035,0.5411124141007205,0.30531695487842464
hashing,tcpdump,0.75,vultriage_full_gate_clip_20,0.0,0.0,0.0,0.0,0.0,0.0,1.0,0.5411124141007205,0.30531695487842464
hashing,tcpdump,1.0,estimated_weight_no_gate_clip_20,0.005741626794258373,0.41278538812785387,0.0,0.21278538812785386,1.063926940639269,0.4771028037383178,0.5228971962616823,0.5411124141007205,0.30531695487842464
hashing,tcpdump,1.0,unweighted_mondrian,0.13492822966507176,0.46392694063926937,0.03492822966507176,0.26392694063926936,1.319634703196347,0.6836448598130842,0.3163551401869159,0.5411124141007205,0.30531695487842464
hashing,tcpdump,1.0,vultriage_full_gate_clip_20,0.005741626794258373,0.41278538812785387,0.0,0.21278538812785386,1.063926940639269,0.4771028037383178,0.5228971962616823,0.5411124141007205,0.30531695487842464
hashing,tensorflow,0.25,estimated_weight_no_gate_clip_20,0.017899543378995433,0.1808128628852166,0.0,0.0017293434569004007,0.008646717284502003,0.288382517743743,0.711617482256257,0.31006192037138874,0.1457754142138568
hashing,tensorflow,0.25,unweighted_mondrian,0.3039269406392694,0.0827690933452434,0.2039269406392694,0.0,2.0392694063926937,0.6968098617855809,0.30319013821441915,0.31006192037138874,0.1457754142138568
hashing,tensorflow,0.25,vultriage_full_gate_clip_20,0.0,0.0,0.0,0.0,0.0,0.0,1.0,0.31006192037138874,0.1457754142138568
hashing,tensorflow,0.5,estimated_weight_no_gate_clip_20,0.02602739726027397,0.18517195176418044,0.0,0.002429656096471637,0.012148280482358187,0.3360926410160628,0.6639073589839373,0.31006192037138874,0.1457754142138568
hashing,tensorflow,0.5,unweighted_mondrian,0.2937899543378995,0.08119696292987941,0.19378995433789953,0.0,1.9378995433789954,0.68762047067613,0.31237952932387,0.31006192037138874,0.1457754142138568
hashing,tensorflow,0.5,vultriage_full_gate_clip_20,0.0,0.0,0.0,0.0,0.0,0.0,1.0,0.31006192037138874,0.1457754142138568
hashing,tensorflow,0.75,estimated_weight_no_gate_clip_20,0.030684931506849315,0.18540419830281377,0.0,0.0021616793211255004,0.010808396605627501,0.3679491968621591,0.6320508031378409,0.31006192037138874,0.1457754142138568
hashing,tensorflow,0.75,unweighted_mondrian,0.3001826484018265,0.08094685127288968,0.20018264840182648,0.0,2.001826484018265,0.6935823683227494,0.30641763167725067,0.31006192037138874,0.1457754142138568
hashing,tensorflow,0.75,vultriage_full_gate_clip_20,0.030684931506849315,0.18540419830281377,0.0,0.0021616793211255004,0.010808396605627501,0.3679491968621591,0.6320508031378409,0.31006192037138874,0.1457754142138568
hashing,tensorflow,1.0,estimated_weight_no_gate_clip_20,0.03333333333333333,0.18695846359982135,0.0,0.0023403305046895916,0.011701652523447958,0.39910347403810237,0.6008965259618977,0.31006192037138874,0.1457754142138568
hashing,tensorflow,1.0,unweighted_mondrian,0.30776255707762556,0.08110763733809737,0.20776255707762556,0.0,2.0776255707762554,0.6986178558087411,0.30138214419125886,0.31006192037138874,0.1457754142138568
hashing,tensorflow,1.0,vultriage_full_gate_clip_20,0.03333333333333333,0.18695846359982135,0.0,0.0023403305046895916,0.011701652523447958,0.39910347403810237,0.6008965259618977,0.31006192037138874,0.1457754142138568
hashing,vim,0.25,estimated_weight_no_gate_clip_20,0.026551724137931037,0.22224489795918367,0.0,0.02224489795918366,0.1112244897959183,0.3399214659685864,0.6600785340314137,0.08292284080007782,0.18874646122584504
hashing,vim,0.25,unweighted_mondrian,0.2868965517241379,0.21570068027210884,0.18689655172413794,0.01570068027210883,1.868965517241379,0.6813089005235602,0.31869109947643975,0.08292284080007782,0.18874646122584504
hashing,vim,0.25,vultriage_full_gate_clip_20,0.0,0.0,0.0,0.0,0.0,0.0,1.0,0.08292284080007782,0.18874646122584504
hashing,vim,0.5,estimated_weight_no_gate_clip_20,0.05103448275862069,0.22276190476190474,0.0,0.02276190476190475,0.11380952380952375,0.39410994764397905,0.6058900523560209,0.08292284080007782,0.18874646122584504
hashing,vim,0.5,unweighted_mondrian,0.2806896551724138,0.21439455782312927,0.18068965517241378,0.01443537414965985,1.8068965517241378,0.6711125654450263,0.3288874345549738,0.08292284080007782,0.18874646122584504
hashing,vim,0.5,vultriage_full_gate_clip_20,0.0,0.0,0.0,0.0,0.0,0.0,1.0,0.08292284080007782,0.18874646122584504
hashing,vim,0.75,estimated_weight_no_gate_clip_20,0.09379310344827585,0.2220952380952381,0.003310344827586205,0.022095238095238088,0.11559465165376491,0.4392146596858639,0.5607853403141361,0.08292284080007782,0.18874646122584504
hashing,vim,0.75,unweighted_mondrian,0.28586206896551725,0.21380952380952378,0.1858620689655172,0.013836734693877539,1.858620689655172,0.6804188481675392,0.3195811518324607,0.08292284080007782,0.18874646122584504
hashing,vim,0.75,vultriage_full_gate_clip_20,0.05586206896551724,0.13342857142857142,0.0026206896551724135,0.013428571428571422,0.07226131832043159,0.26486910994764395,0.735130890052356,0.08292284080007782,0.18874646122584504
hashing,vim,1.0,estimated_weight_no_gate_clip_20,0.15172413793103448,0.22306122448979593,0.051724137931034475,0.023061224489795907,0.5172413793103448,0.5087041884816754,0.49129581151832463,0.08292284080007782,0.18874646122584504
hashing,vim,1.0,unweighted_mondrian,0.2879310344827586,0.2145578231292517,0.1879310344827586,0.014557823129251685,1.879310344827586,0.6866492146596859,0.31335078534031413,0.08292284080007782,0.18874646122584504
hashing,vim,1.0,vultriage_full_gate_clip_20,0.15172413793103448,0.22306122448979593,0.051724137931034475,0.023061224489795907,0.5172413793103448,0.5087041884816754,0.49129581151832463,0.08292284080007782,0.18874646122584504
